smsa,year,total_units,private_total,private_1_unit,private_2_units,private_3_4_units,private_5plus_units,public_units,private_structures,total_valuation,private_valuation,private_1_unit_val,private_2_units_val,private_3_4_units_val,private_5plus_units_val,public_valuation,states,primary_state,adoption_year,event_year,treat
"ABILENE, TEX",1967,247,247,95,2,0,150,0,6,3323,3323,1929,14,0,1380,0,TX,TX,Inf,-Inf,0
"AKRON, OHIO",1967,4732,4732,2289,540,159,1744,0,106,74610,74610,48831,5734,1567,18478,0,OH,OH,Inf,-Inf,0
"ALBANY, GA",1967,472,472,339,71,0,62,0,11,5335,5335,4627,278,0,430,0,GA,GA,1991,-24,0
"ALBANY-SCHENECTADY-TROY, NY",1967,3309,3309,1985,312,107,905,0,70,46694,46694,36164,3015,1260,6254,0,NY,NY,1975,-8,0
"ALBUQUERQUE, NMEX",1967,1334,1334,827,6,17,484,0,13,19329,19329,15703,43,117,3466,0,NM,NM,Inf,-Inf,0
"ALLENTOWN-BETHLEHEM-EASTON, PA-NJ",1967,3172,3172,1831,28,19,1294,0,83,40872,40872,32094,323,171,8284,0,PA-NJ,PA,1989,-22,0
"ALTOONA, PA",1967,339,239,235,0,4,0,100,0,5532,3870,3825,0,45,0,1662,PA,PA,Inf,-Inf,0
"AMARILLO, TEX",1967,517,517,340,18,0,159,0,5,8958,8958,7554,269,0,1135,0,TX,TX,Inf,-Inf,0
"ANAHEIM-SANTA ANA-GARDEN GROVE, CALIF",1967,12179,12179,8663,280,1072,2164,0,176,253325,253325,212547,4256,13054,23468,0,CA,CA,1970,-3,0
"ANDERSON, IND",1967,642,642,444,54,0,144,0,2,7985,7985,7209,377,0,400,0,IN,IN,1972,-5,0
"ANN ARBOR, MICH",1967,2897,2897,1164,68,27,1638,0,85,42950,42950,26274,853,346,15477,0,MI,MI,Inf,-Inf,0
"ASHEVILLE, NC",1967,281,281,238,2,0,41,0,3,3405,3405,3185,12,0,209,0,NC,NC,1971,-4,0
"ATLANTA, GA",1967,23587,23447,10041,550,231,12625,140,1093,244713,242434,147292,5056,1842,88244,2279,GA,GA,1991,-24,0
"ATLANTIC CITY, NJ",1967,2020,1670,794,22,4,850,350,32,18403,14793,10470,208,15,4100,3610,NJ,NJ,1989,-22,0
"AUGUSTA, GA-SC",1967,2739,2739,2225,0,116,398,0,51,30095,30095,26010,0,573,3512,0,GA-SC,GA,1991,-24,0
"AUSTIN, TEX",1967,4951,4951,1670,454,283,2544,0,84,65233,65233,36924,6037,2698,19574,0,TX,TX,Inf,-Inf,0
"BAKERSFIELD, CALIF",1967,1717,1717,1063,88,219,347,0,32,23275,23275,17710,770,1750,3045,0,CA,CA,1970,-3,0
"BALTIMORE, MD",1967,15003,14663,7280,24,25,7334,340,362,184660,179411,123599,308,177,55329,5249,MD,MD,1973,-6,0
"BATON ROUGE, LA",1967,3108,3108,2216,278,27,587,0,30,40884,40884,35601,2234,157,2893,0,LA,LA,Inf,-Inf,0
"BAY CITY, MICH",1967,535,535,478,14,32,11,0,2,8586,8586,8144,136,204,102,0,MI,MI,Inf,-Inf,0
"BEAUMONT-PORT ARTHUR-ORANGE, TEX",1967,983,983,606,6,26,345,0,10,13086,13086,9906,120,315,2745,0,TX,TX,Inf,-Inf,0
"BILLINGS, MONT",1967,181,181,144,18,19,0,0,0,3416,3416,3002,203,212,0,0,MT,MT,1971,-4,0
"BINGHAMTON, NY-PA",1967,1168,1168,751,48,7,362,0,12,18602,18602,14559,525,54,3465,0,NY-PA,NY,1975,-8,0
"BIRMINGHAM, ALA",1967,4975,4735,2809,18,71,1837,240,135,61139,58136,44165,156,413,13402,3004,AL,AL,Inf,-Inf,0
"BLOOMINGTON-NORMAL, ILL",1967,758,758,433,24,55,246,0,25,9668,9668,7376,272,351,1669,0,IL,IL,Inf,-Inf,0
"BOISE CITY, IDAHO",1967,130,130,89,6,15,20,0,2,2271,2271,1867,105,116,184,0,ID,ID,Inf,-Inf,0
"BOSTON, MASS",1967,12171,11985,4943,362,108,6572,186,301,156498,153275,94259,3851,791,54374,3223,MA,MA,1977,-10,0
"BRIDGEPORT, CONN",1967,2217,2142,1386,102,13,641,75,26,34512,33685,28353,1164,107,4062,827,CT,CT,1973,-6,0
"BROCKTON, MASS",1967,1024,900,765,20,20,95,124,6,12041,9998,9329,153,101,415,2043,MA,MA,1977,-10,0
"BROWNSVILLE-HARLINGEN-SAN BENITO, TEX",1967,254,254,172,82,0,0,0,0,1557,1557,1298,259,0,0,0,TX,TX,Inf,-Inf,0
"BUFFALO, NY",1967,5775,5775,3764,584,126,1301,0,134,79223,79223,63216,4483,1078,10446,0,NY,NY,1975,-8,0
"CANTON, OHIO",1967,1893,1813,1173,246,107,287,80,21,30489,29367,21774,2721,1333,3539,1122,OH,OH,Inf,-Inf,0
"CEDAR RAPIDS, IOWA",1967,1956,1956,912,60,42,942,0,77,18960,18960,12913,541,290,5215,0,IA,IA,Inf,-Inf,0
"CHAMPAIGN-URBANA-RANTOUL, ILL",1967,412,412,177,22,8,205,0,16,4661,4661,3141,181,96,1242,0,IL,IL,Inf,-Inf,0
"CHARLESTON-NORTH CHARLESTON, SC",1967,3026,2840,1905,68,175,692,186,48,32516,30003,24941,543,1103,3416,2513,SC,SC,Inf,-Inf,0
"CHARLESTON, WVA",1967,297,297,252,10,28,7,0,1,5490,5490,5098,125,197,70,0,WV,WV,Inf,-Inf,0
"CHARLOTTE-GASTONIA, NC",1967,4684,4684,2851,126,106,1601,0,218,59311,59311,45942,944,647,11778,0,NC,NC,1971,-4,0
"CHATTANOOGA, TENN-GA",1967,1853,1853,1281,418,16,138,0,4,22845,22845,18904,2822,93,1026,0,TN-GA,TN,1991,-24,0
"CHICAGO, ILL",1967,48330,47977,21208,903,934,24932,353,1070,695384,691717,454082,12295,9259,216081,3667,IL,IL,Inf,-Inf,0
"CINCINNATI, OHIO-KY-IND",1967,9146,8818,3995,100,114,4609,328,219,113898,109547,74393,887,980,33287,4351,OH-KY-IN,OH,1972,-5,0
"CLEVELAND, OHIO",1967,13562,13562,5963,220,20,7359,0,162,215672,215672,144207,2759,180,68526,0,OH,OH,Inf,-Inf,0
"COLORADO SPRINGS, COLO",1967,3926,3926,2124,54,12,1736,0,80,34357,34357,24823,393,185,8956,0,CO,CO,Inf,-Inf,0
"COLUMBIA, SC",1967,2753,2573,1582,72,125,794,180,52,35869,33028,25401,420,489,6718,2841,SC,SC,Inf,-Inf,0
"COLUMBUS, GA-ALA",1967,1732,1432,1120,38,38,236,300,15,22746,18110,16487,193,179,1251,4636,GA-AL,GA,1991,-24,0
"COLUMBUS, OHIO",1967,7780,7780,3940,334,441,3065,0,256,108674,108674,78218,3766,4111,22579,0,OH,OH,Inf,-Inf,0
"CORPUS CHRISTI, TEX",1967,1908,1558,1133,6,43,376,350,14,22068,17140,14542,40,365,2193,4927,TX,TX,Inf,-Inf,0
"DALLAS-FORT WORTH, TEX",1967,27801,27781,13334,522,373,13552,20,410,301548,301332,205893,6270,2930,86239,216,TX,TX,Inf,-Inf,0
"DAVENPORT-ROCK ISLAND-MOLINE, IOWA-ILL",1967,2766,2606,1879,88,99,540,160,40,38713,36597,30317,1091,984,4205,2116,IA-IL,IA,Inf,-Inf,0
"DAYTON, OHIO",1967,6952,6872,3902,132,411,2427,80,181,94152,93116,72833,1023,3537,15723,1036,OH,OH,Inf,-Inf,0
"DECATUR, ILL",1967,493,493,380,0,0,113,0,1,11916,11916,10116,0,0,1800,0,IL,IL,Inf,-Inf,0
"DENVER-BOULDER, COLO",1967,10367,10267,6048,166,99,3954,100,195,132997,132051,102485,1610,1288,26667,947,CO,CO,Inf,-Inf,0
"DES MOINES, IOWA",1967,2697,2697,1281,184,8,1224,0,84,41674,41674,27559,2120,90,11906,0,IA,IA,Inf,-Inf,0
"DETROIT, MICH",1967,30382,30148,17256,130,327,12435,234,853,455761,452236,328407,1412,3347,119070,3525,MI,MI,Inf,-Inf,0
"DUBUQUE, IOWA",1967,268,268,222,10,36,0,0,0,3507,3507,3144,83,280,0,0,IA,IA,Inf,-Inf,0
"DULUTH-SUPERIOR, MINN-WIS",1967,396,396,339,16,4,37,0,2,6405,6405,5920,151,24,310,0,MN-WI,MN,1972,-5,0
"RALEIGH-DURHAM, NC",1967,4698,4649,2365,196,117,1971,49,211,60593,60006,43743,1420,640,14203,587,NC,NC,1971,-4,0
"EL PASO, TEX",1967,2266,2266,1485,32,4,745,0,22,30755,30755,25063,296,22,5374,0,TX,TX,Inf,-Inf,0
"ERIE, PA",1967,842,842,697,34,32,79,0,9,10942,10942,9846,278,246,572,0,PA,PA,Inf,-Inf,0
"EUGENE-SPRINGFIELD, OREG",1967,2049,1988,1192,236,12,548,61,40,25668,24858,18605,2299,79,3874,810,OR,OR,Inf,-Inf,0
"EVANSVILLE, IND-KY",1967,1224,1115,779,22,11,303,109,16,14937,13481,10257,199,47,2979,1456,IN-KY,IN,1972,-5,0
"FALL RIVER, MASS-RI",1967,494,494,451,4,12,27,0,3,7135,7135,6855,26,65,190,0,MA-RI,MA,1977,-10,0
"FARGO-MOORHEAD, ND-MN",1967,1032,822,309,18,24,471,210,25,15307,11830,6780,230,330,4491,3476,ND-MN,ND,1973,-6,0
"FAYETTEVILLE, NC",1967,349,349,326,8,0,15,0,2,6013,6013,5820,83,0,110,0,NC,NC,1971,-4,0
"FITCHBURG-LEOMINSTER, MASS",1967,394,394,235,0,7,152,0,16,4084,4084,2966,0,48,1070,0,MA,MA,1977,-10,0
"FLINT, MICH",1967,3721,3721,2665,70,99,887,0,87,50641,50641,41997,519,504,7620,0,MI,MI,Inf,-Inf,0
"FORT LAUDERDALE-HOLLYWOOD, FLA",1967,13057,13057,4936,800,254,7067,0,290,177611,177611,91534,7774,2104,76199,0,FL,FL,Inf,-Inf,0
"FORT SMITH, ARK-OKLA",1967,676,396,304,0,24,68,280,5,9455,6125,5741,0,114,270,3330,AR-OK,AR,Inf,-Inf,0
"FORT WAYNE, IND",1967,1257,1257,952,8,216,81,0,7,20866,20866,18835,64,1518,449,0,IN,IN,1972,-5,0
"FRESNO, CALIF",1967,2984,2984,1729,109,404,742,0,91,33612,33612,24276,1036,2846,5454,0,CA,CA,1970,-3,0
"GADSDEN, ALA",1967,201,201,191,0,0,10,0,1,2478,2478,2438,0,0,40,0,AL,AL,Inf,-Inf,0
"GALVESTON-TEXAS CITY, TEX",1967,942,742,539,20,21,162,200,12,12131,9307,8380,258,57,612,2824,TX,TX,Inf,-Inf,0
"GARY-HAMMOND-EAST CHICAGO, IND",1967,3587,3483,2446,124,91,822,104,44,50604,48867,41105,1333,885,5544,1737,IN,IN,1972,-5,0
"GRAND RAPIDS, MICH",1967,3599,3599,2466,284,70,779,0,50,46978,46978,39245,2652,522,4560,0,MI,MI,Inf,-Inf,0
"GREAT FALLS, MONT",1967,207,207,103,0,4,100,0,6,1913,1913,1312,0,15,586,0,MT,MT,1971,-4,0
"GREEN BAY, WIS",1967,1281,1281,858,140,68,215,0,20,19030,19030,14930,1500,455,2145,0,WI,WI,1972,-5,0
"GREENSBORO-WINSTON-SALEM-HIGH POINT, NC",1967,5783,5681,3317,84,96,2184,102,149,64716,63620,49627,609,584,12800,1096,NC,NC,1971,-4,0
"GREENVILLE, SC",1967,2367,2367,1756,90,69,452,0,13,29779,29779,25772,465,265,3276,0,SC,SC,Inf,-Inf,0
"HAMILTON-MIDDLETOWN, OHIO",1967,1084,1084,693,28,66,297,0,13,16125,16125,13373,298,565,1889,0,OH,OH,Inf,-Inf,0
"HARRISBURG, PA",1967,2427,2426,1203,4,32,1187,1,55,29340,27771,20090,28,497,7156,1569,PA,PA,Inf,-Inf,0
"HARTFORD, CONN",1967,6293,6293,2704,130,63,3396,0,188,72034,72034,45646,1183,513,24693,0,CT,CT,1973,-6,0
"HONOLULU, HAWAII",1967,7069,6204,3004,46,50,3104,865,119,109060,92199,50905,503,747,40044,16861,HI,HI,1974,-7,0
"HOUSTON, TEX",1967,16706,16706,6752,248,173,9533,0,518,186721,186721,120347,1625,1008,63740,0,TX,TX,Inf,-Inf,0
"HUNTINGTON-ASHLAND, WVA-KY-OHIO",1967,487,487,379,6,11,91,0,9,5795,5759,5006,67,86,636,0,WV-KY-OH,WV,Inf,-Inf,0
"HUNTSVILLE, ALA",1967,915,915,859,8,0,48,0,6,11722,11722,11412,46,0,264,0,AL,AL,Inf,-Inf,0
"INDIANAPOLIS, IND",1967,10034,9834,3934,284,46,5570,200,315,113034,109544,64545,2114,265,42621,3490,IN,IN,1972,-5,0
"JACKSON, MICH",1967,972,972,675,16,0,281,0,9,10831,10831,9129,127,0,1575,0,MI,MI,Inf,-Inf,0
"JACKSON, MISS",1967,1439,1439,1015,40,34,350,0,31,16930,16930,14483,208,198,2042,0,MS,MS,Inf,-Inf,0
"JACKSONVILLE, FLA",1967,3005,3005,1299,68,79,1559,0,134,21445,21445,11500,202,278,9465,0,FL,FL,Inf,-Inf,0
"JERSEY CITY, NJ",1967,1399,1203,83,618,40,462,196,21,13224,11345,1317,6272,467,3290,1879,NJ,NJ,1989,-22,0
"JOHNSTOWN, PA",1967,388,388,227,2,16,143,0,5,5758,5758,3958,18,132,1650,0,PA,PA,Inf,-Inf,0
"KALAMAZOO, MICH",1967,1715,1715,788,34,26,867,0,61,24836,24836,16981,347,261,7248,0,MI,MI,Inf,-Inf,0
"KANSAS CITY, MO-KANS",1967,11724,11327,6152,958,66,4151,397,294,147414,142314,96862,9074,584,35794,5100,MO-KS,MO,Inf,-Inf,0
"KENOSHA, WIS",1967,292,292,208,20,0,64,0,2,4103,4103,3463,170,0,470,0,WI,WI,1972,-5,0
"KNOXVILLE, TENN",1967,3598,3598,1830,48,15,1705,0,97,38644,38644,27070,332,63,11179,0,TN,TN,Inf,-Inf,0
"LAFAYETTE-WEST LAFAYETTE, IND",1967,776,776,481,38,23,234,0,14,10880,10880,8792,354,138,1597,0,IN,IN,1972,-5,0
"LAFAYETTE, LA",1967,310,310,281,0,12,17,0,2,5961,5961,5770,0,97,94,0,LA,LA,Inf,-Inf,0
"LAKE CHARLES, LA",1967,432,432,240,14,8,170,0,17,6513,6513,5100,240,45,1128,0,LA,LA,Inf,-Inf,0
"LANCASTER, PA",1967,1533,1432,812,6,90,524,101,38,20309,18967,14886,68,769,3244,1342,PA,PA,Inf,-Inf,0
"LANSING-EAST LANSING, MICH",1967,5062,5062,2326,188,67,2481,0,99,60526,60526,39531,2162,889,17944,0,MI,MI,Inf,-Inf,0
"LAREDO, TEX",1967,166,166,146,0,0,20,0,3,849,849,793,0,0,57,0,TX,TX,Inf,-Inf,0
"LAS VEGAS, NEV",1967,897,897,737,2,37,121,0,10,14857,14857,13146,18,317,1376,0,NV,NV,Inf,-Inf,0
"LAWRENCE-HAVERHILL, MASS-NH",1967,1345,1345,600,22,27,696,0,54,14838,14838,10545,240,178,3875,0,MA-NH,MA,1977,-10,0
"LAWTON, OKLA",1967,1141,991,568,2,16,405,150,18,13366,11862,8374,8,56,3425,1504,OK,OK,Inf,-Inf,0
"LEWISTON-AUBURN, MAINE",1967,468,361,191,6,12,152,107,16,5730,4385,3087,57,111,1130,1345,MN,MN,1973,-6,0
"LEXINGTON-FAYETTE, KY",1967,2727,2530,1251,216,8,1055,197,54,30743,28629,19545,2084,46,6955,2114,KY,KY,Inf,-Inf,0
"LIMA, OHIO",1967,454,454,393,6,31,24,0,3,7396,7396,6867,35,282,212,0,OH,OH,Inf,-Inf,0
"LINCOLN, NEBR",1967,831,831,562,24,31,214,0,27,10888,10888,8765,252,293,1577,0,NE,NE,Inf,-Inf,0
"LITTLE ROCK-NORTH LITTLE ROCK, ARK",1967,1769,1569,1126,68,39,336,200,30,29430,26751,23315,483,218,2735,2679,AR,AR,Inf,-Inf,0
"LORAIN-ELYRIA, OHIO",1967,1065,1065,784,22,64,195,0,14,17298,17298,15412,223,524,1140,0,OH,OH,Inf,-Inf,0
"LOS ANGELES-LONG BEACH, CALIF",1967,23090,23090,10098,570,846,11576,0,649,404321,404321,253832,7463,9815,133210,0,CA,CA,1970,-3,0
"LOUISVILLE, KY-IND",1967,7137,6937,3809,0,187,2941,200,184,75329,72993,55313,0,1047,16633,2336,KY-IN,KY,1972,-5,0
"LOWELL, MASS-NH",1967,1571,1571,1113,48,48,362,0,11,18614,18614,16055,362,402,1795,0,MA-NH,MA,1977,-10,0
"LUBBOCK, TEX",1967,775,775,527,120,76,52,0,6,12974,12974,10982,1086,426,480,0,TX,TX,Inf,-Inf,0
"LYNCHBURG, VA",1967,590,590,532,10,4,44,0,4,9426,9426,8819,81,20,506,0,VA,VA,1973,-6,0
"MCALLEN-PHARR-EDINBURG, TEX",1967,497,417,392,12,8,5,80,1,4147,3139,3003,67,59,10,1008,TX,TX,Inf,-Inf,0
"MACON, GA",1967,1571,1571,860,324,244,143,0,18,14200,14200,10217,1585,1459,939,0,GA,GA,1991,-24,0
"MADISON, WIS",1967,2421,2421,1297,130,28,966,0,38,28274,28274,20521,1371,212,6169,0,WI,WI,1972,-5,0
"MANCHESTER, NH",1967,423,423,351,42,3,27,0,1,5233,5233,4752,359,22,100,0,NH,NH,Inf,-Inf,0
"MANSFIELD, OHIO",1967,723,723,439,50,16,218,0,18,10854,10854,8327,560,117,1850,0,OH,OH,Inf,-Inf,0
"MEMPHIS, TENN-ARK",1967,9154,9154,4180,316,100,4558,0,415,79137,79137,53030,1466,599,24042,0,TN-AR,TN,Inf,-Inf,0
"MERIDEN, CONN",1967,205,205,156,4,0,45,0,2,2580,2580,2447,46,0,88,0,CT,CT,1973,-6,0
"MIAMI, FLA",1967,14904,14904,3777,822,455,9850,0,287,179160,179160,65570,7013,2821,103756,0,FL,FL,Inf,-Inf,0
"MIDLAND, TEX",1967,404,404,298,2,0,104,0,3,6998,6998,6229,24,0,745,0,TX,TX,Inf,-Inf,0
"MILWAUKEE, WIS",1967,9671,9671,4723,544,211,4193,0,179,141643,141643,92487,6195,2068,40894,0,WI,WI,1972,-5,0
"MINNEAPOLIS-ST PAUL, MN-WI",1967,16661,16082,6546,364,243,8929,579,335,227366,222004,136147,4782,2321,78755,5362,MN-WI,MN,1972,-5,0
"MOBILE, ALA",1967,1101,1101,791,24,3,283,0,11,9966,9966,8624,99,13,1230,0,AL,AL,Inf,-Inf,0
"MONROE, LA",1967,362,362,225,4,36,97,0,4,4287,4287,3492,15,256,524,0,LA,LA,Inf,-Inf,0
"MONTGOMERY, ALA",1967,1869,1369,1080,14,42,233,600,9,20059,14678,13040,58,297,1284,5381,AL,AL,Inf,-Inf,0
"MUNCIE, IND",1967,476,476,378,4,0,94,0,5,5165,5165,4514,18,0,633,0,IN,IN,1972,-5,0
"MUSKEGON-NORTON SHORES-MUSKEGON HEIGHTS, MICH",1967,654,654,522,4,0,128,0,12,9150,9150,8071,45,0,1034,0,MI,MI,Inf,-Inf,0
"NASHVILLE-DAVIDSON, TENN",1967,5899,5633,3185,388,126,1934,266,32,55947,52197,37871,2030,422,11869,3755,TN,TN,Inf,-Inf,0
"NEWARK, NJ",1967,7809,6761,3977,294,51,2439,1048,94,115140,101537,81677,3014,373,16473,13602,NJ,NJ,1989,-22,0
"NEW BEDFORD, MASS",1967,523,523,513,2,8,0,0,0,7119,7119,7077,8,35,0,0,MA,MA,1977,-10,0
"NEW BRITAIN, CONN",1967,1335,1195,445,140,0,610,140,34,12503,10645,5311,1170,0,4164,1858,CT,CT,1973,-6,0
"NEW HAVEN-WEST HAVEN, CONN",1967,2331,2331,1000,116,45,1170,0,59,25156,25156,16967,990,433,6766,0,CT,CT,1973,-6,0
"NEW LONDON-GROTON-NORWICH, CONN",1967,687,687,435,6,4,242,0,24,9050,9050,7529,71,25,1425,0,CT,CT,1973,-6,0
"NEW ORLEANS, LA",1967,7488,7381,4061,714,657,1949,107,111,103676,102427,74223,7892,5895,14417,1249,LA,LA,Inf,-Inf,0
"NEWPORT NEWS-HAMPTON, VA",1967,2487,2487,1838,0,0,649,0,25,27247,27247,23235,0,0,4012,0,VA,VA,1973,-6,0
"NEW YORK, NY-NJ",1967,45208,41870,16951,6274,111,18534,3338,406,584667,540268,291808,60365,743,187352,44399,NY-NJ,NY,1975,-8,0
"NORFOLK-VIRGINIA BEACH-PORTSMOUTH, VA-NC",1967,4305,4305,2773,144,100,1288,0,142,56652,56652,45953,944,792,8964,0,VA-NC,VA,1971,-4,0
"NORWALK, CONN",1967,858,858,554,28,0,276,0,18,18169,18169,15381,329,0,2459,0,CT,CT,1973,-6,0
"ODESSA, TEX",1967,167,167,153,0,14,0,0,0,3196,3196,3126,0,70,0,0,TX,TX,Inf,-Inf,0
"SALT LAKE CITY-OGDEN, UTAH",1967,3586,3586,2505,154,213,714,0,42,47376,47376,38407,1506,1952,5512,0,UT,UT,Inf,-Inf,0
"OKLAHOMA CITY, OKLA",1967,5423,5423,3421,58,24,1920,0,59,66672,66672,54466,554,197,11455,0,OK,OK,Inf,-Inf,0
"OMAHA, NEBR-IOWA",1967,4405,4405,1919,42,56,2388,0,156,38191,38191,24644,444,366,12736,0,NE-IA,NE,Inf,-Inf,0
"ORLANDO, FLA",1967,4311,4311,2892,142,50,1227,0,66,47763,47763,38031,853,397,8483,0,FL,FL,Inf,-Inf,0
"OXNARD-SIMI VALLEY- VENTURA, CALIF",1967,2946,2886,2305,108,45,428,60,44,62696,61857,56213,1493,390,3762,839,CA,CA,1970,-3,0
"PATERSON-CLIFTON-PASSAIC, NJ",1967,5294,5194,2604,500,83,2007,100,96,78690,77817,56887,5326,693,14911,873,NJ,NJ,1989,-22,0
"PENSACOLA, FLA",1967,1636,1386,1099,96,15,176,250,5,21954,18551,16538,725,118,1170,3404,FL,FL,Inf,-Inf,0
"PEORIA, ILL",1967,2042,2042,1440,112,34,456,0,30,34535,34535,27875,1466,419,4775,0,IL,IL,Inf,-Inf,0
"PHILADELPHIA, PA-NJ",1967,28188,28188,12416,788,91,14893,0,760,297007,297007,188749,4648,664,102947,0,PA-NJ,PA,1989,-22,0
"PHOENIX, ARIZ",1967,7629,7629,4942,296,256,2135,0,180,78960,78960,60929,2669,2119,13243,0,AZ,AZ,Inf,-Inf,0
"PINE BLUFF, ARK",1967,566,566,232,24,11,299,0,31,4621,4621,2264,115,35,2207,0,AR,AR,Inf,-Inf,0
"PITTSBURGH, PA",1967,11061,10741,5736,144,1281,3580,320,171,140102,135299,101158,1503,3566,29073,4803,PA,PA,Inf,-Inf,0
"PITTSFIELD, MASS",1967,300,300,208,0,0,92,0,7,4654,4654,3979,0,0,675,0,MA,MA,1977,-10,0
"PORTLAND, MAINE",1967,826,626,456,22,4,144,200,6,12393,9525,7532,163,65,1766,2868,MN,MN,1973,-6,0
"PORTLAND, OREG-WASH",1967,9593,9593,5083,676,712,3122,0,327,124492,124492,87137,5810,5789,25756,0,OR-WA,OR,1971,-4,0
"PROVIDENCE-PAWTUCKET-WARWICK, RI-MASS",1967,4608,4230,3230,84,20,896,378,62,56595,51217,44160,688,112,6257,5378,RI-MA,RI,1977,-10,0
"PROVO-OREM, UTAH",1967,987,987,535,110,122,220,0,16,10755,10755,7660,742,772,1581,0,UT,UT,Inf,-Inf,0
"PUEBLO, COLO",1967,460,460,306,38,0,116,0,9,4441,4441,3455,319,0,667,0,CO,CO,Inf,-Inf,0
"RACINE, WIS",1967,887,887,675,60,30,122,0,6,15389,15389,13492,835,257,805,0,WI,WI,1972,-5,0
"READING, PA",1967,1097,1097,616,14,4,463,0,29,12851,12851,9851,116,48,2836,0,PA,PA,Inf,-Inf,0
"RENO, NEV",1967,559,559,409,6,11,133,0,13,10719,10719,9018,60,89,1553,0,NV,NV,Inf,-Inf,0
"RICHMOND, VA",1967,5640,5640,2729,24,508,2379,0,273,51729,51729,37960,131,2036,11601,0,VA,VA,1973,-6,0
"ROANOKE, VA",1967,2036,1931,1048,54,4,825,105,36,20613,19043,13538,312,24,5168,1570,VA,VA,1973,-6,0
"ROCHESTER, NY",1967,7016,7004,3892,158,60,2894,12,176,113627,113403,83871,1456,373,27703,224,NY,NY,1975,-8,0
"ROCKFORD, ILL",1967,3469,3207,1452,206,116,1433,262,106,43597,40344,24153,2261,1008,12922,3253,IL,IL,Inf,-Inf,0
"SACRAMENTO, CALIF",1967,5463,5463,3335,198,173,1757,0,107,72992,72992,55379,2198,1576,13838,0,CA,CA,1970,-3,0
"SAGINAW, MICH",1967,1599,1599,1074,62,65,398,0,49,23044,23044,17992,661,598,3794,0,MI,MI,Inf,-Inf,0
"ST JOSEPH, MO",1967,247,247,207,40,0,0,0,0,2943,2943,2625,318,0,0,0,MO,MO,Inf,-Inf,0
"ST LOUIS, MO-ILL",1967,12776,12776,8521,286,741,3228,0,255,192056,192056,157025,3261,6059,25712,0,MO-IL,MO,Inf,-Inf,0
"SALEM, OREG",1967,1500,1500,794,70,174,462,0,53,16558,16558,11958,626,1333,2642,0,OR,OR,Inf,-Inf,0
"SALINAS-SEASIDE-MONTEREY, CALIF",1967,1333,1333,937,110,110,176,0,18,25016,25016,20089,1955,1455,1517,0,CA,CA,1970,-3,0
"SAN ANGELO, TEX",1967,436,436,250,6,0,180,0,23,4135,4135,3035,15,0,1085,0,TX,TX,Inf,-Inf,0
"SAN ANTONIO, TEX",1967,6901,6901,3266,146,28,3461,0,75,63925,63925,39707,1117,128,22973,0,TX,TX,Inf,-Inf,0
"RIVERSIDE-SAN BERNARDINO-ONTARIO, CALIF",1967,5346,5345,4708,100,94,443,1,42,80349,80317,75686,856,698,3076,33,CA,CA,1970,-3,0
"SAN DIEGO, CALIF",1967,12630,12630,6508,490,276,5356,0,394,170366,170366,123737,4612,3052,38965,0,CA,CA,1970,-3,0
"SAN FRANCISCO-OAKLAND, CALIF",1967,15600,15474,8662,484,1023,5305,126,350,273887,272584,190770,7447,11743,62625,1303,CA,CA,1970,-3,0
"SAN JOSE, CALIF",1967,10541,10241,7486,518,742,1495,300,112,185714,180745,151991,7214,7772,13769,4969,CA,CA,1970,-3,0
"SANTA BARBARA-SANTA MARIA-LOMPOC, CALIF",1967,1613,1605,646,118,110,731,8,59,26201,25997,16410,1769,1291,6527,204,CA,CA,1970,-3,0
"SAVANNAH, GA",1967,802,802,666,6,8,122,0,2,7746,7746,6977,23,26,720,0,GA,GA,1991,-24,0
"SCRANTON, PA",1967,517,517,313,2,0,202,0,6,6549,6549,5196,12,0,1341,0,PA,PA,Inf,-Inf,0
"SEATTLE-EVERETT, WASH",1967,27412,27330,12259,444,639,13988,82,851,390886,389642,229502,4736,7250,148154,1244,WA,WA,1971,-4,0
"SHERMAN-DENISON, TEX",1967,789,779,490,56,4,229,10,5,8352,8245,6593,392,30,1230,107,TX,TX,Inf,-Inf,0
"SHREVEPORT, LA",1967,1545,1545,1029,6,0,510,0,6,20806,20806,16289,79,0,4438,0,LA,LA,Inf,-Inf,0
"SIOUX CITY, IOWA-NEBR",1967,551,551,317,2,11,221,0,11,7113,7113,5454,17,219,1422,0,IA-NE,IA,Inf,-Inf,0
"SIOUX FALLS, SDAK",1967,366,366,157,12,3,194,0,9,4079,4079,2375,106,30,1568,0,SD,SD,1974,-7,0
"SOUTH BEND, IND",1967,1065,1065,739,2,11,313,0,23,16192,16192,14199,25,84,1884,0,IN,IN,1972,-5,0
"SPOKANE, WASH",1967,1452,1452,924,122,36,370,0,20,23016,23016,19044,1635,400,1937,0,WA,WA,1971,-4,0
"SPRINGFIELD, ILL",1967,950,750,456,10,40,244,200,6,14875,12208,8660,130,361,3057,2667,IL,IL,Inf,-Inf,0
"SPRINGFIELD, MO",1967,1274,1274,975,24,17,258,0,7,14490,14490,12292,215,96,1888,0,MO,MO,Inf,-Inf,0
"SPRINGFIELD, OHIO",1967,1623,1473,1033,10,12,418,150,14,15524,15678,12726,88,123,2741,1848,OH,OH,Inf,-Inf,0
"SPRINGFIELD-CHICOPEE-HOLYOKE, MASS-CONN",1967,2579,2379,1463,100,12,804,200,30,33259,30312,23914,688,71,5639,2947,MA-CT,MA,1973,-6,0
"STAMFORD, CONN",1967,1466,1466,759,72,32,603,0,17,33487,33487,24352,1033,338,7763,0,CT,CT,1973,-6,0
"STEUBENVILLE-WEIRTON, OHIO-WVA",1967,287,287,247,2,16,22,0,3,4545,4545,4217,18,130,180,0,OH-WV,OH,Inf,-Inf,0
"STOCKTON, CALIF",1967,2048,2048,1180,122,206,540,0,22,28122,28122,20374,1310,2157,4281,0,CA,CA,1970,-3,0
"SYRACUSE, NY",1967,4492,4492,1619,54,23,2796,0,235,47598,47598,27191,521,298,19589,0,NY,NY,1975,-8,0
"TACOMA, WASH",1967,5055,4978,2906,258,213,1601,77,89,58983,58012,43353,2118,1639,10902,970,WA,WA,1971,-4,0
"TALLAHASSEE, FLA",1967,1697,1697,651,12,98,936,0,57,17987,17987,10924,66,540,6458,0,FL,FL,Inf,-Inf,0
"TAMPA-ST PETERSBURG, FLA",1967,10686,10686,5625,483,193,4385,0,152,113919,113919,77421,2854,1465,32180,0,FL,FL,Inf,-Inf,0
"TERRE HAUTE, IND",1967,219,139,55,10,55,19,80,3,3957,2217,1436,196,157,429,1740,IN,IN,1972,-5,0
"TEXARKANA, TEX-ARK",1967,388,388,305,2,18,63,0,3,3772,3772,3302,10,110,350,0,TX-AR,TX,Inf,-Inf,0
"TOLEDO, OHIO-MICH",1967,3728,3728,1989,264,112,1363,0,67,47753,47753,36307,2352,1285,7809,0,OH-MI,OH,Inf,-Inf,0
"TOPEKA, KANS",1967,961,961,403,16,3,539,0,41,12482,12482,7192,199,20,5071,0,KS,KS,Inf,-Inf,0
"TRENTON, NJ",1967,1428,1428,872,40,0,516,0,19,21352,21352,17245,421,0,3687,0,NJ,NJ,1989,-22,0
"TUCSON, ARIZ",1967,1584,1584,1307,38,57,182,0,13,27467,27467,24860,378,491,1738,0,AZ,AZ,Inf,-Inf,0
"TULSA, OKLA",1967,4395,4395,2287,158,297,1653,0,176,47068,47068,31761,1778,1860,11669,0,OK,OK,Inf,-Inf,0
"TUSCALOOSA, ALA",1967,753,753,428,6,8,311,0,11,9340,9340,7221,50,25,2044,0,AL,AL,Inf,-Inf,0
"TYLER, TEX",1967,280,280,207,2,32,39,0,1,4723,4723,3895,4,425,400,0,TX,TX,Inf,-Inf,0
"UTICA-ROME, NY",1967,464,464,424,4,3,33,0,3,7837,7837,6384,37,16,1400,0,NY,NY,1975,-8,0
"VALLEJO-FAIRFIELD-NAPA, CALIF",1967,2507,2507,1440,98,377,592,0,68,35337,35337,26411,1012,2986,4928,0,CA,CA,1970,-3,0
"WACO, TEX",1967,447,297,248,20,29,0,150,0,6777,5053,4656,197,200,0,1724,TX,TX,Inf,-Inf,0
"WASHINGTON, DC-MD-VA",1967,26020,25945,14052,34,21,11838,75,277,327514,326524,225275,468,101,100681,990,DC-MD-VA,DC,1973,-6,0
"WATERBURY, CONN",1967,1217,1217,840,26,93,258,0,13,15801,15801,13346,237,595,1624,0,CT,CT,1973,-6,0
"WATERLOO-CEDAR FALLS, IOWA",1967,740,740,537,54,3,146,0,16,9074,9074,7427,530,8,1109,0,IA,IA,Inf,-Inf,0
"WEST PALM BEACH-BOCA RATON, FLA",1967,4839,4839,1796,262,197,2584,0,129,63322,63322,33403,1705,1553,26661,0,FL,FL,Inf,-Inf,0
"WHEELING, WVA-OHIO",1967,186,186,152,0,18,16,0,3,3352,3352,2792,0,430,130,0,WV-OH,WV,Inf,-Inf,0
"WICHITA, KANS",1967,1910,1910,1163,70,12,665,0,36,30153,30153,23155,902,120,5977,0,KS,KS,Inf,-Inf,0
"WICHITA FALLS, TEX",1967,413,413,249,2,21,141,0,3,5295,5295,3818,115,190,1172,0,TX,TX,Inf,-Inf,0
"WILKES-BARRE-HAZELTON, PA",1967,826,826,782,0,3,41,0,2,11841,11841,11626,0,25,191,0,PA,PA,Inf,-Inf,0
"WILMINGTON, DEL-NJ-MD",1967,4795,4795,2442,0,4,2349,0,124,49102,49102,35502,0,8,13593,0,DEL-NJ-MD,DE,1973,-6,0
"WILMINGTON, NC",1967,1245,1245,773,12,43,417,0,49,14262,14262,10880,101,382,2900,0,NC,NC,1971,-4,0
"WORCESTER, MASS",1967,1392,1193,850,22,4,317,199,30,17893,15345,12428,234,26,2658,2547,MA,MA,1977,-10,0
"YORK, PA",1967,1336,1336,919,10,27,380,0,21,17759,17759,15346,135,256,2022,0,PA,PA,Inf,-Inf,0
"YOUNGSTOWN-WARREN, OHIO",1967,2415,2065,1353,38,89,585,350,25,37248,31907,25282,365,738,5522,5342,OH,OH,Inf,-Inf,0
"ABILENE, TEX",1968,92,92,84,0,0,8,0,1,1858,1858,1816,0,0,41,0,TX,TX,Inf,-Inf,0
"AKRON, OHIO",1968,5259,5259,2417,352,80,2410,0,72,85106,85106,55673,4398,784,24251,0,OH,OH,Inf,-Inf,0
"ALBANY, GA",1968,893,893,581,126,78,108,0,13,10285,10285,8380,502,648,755,0,GA,GA,1991,-23,0
"ALBANY-SCHENECTADY-TROY, NY",1968,3794,3794,2119,218,80,1377,0,70,56151,56151,40666,2595,696,12194,0,NY,NY,1975,-7,0
"ALBUQUERQUE, NMEX",1968,2249,2249,1155,0,41,1053,0,20,25606,25606,16869,0,461,8276,0,NM,NM,Inf,-Inf,0
"ALLENTOWN-BETHLEHEM-EASTON, PA-NJ",1968,2854,2854,1806,6,20,1022,0,85,42603,42603,34532,53,407,7611,0,PA-NJ,PA,1989,-21,0
"ALTOONA, PA",1968,205,205,151,10,8,36,0,2,2652,2652,2204,65,57,325,0,PA,PA,Inf,-Inf,0
"AMARILLO, TEX",1968,574,574,293,0,0,281,0,6,9714,9714,7534,0,0,2180,0,TX,TX,Inf,-Inf,0
"ANAHEIM-SANTA ANA-GARDEN GROVE, CALIF",1968,23308,23308,13136,292,1743,8137,0,562,420411,420411,317485,4200,20513,78212,0,CA,CA,1970,-2,0
"ANDERSON, IND",1968,627,627,493,30,14,90,0,2,9284,9284,8585,266,73,360,0,IN,IN,1972,-4,0
"ANN ARBOR, MICH",1968,2529,2529,1194,2,12,1321,0,148,41051,41051,27359,20,186,13486,0,MI,MI,Inf,-Inf,0
"ASHEVILLE, NC",1968,357,357,189,2,8,158,0,1,4325,4325,2939,10,76,1300,0,NC,NC,1971,-3,0
"ATLANTA, GA",1968,24376,23938,10102,258,373,13205,438,891,284062,276970,160486,1977,3098,111409,7091,GA,GA,1991,-23,0
"ATLANTIC CITY, NJ",1968,1137,1137,728,162,0,247,0,6,12758,12758,10377,1211,0,1170,0,NJ,NJ,1989,-21,0
"AUGUSTA, GA-SC",1968,2463,2463,1647,12,42,762,0,62,24924,24924,20408,138,263,4116,0,GA-SC,GA,1991,-23,0
"AUSTIN, TEX",1968,6125,6125,1769,438,327,3591,0,85,81071,81071,39863,6052,3196,31960,0,TX,TX,Inf,-Inf,0
"BAKERSFIELD, CALIF",1968,2059,1999,1260,76,274,389,60,36,29890,29005,22381,659,2638,3327,885,CA,CA,1970,-2,0
"BALTIMORE, MD",1968,14340,13911,6667,56,29,7159,429,348,189096,182804,126700,538,274,55292,6292,MD,MD,1973,-5,0
"BATON ROUGE, LA",1968,4271,4271,2150,162,118,1841,0,44,49751,49751,34967,1524,745,12515,0,LA,LA,Inf,-Inf,0
"BAY CITY, MICH",1968,810,810,546,46,10,208,0,6,11821,11821,9739,345,99,1638,0,MI,MI,Inf,-Inf,0
"BEAUMONT-PORT ARTHUR-ORANGE, TEX",1968,1067,1067,619,22,11,415,0,12,13236,13236,10352,174,76,2635,0,TX,TX,Inf,-Inf,0
"BILLINGS, MONT",1968,200,200,134,10,23,33,0,3,3334,3334,2809,80,179,267,0,MT,MT,1971,-3,0
"BILOXI-GULFPORT, MISS",1968,1137,857,317,18,12,510,280,31,11242,6870,3958,121,75,2716,4372,MS,MS,Inf,-Inf,0
"BINGHAMTON, NY-PA",1968,819,819,538,50,8,223,0,28,14344,14344,12001,506,95,1742,0,NY-PA,NY,1975,-7,0
"BIRMINGHAM, ALA",1968,5810,5810,2843,26,49,2892,0,142,66184,66184,46064,271,365,19485,0,AL,AL,Inf,-Inf,0
"BLOOMINGTON-NORMAL, ILL",1968,715,715,427,10,58,220,0,19,10268,10268,8070,140,579,1480,0,IL,IL,Inf,-Inf,0
"BOISE CITY, IDAHO",1968,345,345,128,12,42,163,0,20,4722,4722,2824,129,430,1339,0,ID,ID,Inf,-Inf,0
"BOSTON, MASS",1968,15672,14519,4986,324,125,9084,1153,409,218850,202001,103952,3338,1074,93637,16849,MA,MA,1977,-9,0
"BRIDGEPORT, CONN",1968,2780,2780,1247,86,4,1443,0,54,41047,41047,28655,1032,36,11324,0,CT,CT,1973,-5,0
"BROCKTON, MASS",1968,1327,1263,786,8,4,465,64,14,15314,14525,10294,88,25,4118,789,MA,MA,1977,-9,0
"BROWNSVILLE-HARLINGEN-SAN BENITO, TEX",1968,705,513,273,0,0,240,192,33,5659,3933,2408,0,0,1525,1726,TX,TX,Inf,-Inf,0
"BUFFALO, NY",1968,7169,6869,3533,674,166,2496,300,159,94171,89606,60661,5822,1439,21683,4565,NY,NY,1975,-7,0
"CANTON, OHIO",1968,2357,2227,1260,226,119,622,130,55,38383,36152,25329,2728,1496,6599,2231,OH,OH,Inf,-Inf,0
"CEDAR RAPIDS, IOWA",1968,1662,1662,899,34,24,705,0,76,17515,17515,12487,309,122,4598,0,IA,IA,Inf,-Inf,0
"CHAMPAIGN-URBANA-RANTOUL, ILL",1968,1195,1195,233,24,58,880,0,32,11377,11377,4253,294,342,6489,0,IL,IL,Inf,-Inf,0
"CHARLESTON-NORTH CHARLESTON, SC",1968,2368,2368,1438,62,64,804,0,82,24442,24442,18382,347,306,5406,0,SC,SC,Inf,-Inf,0
"CHARLESTON, WVA",1968,709,559,260,6,20,273,150,6,9855,7731,5589,62,172,1908,2125,WV,WV,Inf,-Inf,0
"CHARLOTTE-GASTONIA, NC",1968,5373,5373,2827,178,170,2198,0,269,69198,69198,48187,1369,1201,18441,0,NC,NC,1971,-3,0
"CHATTANOOGA, TENN-GA",1968,2390,2390,1192,308,49,841,0,13,28474,28474,18587,2320,323,7244,0,TN-GA,TN,1991,-23,0
"CHICAGO, ILL",1968,59923,58013,24033,964,1213,31803,1910,1242,911937,886495,539765,12761,14247,319722,25442,IL,IL,Inf,-Inf,0
"CINCINNATI, OHIO-KY-IND",1968,9040,9040,4191,94,81,4674,0,249,119561,119561,81914,1045,693,35909,0,OH-KY-IN,OH,1972,-4,0
"CLEVELAND, OHIO",1968,15333,14341,5739,132,55,8415,992,161,252973,237669,149911,1741,660,85358,15304,OH,OH,Inf,-Inf,0
"COLORADO SPRINGS, COLO",1968,4379,4379,2338,68,40,1933,0,106,43285,43285,28997,529,254,13506,0,CO,CO,Inf,-Inf,0
"COLUMBIA, SC",1968,2703,2503,1821,46,48,588,200,70,36304,33736,26009,518,274,6935,2568,SC,SC,Inf,-Inf,0
"COLUMBUS, GA-ALA",1968,1754,1554,1179,32,64,279,200,16,23625,20442,18320,215,367,1540,3183,GA-AL,GA,1991,-23,0
"COLUMBUS, OHIO",1968,9801,9801,4212,386,723,4480,0,398,133711,133711,85012,4859,7679,36160,0,OH,OH,Inf,-Inf,0
"CORPUS CHRISTI, TEX",1968,2972,2972,974,20,7,1971,0,252,28501,28501,13467,147,45,14842,0,TX,TX,Inf,-Inf,0
"DALLAS-FORT WORTH, TEX",1968,43639,43388,14131,636,471,28150,251,683,417230,413783,229055,7871,4337,172521,3447,TX,TX,Inf,-Inf,0
"DAVENPORT-ROCK ISLAND-MOLINE, IOWA-ILL",1968,2976,2976,1867,164,51,894,0,54,43044,43044,31886,1822,619,8717,0,IA-IL,IA,Inf,-Inf,0
"DAYTON, OHIO",1968,7374,7374,4259,78,404,2633,0,207,108422,108422,84553,559,3296,20014,0,OH,OH,Inf,-Inf,0
"DECATUR, ILL",1968,465,465,425,0,0,40,0,4,10159,10159,9309,0,0,850,0,IL,IL,Inf,-Inf,0
"DENVER-BOULDER, COLO",1968,14478,14478,7119,308,232,6819,0,324,174447,174447,118956,2965,2735,49791,0,CO,CO,Inf,-Inf,0
"DES MOINES, IOWA",1968,2782,2782,1203,246,19,1314,0,97,42309,42309,26030,3079,210,12991,0,IA,IA,Inf,-Inf,0
"DETROIT, MICH",1968,29122,28723,13837,152,577,14157,399,889,449551,443141,289105,1851,7234,144951,6410,MI,MI,Inf,-Inf,0
"DUBUQUE, IOWA",1968,254,254,203,18,20,13,0,2,3472,3472,3070,169,121,112,0,IA,IA,Inf,-Inf,0
"DULUTH-SUPERIOR, MINN-WIS",1968,426,365,302,10,16,37,61,2,7271,6316,5736,94,186,300,955,MN-WI,MN,1972,-4,0
"RALEIGH-DURHAM, NC",1968,5601,5484,2536,180,320,2448,117,156,70900,69678,47909,1319,2013,18438,1222,NC,NC,1971,-3,0
"EL PASO, TEX",1968,2893,2893,1665,54,19,1155,0,98,37836,37836,28551,558,118,8610,0,TX,TX,Inf,-Inf,0
"ERIE, PA",1968,825,825,712,46,30,37,0,6,12425,12425,11369,405,293,358,0,PA,PA,Inf,-Inf,0
"EUGENE-SPRINGFIELD, OREG",1968,1976,1976,1146,338,3,489,0,39,25462,25462,18566,3396,42,3458,0,OR,OR,Inf,-Inf,0
"EVANSVILLE, IND-KY",1968,1233,1233,726,86,24,397,0,56,14419,14419,9974,947,453,3045,0,IN-KY,IN,1972,-4,0
"FALL RIVER, MASS-RI",1968,1020,659,541,14,35,69,361,6,14288,9598,8731,132,224,512,4690,MA-RI,MA,1977,-9,0
"FARGO-MOORHEAD, ND-MN",1968,1041,1041,357,4,24,656,0,38,14617,14617,7880,40,242,6455,0,ND-MN,ND,1973,-5,0
"FAYETTEVILLE, NC",1968,524,524,366,10,0,148,0,16,7605,7605,6755,67,0,784,0,NC,NC,1971,-3,0
"FITCHBURG-LEOMINSTER, MASS",1968,645,545,249,4,4,288,100,12,7639,6227,3448,22,28,2729,1412,MA,MA,1977,-9,0
"FLINT, MICH",1968,3857,3857,2761,48,81,967,0,81,55117,55117,47180,495,788,6655,0,MI,MI,Inf,-Inf,0
"FORT LAUDERDALE-HOLLYWOOD, FLA",1968,22891,22891,6014,1042,564,15271,0,443,334378,334378,116590,10601,3145,204041,0,FL,FL,Inf,-Inf,0
"FORT SMITH, ARK-OKLA",1968,458,458,335,4,16,103,0,9,7523,7523,6904,28,100,491,0,AR-OK,AR,Inf,-Inf,0
"FORT WAYNE, IND",1968,1753,1753,1022,14,4,713,0,81,27974,27974,22015,160,32,5767,0,IN,IN,1972,-4,0
"FRESNO, CALIF",1968,2940,2840,1628,208,337,667,100,79,34211,33086,23939,1873,2396,4877,1126,CA,CA,1970,-2,0
"GADSDEN, ALA",1968,283,283,215,0,4,64,0,8,3343,3343,2938,0,25,380,0,AL,AL,Inf,-Inf,0
"GALVESTON-TEXAS CITY, TEX",1968,1178,1178,549,8,20,601,0,37,13091,13091,9100,72,149,3770,0,TX,TX,Inf,-Inf,0
"GARY-HAMMOND-EAST CHICAGO, IND",1968,4054,4054,2428,152,76,1398,0,76,58157,58157,44436,1576,670,11475,0,IN,IN,1972,-4,0
"GRAND RAPIDS, MICH",1968,4744,4744,2360,352,73,1959,0,65,60044,60044,42705,3955,578,12806,0,MI,MI,Inf,-Inf,0
"GREAT FALLS, MONT",1968,163,163,115,0,4,44,0,3,1988,1988,1585,0,41,362,0,MT,MT,1971,-3,0
"GREEN BAY, WIS",1968,1446,1446,1002,222,72,150,0,18,22560,22560,18473,2449,676,962,0,WI,WI,1972,-4,0
"GREENSBORO-WINSTON-SALEM-HIGH POINT, NC",1968,6503,6146,3573,66,77,2430,357,89,78224,74021,54684,454,435,18449,4203,NC,NC,1971,-3,0
"GREENVILLE, SC",1968,2443,2443,1809,158,23,453,0,19,30790,30790,27162,781,73,2774,0,SC,SC,Inf,-Inf,0
"HAMILTON-MIDDLETOWN, OHIO",1968,1780,1780,870,22,217,671,0,32,25060,25060,17147,199,1599,6115,0,OH,OH,Inf,-Inf,0
"HARRISBURG, PA",1968,2240,2240,1144,26,16,1054,0,64,27607,27607,20393,211,133,6870,0,PA,PA,Inf,-Inf,0
"HARTFORD, CONN",1968,6367,6067,2533,92,19,3423,300,174,73876,69853,48082,802,176,20793,4023,CT,CT,1973,-5,0
"HONOLULU, HAWAII",1968,9586,9586,3680,328,225,5353,0,196,160382,160382,66710,3803,3004,86865,0,HI,HI,1974,-6,0
"HOUSTON, TEX",1968,21411,21411,5976,219,223,14993,0,1025,224790,224790,111799,1659,1465,109867,0,TX,TX,Inf,-Inf,0
"HUNTINGTON-ASHLAND, WVA-KY-OHIO",1968,722,562,311,2,15,234,160,8,11582,9226,4488,12,105,4621,2356,WV-KY-OH,WV,Inf,-Inf,0
"HUNTSVILLE, ALA",1968,792,792,677,0,15,100,0,11,10637,10637,10425,0,35,177,0,AL,AL,Inf,-Inf,0
"INDIANAPOLIS, IND",1968,10265,10265,4062,296,186,5721,0,351,112916,112916,70356,2488,2815,37257,0,IN,IN,1972,-4,0
"JACKSON, MICH",1968,927,782,664,16,7,95,145,3,12920,11058,9880,178,50,950,1862,MI,MI,Inf,-Inf,0
"JACKSON, MISS",1968,1532,1532,1068,42,23,399,0,44,19371,19371,16420,188,108,2655,0,MS,MS,Inf,-Inf,0
"JACKSONVILLE, FLA",1968,5081,5006,1646,54,114,3192,75,259,39129,38092,15434,200,413,22046,1037,FL,FL,Inf,-Inf,0
"JERSEY CITY, NJ",1968,1274,1274,86,434,12,742,0,11,13155,13155,1499,4566,86,7004,0,NJ,NJ,1989,-21,0
"JOHNSTOWN, PA",1968,341,341,224,18,0,99,0,10,5653,5653,4139,189,0,1326,0,PA,PA,Inf,-Inf,0
"KALAMAZOO, MICH",1968,1275,1275,706,16,87,466,0,35,21209,21209,16778,182,859,3391,0,MI,MI,Inf,-Inf,0
"KANSAS CITY, MO-KANS",1968,13323,13323,6080,608,645,5990,0,478,164526,164526,101810,6563,5599,50554,0,MO-KS,MO,Inf,-Inf,0
"KENOSHA, WIS",1968,257,257,169,24,12,52,0,2,3492,3492,2736,221,120,415,0,WI,WI,1972,-4,0
"KNOXVILLE, TENN",1968,3814,3664,1706,64,464,1430,150,107,41744,39864,26361,421,3036,10046,1880,TN,TN,Inf,-Inf,0
"LAFAYETTE-WEST LAFAYETTE, IND",1968,1033,1033,433,288,8,304,0,14,13638,13638,8856,3053,109,1620,0,IN,IN,1972,-4,0
"LAFAYETTE, LA",1968,605,605,377,2,20,206,0,7,8951,8951,7447,8,173,1323,0,LA,LA,Inf,-Inf,0
"LAKE CHARLES, LA",1968,672,672,314,6,11,341,0,35,11364,11364,7334,52,89,3889,0,LA,LA,Inf,-Inf,0
"LANCASTER, PA",1968,1320,1320,739,6,23,552,0,45,18370,18370,14568,49,182,3571,0,PA,PA,Inf,-Inf,0
"LANSING-EAST LANSING, MICH",1968,3892,3892,2402,180,20,1290,0,114,61084,61084,46652,2300,185,11947,0,MI,MI,Inf,-Inf,0
"LAREDO, TEX",1968,169,169,161,0,8,0,0,0,1347,1347,1242,0,105,0,0,TX,TX,Inf,-Inf,0
"LAS VEGAS, NEV",1968,2228,2228,1778,60,12,378,0,29,39646,39646,36632,963,90,1961,0,NV,NV,Inf,-Inf,0
"LAWRENCE-HAVERHILL, MASS-NH",1968,2399,2323,701,28,23,1571,76,118,22732,21603,11985,278,134,9206,1129,MA-NH,MA,1977,-9,0
"LAWTON, OKLA",1968,708,708,522,6,59,121,0,8,9356,9356,8557,34,272,493,0,OK,OK,Inf,-Inf,0
"LEWISTON-AUBURN, MAINE",1968,302,202,191,2,4,5,100,1,4545,3218,3120,20,38,40,1328,MN,MN,1973,-5,0
"LEXINGTON-FAYETTE, KY",1968,2715,2715,988,208,4,1515,0,76,30566,30566,17319,1854,35,11359,0,KY,KY,Inf,-Inf,0
"LIMA, OHIO",1968,379,379,317,15,11,36,0,6,6947,6947,6479,112,61,295,0,OH,OH,Inf,-Inf,0
"LINCOLN, NEBR",1968,1264,1264,501,54,58,651,0,50,14603,14603,7923,669,604,5405,0,NE,NE,Inf,-Inf,0
"LITTLE ROCK-NORTH LITTLE ROCK, ARK",1968,1621,1621,1271,34,36,280,0,17,29810,29810,27452,277,265,1817,0,AR,AR,Inf,-Inf,0
"LORAIN-ELYRIA, OHIO",1968,1705,1705,949,36,19,701,0,48,26397,26397,20057,315,196,5830,0,OH,OH,Inf,-Inf,0
"LOS ANGELES-LONG BEACH, CALIF",1968,33842,33842,14292,634,996,17920,0,967,586914,586914,352373,8519,12373,213648,0,CA,CA,1970,-2,0
"LOUISVILLE, KY-IND",1968,8327,8226,3401,12,57,4756,101,224,88730,87519,53903,70,485,33062,1210,KY-IN,KY,1972,-4,0
"LOWELL, MASS-NH",1968,1894,1854,1101,48,16,689,40,39,22105,21563,16862,433,105,4164,541,MA-NH,MA,1977,-9,0
"LUBBOCK, TEX",1968,802,732,500,22,40,170,70,9,14480,13682,11495,525,200,1462,798,TX,TX,Inf,-Inf,0
"LYNCHBURG, VA",1968,664,664,586,6,4,68,0,7,10865,10865,10026,52,30,757,0,VA,VA,1973,-5,0
"MCALLEN-PHARR-EDINBURG, TEX",1968,772,772,655,22,12,83,0,13,7092,7092,6343,104,105,540,0,TX,TX,Inf,-Inf,0
"MACON, GA",1968,1777,1777,890,178,316,393,0,37,17444,17444,11292,926,1795,3431,0,GA,GA,1991,-23,0
"MADISON, WIS",1968,4145,3899,1589,176,30,2104,246,91,44945,41717,26849,1950,244,12674,3228,WI,WI,1972,-4,0
"MANCHESTER, NH",1968,520,420,347,16,15,42,100,1,7144,5561,5036,141,134,250,1583,NH,NH,Inf,-Inf,0
"MANSFIELD, OHIO",1968,625,625,424,60,19,122,0,13,10417,10417,8570,627,166,1054,0,OH,OH,Inf,-Inf,0
"MEMPHIS, TENN-ARK",1968,8663,8663,3897,360,164,4242,0,252,90835,90835,57978,2127,1088,29641,0,TN-AR,TN,Inf,-Inf,0
"MERIDEN, CONN",1968,388,388,168,0,0,220,0,5,4460,4460,2695,0,0,1764,0,CT,CT,1973,-5,0
"MIAMI, FLA",1968,22857,22761,4733,896,420,16712,96,519,281098,279533,91458,8335,4019,175722,1565,FL,FL,Inf,-Inf,0
"MIDLAND, TEX",1968,252,252,186,10,3,53,0,2,4968,4968,4354,184,120,310,0,TX,TX,Inf,-Inf,0
"MILWAUKEE, WIS",1968,8977,8977,4608,566,126,3677,0,182,138768,138768,93768,6830,1330,36840,0,WI,WI,1972,-4,0
"MINNEAPOLIS-ST PAUL, MN-WI",1968,24021,23506,9052,616,162,13676,515,428,349588,343206,200711,8750,1552,132193,6381,MN-WI,MN,1972,-4,0
"MOBILE, ALA",1968,1404,1332,912,52,28,340,72,26,13434,12526,9898,273,156,2199,907,AL,AL,Inf,-Inf,0
"MONROE, LA",1968,419,419,268,0,35,116,0,3,5906,5906,4644,0,229,1033,0,LA,LA,Inf,-Inf,0
"MONTGOMERY, ALA",1968,2107,1606,972,16,4,614,501,35,23032,16990,12851,64,33,4043,6042,AL,AL,Inf,-Inf,0
"MUNCIE, IND",1968,567,467,296,24,4,143,100,6,8140,6301,4905,292,38,1066,1839,IN,IN,1972,-4,0
"MUSKEGON-NORTON SHORES-MUSKEGON HEIGHTS, MICH",1968,942,852,532,0,12,308,90,21,12327,11147,8242,0,157,2748,1180,MI,MI,Inf,-Inf,0
"NASHVILLE-DAVIDSON, TENN",1968,7586,7191,2736,256,90,4109,395,65,68486,64153,35315,1620,347,26870,4333,TN,TN,Inf,-Inf,0
"NEWARK, NJ",1968,6040,5860,3434,238,41,2147,180,65,98982,96797,74611,2547,325,19314,2185,NJ,NJ,1989,-21,0
"NEW BEDFORD, MASS",1968,560,560,483,2,8,67,0,2,7323,7323,6909,9,30,375,0,MA,MA,1977,-9,0
"NEW BRITAIN, CONN",1968,1267,1267,466,126,4,671,0,43,11651,11651,5857,1039,40,4716,0,CT,CT,1973,-5,0
"NEW HAVEN-WEST HAVEN, CONN",1968,2714,2714,973,48,40,1653,0,107,29226,29226,17159,439,281,11347,0,CT,CT,1973,-5,0
"NEW LONDON-GROTON-NORWICH, CONN",1968,1002,902,656,6,16,224,100,17,14554,13124,11288,70,124,1642,1430,CT,CT,1973,-5,0
"NEW ORLEANS, LA",1968,7508,7508,4423,636,556,1893,0,61,111228,111228,83429,7122,5436,15241,0,LA,LA,Inf,-Inf,0
"NEWPORT NEWS-HAMPTON, VA",1968,3472,3472,1799,4,0,1669,0,150,38824,38824,26586,26,0,12212,0,VA,VA,1973,-5,0
"NEW YORK, NY-NJ",1968,46862,45111,16931,5828,73,22279,1751,361,660344,633093,316123,59217,700,257054,27251,NY-NJ,NY,1975,-7,0
"NORFOLK-VIRGINIA BEACH-PORTSMOUTH, VA-NC",1968,5348,5298,3225,128,261,1684,50,200,73292,72430,54316,1022,2124,14969,862,VA-NC,VA,1971,-3,0
"NORWALK, CONN",1968,592,592,546,28,12,6,0,1,15882,15882,15119,360,228,175,0,CT,CT,1973,-5,0
"ODESSA, TEX",1968,116,116,80,0,0,36,0,2,1873,1873,1698,0,0,175,0,TX,TX,Inf,-Inf,0
"SALT LAKE CITY-OGDEN, UTAH",1968,3620,3620,2504,190,216,710,0,53,49531,49531,40160,1729,2119,5523,0,UT,UT,Inf,-Inf,0
"OKLAHOMA CITY, OKLA",1968,7987,7587,2913,90,74,4510,400,112,91581,86269,49793,1116,503,34857,5312,OK,OK,Inf,-Inf,0
"OMAHA, NEBR-IOWA",1968,5660,5372,1928,22,4,3418,288,211,47797,44687,25823,200,45,18620,3110,NE-IA,NE,Inf,-Inf,0
"ORLANDO, FLA",1968,7421,7421,3686,162,127,3446,0,171,84157,84157,54423,1196,1083,27454,0,FL,FL,Inf,-Inf,0
"OXNARD-SIMI VALLEY- VENTURA, CALIF",1968,4776,4776,4060,48,59,609,0,46,108918,108918,100911,628,659,6720,0,CA,CA,1970,-2,0
"PATERSON-CLIFTON-PASSAIC, NJ",1968,5400,5400,2435,554,40,2371,0,82,86458,86458,58016,6400,381,21661,0,NJ,NJ,1989,-21,0
"PENSACOLA, FLA",1968,1370,1370,1176,114,37,43,0,3,20011,20011,18443,917,300,351,0,FL,FL,Inf,-Inf,0
"PEORIA, ILL",1968,2393,2393,1548,138,47,660,0,26,39721,39721,30601,2020,450,6650,0,IL,IL,Inf,-Inf,0
"PHILADELPHIA, PA-NJ",1968,28248,27991,12698,564,571,14158,257,822,322545,318840,208345,3737,3886,102872,3704,PA-NJ,PA,1989,-21,0
"PHOENIX, ARIZ",1968,11201,11201,7488,566,590,2557,0,176,123278,123278,98718,5433,4375,14751,0,AZ,AZ,Inf,-Inf,0
"PINE BLUFF, ARK",1968,561,561,246,16,8,291,0,22,4608,4608,2689,79,49,1792,0,AR,AR,Inf,-Inf,0
"PITTSBURGH, PA",1968,10691,10286,5261,122,132,4771,405,201,147657,142174,102986,1402,1271,36515,5483,PA,PA,Inf,-Inf,0
"PITTSFIELD, MASS",1968,296,296,162,2,4,128,0,8,5241,5241,3069,40,60,2073,0,MA,MA,1977,-9,0
"PORTLAND, MAINE",1968,735,735,496,54,15,170,0,17,10593,10593,8720,443,108,1323,0,MN,MN,1973,-5,0
"PORTLAND, OREG-WASH",1968,12572,12272,5657,998,1098,4519,300,354,162741,159448,103492,9001,9882,37073,3293,OR-WA,OR,1971,-3,0
"PROVIDENCE-PAWTUCKET-WARWICK, RI-MASS",1968,4796,4280,3033,104,19,1124,516,72,59371,52345,44217,859,116,7153,7026,RI-MA,RI,1977,-9,0
"PROVO-OREM, UTAH",1968,1269,1269,590,120,104,455,0,15,13495,13495,8773,937,685,3100,0,UT,UT,Inf,-Inf,0
"PUEBLO, COLO",1968,392,392,298,28,24,42,0,7,4488,4488,3630,230,329,298,0,CO,CO,Inf,-Inf,0
"RACINE, WIS",1968,695,695,563,64,8,60,0,7,13173,13173,11621,800,84,668,0,WI,WI,1972,-4,0
"READING, PA",1968,568,568,528,0,8,32,0,3,9848,9848,9514,0,90,244,0,PA,PA,Inf,-Inf,0
"RENO, NEV",1968,921,921,486,40,38,357,0,37,16877,16877,11196,461,689,4530,0,NV,NV,Inf,-Inf,0
"RICHMOND, VA",1968,6864,6764,2960,58,378,3368,100,383,64116,63084,43158,355,1873,17698,1032,VA,VA,1973,-5,0
"ROANOKE, VA",1968,1908,1908,1225,50,8,625,0,51,21269,21269,16835,412,33,3990,0,VA,VA,1973,-5,0
"ROCHESTER, NY",1968,6801,6737,3719,160,220,2638,64,206,113480,112308,79852,1990,2070,28396,1172,NY,NY,1975,-7,0
"ROCKFORD, ILL",1968,3865,3690,1462,248,156,1824,175,116,47863,45197,24756,3029,1295,16119,2666,IL,IL,Inf,-Inf,0
"SACRAMENTO, CALIF",1968,6633,6633,3609,360,886,1778,0,152,89807,89807,62465,4077,7998,15268,0,CA,CA,1970,-2,0
"SAGINAW, MICH",1968,1632,1522,1124,108,64,226,110,14,25054,23695,19859,1259,767,1810,1359,MI,MI,Inf,-Inf,0
"ST JOSEPH, MO",1968,373,373,211,20,0,142,0,15,3900,3900,2685,165,0,1051,0,MO,MO,Inf,-Inf,0
"ST LOUIS, MO-ILL",1968,16747,16502,10162,298,1318,4724,245,367,255058,249927,193782,3161,13698,39285,5131,MO-IL,MO,Inf,-Inf,0
"SALEM, OREG",1968,1639,1559,802,128,171,458,80,49,20291,19334,13266,1176,1475,3417,957,OR,OR,Inf,-Inf,0
"SALINAS-SEASIDE-MONTEREY, CALIF",1968,1423,1215,898,62,73,182,208,26,28370,24480,21379,669,776,1655,3890,CA,CA,1970,-2,0
"SAN ANGELO, TEX",1968,236,236,186,2,0,48,0,2,3123,3123,2876,9,0,238,0,TX,TX,Inf,-Inf,0
"SAN ANTONIO, TEX",1968,7875,7875,3287,264,29,4295,0,97,68622,68622,37324,1872,182,29244,0,TX,TX,Inf,-Inf,0
"RIVERSIDE-SAN BERNARDINO-ONTARIO, CALIF",1968,7384,7384,5634,128,360,1262,0,136,107816,107816,93625,1224,2735,10231,0,CA,CA,1970,-2,0
"SAN DIEGO, CALIF",1968,21552,21552,9435,384,388,11345,0,863,275025,275025,176713,3708,3980,90624,0,CA,CA,1970,-2,0
"SAN FRANCISCO-OAKLAND, CALIF",1968,20616,19540,10938,398,1057,7147,1076,393,366820,347883,248440,6492,13569,79382,18937,CA,CA,1970,-2,0
"SAN JOSE, CALIF",1968,17559,17559,9396,594,897,6672,0,395,272555,272555,188300,8887,9716,65652,0,CA,CA,1970,-2,0
"SANTA BARBARA-SANTA MARIA-LOMPOC, CALIF",1968,1954,1954,825,108,161,860,0,73,32998,32998,22234,1580,1817,7367,0,CA,CA,1970,-2,0
"SAVANNAH, GA",1968,1468,1468,788,14,16,650,0,24,13230,13230,8676,53,97,4403,0,GA,GA,1991,-23,0
"SCRANTON, PA",1968,546,546,311,76,7,152,0,5,7569,7569,5092,1385,72,1020,0,PA,PA,Inf,-Inf,0
"SEATTLE-EVERETT, WASH",1968,29096,28656,13915,494,789,13458,440,842,429588,423496,264070,5823,8337,145266,6091,WA,WA,1971,-3,0
"SHERMAN-DENISON, TEX",1968,545,545,353,20,0,172,0,5,6405,6405,5203,142,0,1060,0,TX,TX,Inf,-Inf,0
"SHREVEPORT, LA",1968,1933,1933,1297,4,0,632,0,9,24408,24408,20235,62,0,4111,0,LA,LA,Inf,-Inf,0
"SIOUX CITY, IOWA-NEBR",1968,451,451,283,16,8,144,0,11,6110,6110,4871,196,127,917,0,IA-NE,IA,Inf,-Inf,0
"SIOUX FALLS, SDAK",1968,331,331,164,8,15,144,0,16,3991,3991,2555,76,145,1215,0,SD,SD,1974,-6,0
"SOUTH BEND, IND",1968,1775,1775,754,6,4,1011,0,76,25814,25814,15868,70,40,9836,0,IN,IN,1972,-4,0
"SPOKANE, WASH",1968,1891,1891,1189,124,94,484,0,33,33622,33622,26311,1717,869,4724,0,WA,WA,1971,-3,0
"SPRINGFIELD, ILL",1968,605,605,450,26,50,79,0,7,12086,12086,10146,372,673,895,0,IL,IL,Inf,-Inf,0
"SPRINGFIELD, MO",1968,1524,1524,966,26,97,435,0,20,14729,14729,12044,186,574,1926,0,MO,MO,Inf,-Inf,0
"SPRINGFIELD, OHIO",1968,791,791,677,2,28,84,0,4,11196,11196,10384,16,233,564,0,OH,OH,Inf,-Inf,0
"SPRINGFIELD-CHICOPEE-HOLYOKE, MASS-CONN",1968,3119,3019,1522,138,31,1328,100,83,38670,37153,25406,991,279,10477,1516,MA-CT,MA,1973,-5,0
"STAMFORD, CONN",1968,1491,1491,579,74,15,823,0,21,33705,33705,21456,1232,150,10868,0,CT,CT,1973,-5,0
"STEUBENVILLE-WEIRTON, OHIO-WVA",1968,297,297,251,12,12,22,0,2,5032,5032,4559,141,112,220,0,OH-WV,OH,Inf,-Inf,0
"STOCKTON, CALIF",1968,2072,2072,1138,148,168,618,0,34,28145,28145,19881,1571,1664,5028,0,CA,CA,1970,-2,0
"SYRACUSE, NY",1968,3853,3853,1283,52,11,2507,0,136,43955,43955,23040,517,187,20211,0,NY,NY,1975,-7,0
"TACOMA, WASH",1968,7337,7337,3798,288,334,2917,0,152,92020,92020,61374,2899,3036,24711,0,WA,WA,1971,-3,0
"TALLAHASSEE, FLA",1968,1760,1760,653,12,23,1072,0,79,19775,19775,11457,100,191,8027,0,FL,FL,Inf,-Inf,0
"TAMPA-ST PETERSBURG, FLA",1968,14192,13862,6912,430,252,6268,330,239,156074,151706,98539,2733,2105,48329,4368,FL,FL,Inf,-Inf,0
"TERRE HAUTE, IND",1968,197,197,51,4,4,138,0,8,1972,1972,879,41,30,1022,0,IN,IN,1972,-4,0
"TEXARKANA, TEX-ARK",1968,649,649,307,2,16,324,0,15,5404,5404,3628,13,71,1693,0,TX-AR,TX,Inf,-Inf,0
"TOLEDO, OHIO-MICH",1968,4052,4052,2133,104,121,1694,0,84,55064,55064,41773,1051,1175,11065,0,OH-MI,OH,Inf,-Inf,0
"TOPEKA, KANS",1968,1304,1304,427,26,190,661,0,33,17394,17394,8266,316,1814,6999,0,KS,KS,Inf,-Inf,0
"TRENTON, NJ",1968,1273,1165,895,10,0,260,108,23,24382,22795,20103,92,0,2600,1587,NJ,NJ,1989,-21,0
"TUCSON, ARIZ",1968,2819,2819,2044,128,128,519,0,25,46091,46091,38287,833,2453,4518,0,AZ,AZ,Inf,-Inf,0
"TULSA, OKLA",1968,6136,6003,2092,206,458,3247,133,372,58391,56822,29601,2249,2843,22130,1569,OK,OK,Inf,-Inf,0
"TUSCALOOSA, ALA",1968,1239,1239,472,6,32,729,0,16,14607,14607,8114,64,183,6247,0,AL,AL,Inf,-Inf,0
"TYLER, TEX",1968,215,215,185,12,0,18,0,2,3973,3973,3654,218,0,100,0,TX,TX,Inf,-Inf,0
"UTICA-ROME, NY",1968,524,524,315,6,8,195,0,10,6739,6739,5211,38,65,1425,0,NY,NY,1975,-7,0
"VALLEJO-FAIRFIELD-NAPA, CALIF",1968,2562,2562,1432,58,413,659,0,63,36605,36605,27250,562,3541,5252,0,CA,CA,1970,-2,0
"VINELAND-MILLVILLE-BRIDGETON, NJ",1968,1114,1014,644,12,4,354,100,19,14064,12638,10349,79,20,2189,1427,NJ,NJ,1989,-21,0
"WACO, TEX",1968,513,513,265,16,0,232,0,6,7832,7832,5450,138,0,2244,0,TX,TX,Inf,-Inf,0
"WASHINGTON, DC-MD-VA",1968,25784,25534,15235,18,12,10269,250,374,361133,356587,261768,212,300,94308,4546,DC-MD-VA,DC,1973,-5,0
"WATERBURY, CONN",1968,1965,1965,828,46,667,424,0,27,22355,22355,13926,433,4834,3162,0,CT,CT,1973,-5,0
"WATERLOO-CEDAR FALLS, IOWA",1968,829,829,484,50,7,288,0,18,10227,10227,7680,508,77,1961,0,IA,IA,Inf,-Inf,0
"WEST PALM BEACH-BOCA RATON, FLA",1968,9391,9191,2525,308,286,6072,200,225,149033,146436,53400,2707,2882,87447,2597,FL,FL,Inf,-Inf,0
"WHEELING, WVA-OHIO",1968,216,216,183,4,7,22,0,3,3066,3066,2781,46,40,199,0,WV-OH,WV,Inf,-Inf,0
"WICHITA, KANS",1968,2580,2490,976,66,8,1440,90,119,34431,33757,19887,919,88,12864,673,KS,KS,Inf,-Inf,0
"WICHITA FALLS, TEX",1968,229,229,217,2,4,6,0,1,3715,3715,3630,27,25,32,0,TX,TX,Inf,-Inf,0
"WILKES-BARRE-HAZELTON, PA",1968,1500,1100,774,100,4,222,400,24,20710,14747,12496,863,28,1360,5963,PA,PA,Inf,-Inf,0
"WILMINGTON, DEL-NJ-MD",1968,4656,4656,2355,14,3,2284,0,118,49605,49605,35475,92,15,14023,0,DEL-NJ-MD,DE,1973,-5,0
"WILMINGTON, NC",1968,1342,1342,993,28,111,210,0,29,19059,19059,15529,218,1429,1884,0,NC,NC,1971,-3,0
"WORCESTER, MASS",1968,1454,1350,911,38,11,390,104,23,20452,19062,14945,323,77,3717,1390,MA,MA,1977,-9,0
"YORK, PA",1968,1163,1163,863,4,8,288,0,27,17450,17450,15680,59,65,1646,0,PA,PA,Inf,-Inf,0
"YOUNGSTOWN-WARREN, OHIO",1968,2274,2274,1414,54,148,658,0,45,34768,34768,27427,604,1311,5426,0,OH,OH,Inf,-Inf,0
"ABILENE, TEX",1969,113,113,54,8,0,51,0,9,1868,1868,1285,76,0,507,0,TX,TX,Inf,-Inf,0
"AKRON, OHIO",1969,3556,3556,1853,396,211,1096,0,59,67677,67677,47132,5574,3044,11928,0,OH,OH,Inf,-Inf,0
"ALBANY, GA",1969,1167,1167,480,70,28,589,0,89,12296,12296,7050,456,177,4613,0,GA,GA,1991,-22,0
"ALBANY-SCHENECTADY-TROY, NY",1969,4623,4389,2174,154,28,2033,234,110,65619,61533,40289,1925,247,19073,4086,NY,NY,1975,-6,0
"ALBUQUERQUE, NMEX",1969,1730,1730,1002,14,38,676,0,11,27977,27977,21286,165,331,6196,0,NM,NM,Inf,-Inf,0
"ALLENTOWN-BETHLEHEM-EASTON, PA-NJ",1969,3194,3194,1538,26,44,1586,0,68,45799,45799,31924,277,422,13175,0,PA-NJ,PA,1989,-20,0
"ALTOONA, PA",1969,197,197,170,4,0,23,0,3,3368,3368,2918,90,0,360,0,PA,PA,Inf,-Inf,0
"AMARILLO, TEX",1969,439,439,215,6,0,218,0,2,7960,7960,5895,95,0,1970,0,TX,TX,Inf,-Inf,0
"ANAHEIM-SANTA ANA-GARDEN GROVE, CALIF",1969,32796,32796,12991,204,2139,17462,0,1138,549276,549276,324986,3197,25371,195722,0,CA,CA,1970,-1,0
"ANDERSON, IND",1969,704,704,361,46,7,290,0,32,8756,8756,6509,399,38,1810,0,IN,IN,1972,-3,0
"ANN ARBOR, MICH",1969,3213,3213,1155,26,15,2017,0,190,53036,53036,25047,312,145,27532,0,MI,MI,Inf,-Inf,0
"ASHEVILLE, NC",1969,360,136,128,4,4,0,224,0,6085,2069,2017,32,20,0,4017,NC,NC,1971,-2,0
"ATLANTA, GA",1969,23409,23193,8879,126,170,14018,216,1053,270740,268740,145867,1076,1651,120147,2000,GA,GA,1991,-22,0
"ATLANTIC CITY, NJ",1969,2372,1972,676,170,4,1122,400,51,30988,24239,10867,1189,32,12151,6749,NJ,NJ,1989,-20,0
"AUGUSTA, GA-SC",1969,2196,1748,1353,26,136,233,448,30,26055,18427,16576,133,860,857,7628,GA-SC,GA,1991,-22,0
"AUSTIN, TEX",1969,6289,6289,1783,244,181,4081,0,67,89004,89004,39775,3354,1781,44094,0,TX,TX,Inf,-Inf,0
"BAKERSFIELD, CALIF",1969,1946,1946,1252,148,274,272,0,24,29389,29389,21989,1415,2774,3211,0,CA,CA,1970,-1,0
"BALTIMORE, MD",1969,15449,14731,7489,26,20,7196,718,376,205259,194065,136384,302,259,57121,11193,MD,MD,1973,-4,0
"BATON ROUGE, LA",1969,3640,3640,1390,72,45,2133,0,42,42129,42129,24690,621,288,16530,0,LA,LA,Inf,-Inf,0
"BAY CITY, MICH",1969,654,654,456,64,11,123,0,2,10090,10090,8627,533,100,830,0,MI,MI,Inf,-Inf,0
"BEAUMONT-PORT ARTHUR-ORANGE, TEX",1969,808,808,494,40,11,263,0,7,10787,10787,8334,569,59,1825,0,TX,TX,Inf,-Inf,0
"BILLINGS, MONT",1969,411,411,76,14,35,286,0,18,4976,4976,1884,173,333,2586,0,MT,MT,1971,-2,0
"BILOXI-GULFPORT, MISS",1969,916,916,369,10,4,533,0,13,8597,8597,4963,53,30,3552,0,MS,MS,Inf,-Inf,0
"BINGHAMTON, NY-PA",1969,918,918,495,18,6,399,0,22,17239,17239,12346,274,59,4560,0,NY-PA,NY,1975,-6,0
"BIRMINGHAM, ALA",1969,3957,3917,2238,24,76,1579,40,99,52680,52204,37348,148,899,13809,476,AL,AL,Inf,-Inf,0
"BLOOMINGTON-NORMAL, ILL",1969,939,739,330,20,144,245,200,25,12851,10810,6570,426,1791,2023,2041,IL,IL,Inf,-Inf,0
"BOISE CITY, IDAHO",1969,306,306,229,18,19,40,0,4,4677,4677,3857,162,162,496,0,ID,ID,Inf,-Inf,0
"BOSTON, MASS",1969,12517,11881,3805,340,95,7641,636,290,186871,176481,89300,4447,1223,81511,10390,MA,MA,1977,-8,0
"BRIDGEPORT, CONN",1969,2351,2301,997,50,8,1246,50,69,38247,37391,25540,587,65,11199,856,CT,CT,1973,-4,0
"BROCKTON, MASS",1969,1400,1400,922,2,50,426,0,20,18782,18782,13673,16,1220,3873,0,MA,MA,1977,-8,0
"BROWNSVILLE-HARLINGEN-SAN BENITO, TEX",1969,564,328,228,2,0,98,236,10,5921,2718,2056,12,0,650,3203,TX,TX,Inf,-Inf,0
"BUFFALO, NY",1969,5775,5775,2894,832,89,1960,0,166,77028,77028,52357,6410,888,17372,0,NY,NY,1975,-6,0
"CANTON, OHIO",1969,1862,1762,911,246,72,533,100,39,31093,29745,19983,3181,929,5651,1348,OH,OH,Inf,-Inf,0
"CEDAR RAPIDS, IOWA",1969,1031,1031,674,24,24,309,0,30,11353,11353,9339,242,162,1610,0,IA,IA,Inf,-Inf,0
"CHAMPAIGN-URBANA-RANTOUL, ILL",1969,533,533,176,34,30,293,0,25,5454,5454,2967,350,338,1799,0,IL,IL,Inf,-Inf,0
"CHARLESTON-NORTH CHARLESTON, SC",1969,2474,2270,928,48,24,1270,204,122,24705,22382,11336,353,123,10570,2323,SC,SC,Inf,-Inf,0
"CHARLESTON, WVA",1969,501,501,440,12,49,0,0,0,7398,7398,6741,118,539,0,0,WV,WV,Inf,-Inf,0
"CHARLOTTE-GASTONIA, NC",1969,5195,5195,2095,302,435,2363,0,294,65339,65339,38873,3189,3809,19468,0,NC,NC,1971,-2,0
"CHATTANOOGA, TENN-GA",1969,1744,1744,1028,372,47,297,0,10,20825,20825,15136,2997,462,2231,0,TN-GA,TN,1991,-22,0
"CHICAGO, ILL",1969,51213,49908,18601,748,759,29800,1305,1122,791890,774443,442378,10216,8909,312939,17448,IL,IL,Inf,-Inf,0
"CINCINNATI, OHIO-KY-IND",1969,7660,7660,3522,112,105,3921,0,202,110661,110661,72186,1089,1169,36218,0,OH-KY-IN,OH,1972,-3,0
"CLEVELAND, OHIO",1969,12712,12700,4353,174,52,8121,12,144,218547,218335,120052,2237,688,95358,212,OH,OH,Inf,-Inf,0
"COLORADO SPRINGS, COLO",1969,3918,3918,2217,48,44,1609,0,127,41207,41207,29756,396,342,10713,0,CO,CO,Inf,-Inf,0
"COLUMBIA, SC",1969,2363,2203,1641,86,215,261,160,21,31966,29323,24701,572,1707,2344,2642,SC,SC,Inf,-Inf,0
"COLUMBUS, GA-ALA",1969,1746,1546,914,50,29,553,200,53,21850,18667,14491,413,160,3603,3183,GA-AL,GA,1991,-22,0
"COLUMBUS, OHIO",1969,8941,8941,3521,212,462,4746,0,406,119155,119155,75805,2609,4339,36403,0,OH,OH,Inf,-Inf,0
"CORPUS CHRISTI, TEX",1969,1233,1149,727,46,21,355,84,43,13359,12286,9643,392,158,2092,1073,TX,TX,Inf,-Inf,0
"DALLAS-FORT WORTH, TEX",1969,36622,36349,12458,586,660,22645,273,493,378256,374500,205174,7125,6225,155977,3756,TX,TX,Inf,-Inf,0
"DAVENPORT-ROCK ISLAND-MOLINE, IOWA-ILL",1969,2362,2059,1396,92,24,547,303,50,34247,30251,24305,1048,242,4656,3997,IA-IL,IA,Inf,-Inf,0
"DAYTON, OHIO",1969,6587,6587,3531,176,196,2684,0,214,99271,99271,70314,1736,1541,25680,0,OH,OH,Inf,-Inf,0
"DECATUR, ILL",1969,370,370,370,0,0,0,0,0,9131,9131,9131,0,0,0,0,IL,IL,Inf,-Inf,0
"DENVER-BOULDER, COLO",1969,15964,15914,7175,310,262,8167,50,405,187499,186741,124660,3239,3220,55622,758,CO,CO,Inf,-Inf,0
"DES MOINES, IOWA",1969,2257,2257,982,158,15,1102,0,63,34559,34559,22403,2070,248,9838,0,IA,IA,Inf,-Inf,0
"DETROIT, MICH",1969,25660,25660,10795,172,198,14495,0,861,418800,418800,233082,2074,2262,181381,0,MI,MI,Inf,-Inf,0
"DUBUQUE, IOWA",1969,334,334,197,8,68,61,0,8,4000,4000,2931,60,432,577,0,IA,IA,Inf,-Inf,0
"DULUTH-SUPERIOR, MINN-WIS",1969,1043,1003,463,8,10,522,40,19,13065,12483,6251,73,113,6046,582,MN-WI,MN,1972,-3,0
"RALEIGH-DURHAM, NC",1969,4903,4903,2689,84,122,2008,0,187,66129,66129,50361,585,1028,14157,0,NC,NC,1971,-2,0
"EL PASO, TEX",1969,3855,3525,1711,80,173,1561,330,177,48119,42734,27042,824,1634,13234,5385,TX,TX,Inf,-Inf,0
"ERIE, PA",1969,809,809,592,40,31,146,0,12,11799,11799,9830,364,277,1328,0,PA,PA,Inf,-Inf,0
"EUGENE-SPRINGFIELD, OREG",1969,1743,1743,1196,112,32,403,0,37,23727,23727,19187,1322,322,2896,0,OR,OR,Inf,-Inf,0
"EVANSVILLE, IND-KY",1969,1050,1050,710,20,10,310,0,10,15584,15584,11061,218,81,4223,0,IN-KY,IN,1972,-3,0
"FALL RIVER, MASS-RI",1969,816,716,579,22,14,101,100,11,11900,10067,9013,219,86,750,1833,MA-RI,MA,1977,-8,0
"FARGO-MOORHEAD, ND-MN",1969,1124,1124,282,18,10,814,0,25,15290,15290,6343,234,94,8620,0,ND-MN,ND,1973,-4,0
"FAYETTEVILLE, NC",1969,581,581,285,4,4,288,0,30,7907,7907,5958,30,20,1900,0,NC,NC,1971,-2,0
"FITCHBURG-LEOMINSTER, MASS",1969,537,537,209,6,16,306,0,30,5065,5065,3202,52,90,1720,0,MA,MA,1977,-8,0
"FLINT, MICH",1969,4251,4141,2703,28,28,1382,110,87,55596,54652,44258,299,235,9861,944,MI,MI,Inf,-Inf,0
"FORT LAUDERDALE-HOLLYWOOD, FLA",1969,25069,25069,5285,1146,443,18195,0,468,427546,427546,115348,12001,3936,296262,0,FL,FL,Inf,-Inf,0
"FORT SMITH, ARK-OKLA",1969,578,536,244,14,40,238,42,9,8486,7972,5915,140,265,1652,514,AR-OK,AR,Inf,-Inf,0
"FORT WAYNE, IND",1969,2042,1946,931,14,115,886,96,96,30911,29419,20184,180,697,8358,1493,IN,IN,1972,-3,0
"FRESNO, CALIF",1969,2442,2442,1370,278,202,592,0,52,32332,32332,22231,2716,1968,5416,0,CA,CA,1970,-1,0
"GADSDEN, ALA",1969,139,139,139,0,0,0,0,0,1592,1592,1592,0,0,0,0,AL,AL,Inf,-Inf,0
"GALVESTON-TEXAS CITY, TEX",1969,876,876,407,4,34,431,0,17,10785,10785,7823,44,171,2747,0,TX,TX,Inf,-Inf,0
"GARY-HAMMOND-EAST CHICAGO, IND",1969,4366,4366,2069,196,88,2013,0,89,61929,61929,41206,1998,754,17971,0,IN,IN,1972,-3,0
"GRAND RAPIDS, MICH",1969,3373,3373,1772,166,89,1346,0,61,45922,45922,32927,2005,910,10081,0,MI,MI,Inf,-Inf,0
"GREAT FALLS, MONT",1969,188,188,94,12,27,55,0,5,2006,2006,1307,90,186,424,0,MT,MT,1971,-2,0
"GREEN BAY, WIS",1969,1370,1370,736,196,98,340,0,34,21636,21636,14882,2368,818,3568,0,WI,WI,1972,-3,0
"GREENSBORO-WINSTON-SALEM-HIGH POINT, NC",1969,5806,5503,3663,36,119,1685,303,104,76174,71623,55945,224,1013,14441,4552,NC,NC,1971,-2,0
"GREENVILLE, SC",1969,2501,2501,1572,130,90,709,0,56,32337,32337,26245,867,810,4415,0,SC,SC,Inf,-Inf,0
"HAMILTON-MIDDLETOWN, OHIO",1969,2057,2057,789,50,93,1125,0,77,28141,28141,15338,428,909,11467,0,OH,OH,Inf,-Inf,0
"HARRISBURG, PA",1969,2013,2013,1072,24,40,877,0,65,29570,29570,20907,329,361,7972,0,PA,PA,Inf,-Inf,0
"HARTFORD, CONN",1969,7529,7453,2093,140,36,5184,76,308,84169,83181,41117,1897,216,39951,988,CT,CT,1973,-4,0
"HONOLULU, HAWAII",1969,11151,11000,3567,286,316,6831,151,239,195765,193162,69316,4640,3927,115280,2603,HI,HI,1974,-5,0
"HOUSTON, TEX",1969,25341,25341,4459,124,47,20711,0,1550,242381,242381,90584,1334,339,150124,0,TX,TX,Inf,-Inf,0
"HUNTINGTON-ASHLAND, WVA-KY-OHIO",1969,468,468,138,4,13,313,0,29,4531,4531,2365,29,90,2047,0,WV-KY-OH,WV,Inf,-Inf,0
"HUNTSVILLE, ALA",1969,909,739,481,2,4,252,170,26,12268,9537,7371,26,15,2125,2731,AL,AL,Inf,-Inf,0
"INDIANAPOLIS, IND",1969,11420,11162,3579,262,291,7030,258,570,131974,129657,67638,2575,4559,54884,2318,IN,IN,1972,-3,0
"JACKSON, MICH",1969,540,540,493,4,3,40,0,5,8269,8269,7749,41,28,450,0,MI,MI,Inf,-Inf,0
"JACKSON, MISS",1969,1734,1734,854,14,30,836,0,108,20870,20870,14112,91,306,6361,0,MS,MS,Inf,-Inf,0
"JACKSONVILLE, FLA",1969,4835,4617,1231,22,311,3053,218,297,51333,48233,16922,156,2956,28199,3100,FL,FL,Inf,-Inf,0
"JERSEY CITY, NJ",1969,1828,1576,61,480,3,1032,252,20,16221,14287,1031,5234,25,7997,1934,NJ,NJ,1989,-20,0
"JOHNSTOWN, PA",1969,458,458,170,4,0,284,0,2,6571,6571,3619,52,0,2900,0,PA,PA,Inf,-Inf,0
"KALAMAZOO, MICH",1969,1038,1038,447,16,155,420,0,28,16601,16601,11320,202,1744,3335,0,MI,MI,Inf,-Inf,0
"KANSAS CITY, MO-KANS",1969,11186,11162,4228,486,397,6051,24,476,155457,154913,77039,6910,3978,66987,544,MO-KS,MO,Inf,-Inf,0
"KENOSHA, WIS",1969,279,279,238,20,0,21,0,2,4501,4501,4103,260,0,138,0,WI,WI,1972,-3,0
"KNOXVILLE, TENN",1969,2287,2287,1203,48,43,993,0,123,25957,25957,18683,326,305,6644,0,TN,TN,Inf,-Inf,0
"LAFAYETTE-WEST LAFAYETTE, IND",1969,643,643,381,22,11,229,0,5,9616,9616,7393,285,102,1836,0,IN,IN,1972,-3,0
"LAFAYETTE, LA",1969,1154,880,395,202,83,200,274,7,15132,11975,7217,2473,738,1548,3157,LA,LA,Inf,-Inf,0
"LAKE CHARLES, LA",1969,612,612,256,2,8,346,0,48,10303,10303,5846,24,49,4384,0,LA,LA,Inf,-Inf,0
"LANCASTER, PA",1969,913,913,679,16,25,193,0,26,16897,16897,14514,216,218,1949,0,PA,PA,Inf,-Inf,0
"LANSING-EAST LANSING, MICH",1969,3103,3103,1578,100,36,1389,0,88,50863,50863,32583,1533,219,16528,0,MI,MI,Inf,-Inf,0
"LAREDO, TEX",1969,157,157,154,0,3,0,0,0,988,988,978,0,10,0,0,TX,TX,Inf,-Inf,0
"LAS VEGAS, NEV",1969,3804,3804,3147,28,34,595,0,48,66838,66838,60325,373,323,5817,0,NV,NV,Inf,-Inf,0
"LAWRENCE-HAVERHILL, MASS-NH",1969,2035,2035,607,36,12,1380,0,56,22948,22948,12110,410,93,10335,0,MA-NH,MA,1977,-8,0
"LAWTON, OKLA",1969,1054,904,474,24,0,406,150,11,12870,10979,8010,226,0,2743,1892,OK,OK,Inf,-Inf,0
"LEWISTON-AUBURN, MAINE",1969,479,479,152,2,4,321,0,42,5106,5106,2486,24,31,2564,0,MN,MN,1973,-4,0
"LEXINGTON-FAYETTE, KY",1969,2511,2511,684,88,12,1727,0,100,26709,26709,12444,969,110,13186,0,KY,KY,Inf,-Inf,0
"LIMA, OHIO",1969,531,531,250,38,25,218,0,9,7895,7895,5513,391,247,1744,0,OH,OH,Inf,-Inf,0
"LINCOLN, NEBR",1969,1333,1333,522,30,16,765,0,57,14858,14858,7660,300,164,6735,0,NE,NE,Inf,-Inf,0
"LITTLE ROCK-NORTH LITTLE ROCK, ARK",1969,1565,1565,1045,40,31,449,0,16,28768,28768,23730,311,283,4443,0,AR,AR,Inf,-Inf,0
"LORAIN-ELYRIA, OHIO",1969,2200,2200,945,86,13,1156,0,69,32183,32183,20677,783,131,10592,0,OH,OH,Inf,-Inf,0
"LOS ANGELES-LONG BEACH, CALIF",1969,41095,41095,12223,594,1045,27233,0,1255,660826,660826,306958,9206,12451,332212,0,CA,CA,1970,-1,0
"LOUISVILLE, KY-IND",1969,7413,7413,2928,16,129,4340,0,155,82484,82484,51602,133,874,29874,0,KY-IN,KY,1972,-3,0
"LOWELL, MASS-NH",1969,2642,2642,1042,16,12,1572,0,64,31444,31444,17356,163,90,13836,0,MA-NH,MA,1977,-8,0
"LUBBOCK, TEX",1969,556,556,432,72,28,24,0,3,11400,11400,10282,754,212,152,0,TX,TX,Inf,-Inf,0
"LYNCHBURG, VA",1969,1199,1199,645,34,21,499,0,25,17153,17153,12166,310,190,4488,0,VA,VA,1973,-4,0
"MCALLEN-PHARR-EDINBURG, TEX",1969,484,484,440,2,16,26,0,3,4945,4945,4533,12,130,270,0,TX,TX,Inf,-Inf,0
"MACON, GA",1969,1681,1623,763,82,212,566,58,48,15572,14779,8873,414,1453,4038,793,GA,GA,1991,-22,0
"MADISON, WIS",1969,3013,3013,1115,170,42,1686,0,78,35249,35249,20907,2112,345,11886,0,WI,WI,1972,-3,0
"MANCHESTER, NH",1969,426,426,278,22,23,103,0,15,6332,6332,4192,265,301,1574,0,NH,NH,Inf,-Inf,0
"MANSFIELD, OHIO",1969,764,764,456,50,82,176,0,24,13234,13234,9755,591,753,2136,0,OH,OH,Inf,-Inf,0
"MEMPHIS, TENN-ARK",1969,7882,7882,2864,394,12,4612,0,283,86935,86935,45948,2850,90,38047,0,TN-AR,TN,Inf,-Inf,0
"MERIDEN, CONN",1969,296,75,75,0,0,0,221,0,4883,1383,1383,0,0,0,3500,CT,CT,1973,-4,0
"MIAMI, FLA",1969,27186,26920,4980,926,426,20588,266,616,422926,418760,124593,11431,4501,278235,4166,FL,FL,Inf,-Inf,0
"MIDLAND, TEX",1969,146,146,55,2,0,89,0,2,2343,2343,1583,60,0,700,0,TX,TX,Inf,-Inf,0
"MILWAUKEE, WIS",1969,7029,7029,3200,588,114,3127,0,188,113125,113125,71852,8147,1216,31910,0,WI,WI,1972,-3,0
"MINNEAPOLIS-ST PAUL, MN-WI",1969,22912,22029,6855,304,68,14802,883,418,327478,315636,169429,4970,850,140388,11841,MN-WI,MN,1972,-3,0
"MOBILE, ALA",1969,2113,1753,882,282,68,521,360,41,21273,15659,9640,2288,367,3363,5614,AL,AL,Inf,-Inf,0
"MONROE, LA",1969,420,420,206,2,68,144,0,12,5227,5227,3372,8,489,1358,0,LA,LA,Inf,-Inf,0
"MONTGOMERY, ALA",1969,1665,1665,954,10,52,649,0,86,16106,16106,11600,53,333,4121,0,AL,AL,Inf,-Inf,0
"MUNCIE, IND",1969,363,363,231,78,32,22,0,3,6427,6427,5085,800,383,160,0,IN,IN,1972,-3,0
"MUSKEGON-NORTON SHORES-MUSKEGON HEIGHTS, MICH",1969,830,830,455,6,8,361,0,8,10744,10744,6615,63,120,3946,0,MI,MI,Inf,-Inf,0
"NASHVILLE-DAVIDSON, TENN",1969,6005,5825,2323,326,211,2965,180,223,62373,59472,34647,2358,1786,20681,2900,TN,TN,Inf,-Inf,0
"NEWARK, NJ",1969,4385,4385,2829,190,22,1344,0,41,82328,82328,67447,2138,240,12503,0,NJ,NJ,1989,-20,0
"NEW BEDFORD, MASS",1969,674,574,398,4,0,172,100,7,9187,7398,5942,51,0,1405,1789,MA,MA,1977,-8,0
"NEW BRITAIN, CONN",1969,1517,1445,403,64,0,978,72,79,14801,13666,5585,639,0,7442,1135,CT,CT,1973,-4,0
"NEW HAVEN-WEST HAVEN, CONN",1969,2455,2455,804,30,48,1573,0,59,27402,27402,15685,260,354,11104,0,CT,CT,1973,-4,0
"NEW LONDON-GROTON-NORWICH, CONN",1969,974,924,490,12,35,387,50,26,14590,13849,9980,98,281,3540,741,CT,CT,1973,-4,0
"NEW ORLEANS, LA",1969,8266,8266,4115,802,670,2679,0,139,116172,116172,77985,8153,6040,23994,0,LA,LA,Inf,-Inf,0
"NEWPORT NEWS-HAMPTON, VA",1969,3272,2972,1382,2,15,1573,300,166,37750,33179,20808,8,123,12240,4571,VA,VA,1973,-4,0
"NEW YORK, NY-NJ",1969,37809,35702,14726,4676,85,16215,2107,369,577263,531801,284305,49307,691,197498,45462,NY-NJ,NY,1975,-6,0
"NORFOLK-VIRGINIA BEACH-PORTSMOUTH, VA-NC",1969,5565,5565,2449,214,62,2840,0,330,75118,75118,45123,1901,513,27581,0,VA-NC,VA,1971,-2,0
"NORWALK, CONN",1969,412,412,335,34,7,36,0,3,12196,12196,11349,448,70,328,0,CT,CT,1973,-4,0
"ODESSA, TEX",1969,77,77,69,8,0,0,0,0,1658,1658,1548,110,0,0,0,TX,TX,Inf,-Inf,0
"SALT LAKE CITY-OGDEN, UTAH",1969,4019,4019,2434,192,347,1046,0,78,53095,53095,39465,1934,3404,8292,0,UT,UT,Inf,-Inf,0
"OKLAHOMA CITY, OKLA",1969,7521,7233,2679,76,147,4331,288,33,98137,93445,52210,1039,1140,39057,4691,OK,OK,Inf,-Inf,0
"OMAHA, NEBR-IOWA",1969,4165,3957,1737,38,19,2163,208,107,37081,34666,22044,349,141,12132,2415,NE-IA,NE,Inf,-Inf,0
"ORLANDO, FLA",1969,8154,7866,3819,166,23,3858,288,19,100626,96428,61767,1593,166,32903,4198,FL,FL,Inf,-Inf,0
"OXNARD-SIMI VALLEY- VENTURA, CALIF",1969,6294,6294,4335,140,124,1695,0,126,128920,128920,110576,2024,1351,14968,0,CA,CA,1970,-1,0
"PATERSON-CLIFTON-PASSAIC, NJ",1969,4255,4255,1966,486,24,1779,0,54,83106,83106,52209,6368,264,24264,0,NJ,NJ,1989,-20,0
"PENSACOLA, FLA",1969,2432,2432,1293,180,115,844,0,36,29759,29759,20503,1439,1224,6592,0,FL,FL,Inf,-Inf,0
"PEORIA, ILL",1969,2557,2557,1318,104,18,1117,0,34,42079,42079,26257,1528,204,14089,0,IL,IL,Inf,-Inf,0
"PHILADELPHIA, PA-NJ",1969,24100,23748,10774,780,297,11897,352,568,308320,303461,200948,5677,2565,94271,4859,PA-NJ,PA,1989,-20,0
"PHOENIX, ARIZ",1969,19314,19314,12985,770,810,4749,0,339,227287,227287,178658,8132,5700,34798,0,AZ,AZ,Inf,-Inf,0
"PINE BLUFF, ARK",1969,188,188,157,16,3,12,0,1,1896,1896,1731,89,10,66,0,AR,AR,Inf,-Inf,0
"PITTSBURGH, PA",1969,8168,7868,4419,142,130,3177,300,138,125520,120699,89048,1694,1197,28760,4821,PA,PA,Inf,-Inf,0
"PITTSFIELD, MASS",1969,239,239,117,0,0,122,0,14,4336,4336,2507,0,0,1829,0,MA,MA,1977,-8,0
"PORTLAND, MAINE",1969,587,587,472,44,8,63,0,6,10052,10052,8850,369,75,758,0,MN,MN,1973,-4,0
"PORTLAND, OREG-WASH",1969,11659,11561,5387,788,633,4753,98,378,160056,158281,102417,7801,6020,42042,1775,OR-WA,OR,1971,-2,0
"PROVIDENCE-PAWTUCKET-WARWICK, RI-MASS",1969,5313,4737,2177,116,31,2413,576,111,63452,55116,35501,1081,301,18233,8336,RI-MA,RI,1977,-8,0
"PROVO-OREM, UTAH",1969,1352,1352,606,152,179,415,0,20,14043,14043,8986,1160,1280,2617,0,UT,UT,Inf,-Inf,0
"PUEBLO, COLO",1969,404,404,342,14,32,16,0,2,4839,4839,4349,128,270,92,0,CO,CO,Inf,-Inf,0
"RACINE, WIS",1969,677,677,485,112,0,80,0,5,12583,12583,10428,1426,0,729,0,WI,WI,1972,-3,0
"READING, PA",1969,1554,1554,638,50,0,866,0,30,19802,19802,11384,410,0,8008,0,PA,PA,Inf,-Inf,0
"RENO, NEV",1969,987,987,597,26,30,334,0,24,20765,20765,14636,422,306,5401,0,NV,NV,Inf,-Inf,0
"RICHMOND, VA",1969,4894,4894,2254,14,480,2146,0,216,48466,48466,34848,122,2337,11159,0,VA,VA,1973,-4,0
"ROANOKE, VA",1969,1920,1920,1440,110,26,344,0,43,22292,22292,19596,703,135,1859,0,VA,VA,1973,-4,0
"ROCHESTER, NY",1969,6193,6093,2604,64,106,3319,100,241,101173,99714,59484,818,1156,38257,1459,NY,NY,1975,-6,0
"ROCKFORD, ILL",1969,1813,1813,783,160,51,819,0,62,25686,25686,14586,1950,533,8617,0,IL,IL,Inf,-Inf,0
"SACRAMENTO, CALIF",1969,8477,8477,3485,380,1387,3225,0,286,111527,111527,60647,4545,15385,30949,0,CA,CA,1970,-1,0
"SAGINAW, MICH",1969,2045,2045,934,136,34,941,0,94,27491,27491,16923,1533,459,8576,0,MI,MI,Inf,-Inf,0
"ST JOSEPH, MO",1969,363,363,210,38,3,112,0,16,4332,4332,2911,406,30,985,0,MO,MO,Inf,-Inf,0
"ST LOUIS, MO-ILL",1969,14431,14431,7786,174,784,5687,0,425,219866,219866,156120,1797,9362,52586,0,MO-IL,MO,Inf,-Inf,0
"SALEM, OREG",1969,1721,1721,937,86,191,507,0,67,20698,20698,14827,870,1789,3212,0,OR,OR,Inf,-Inf,0
"SALINAS-SEASIDE-MONTEREY, CALIF",1969,1518,1518,834,100,35,549,0,50,26418,26418,20442,846,340,4789,0,CA,CA,1970,-1,0
"SAN ANGELO, TEX",1969,322,322,187,10,0,125,0,8,3374,3374,2591,35,0,747,0,TX,TX,Inf,-Inf,0
"SAN ANTONIO, TEX",1969,5245,5065,2968,80,35,1982,180,42,50735,48579,34276,781,293,13229,2156,TX,TX,Inf,-Inf,0
"RIVERSIDE-SAN BERNARDINO-ONTARIO, CALIF",1969,6836,6836,5149,182,579,926,0,77,111948,111948,94486,2173,6583,8706,0,CA,CA,1970,-1,0
"SAN DIEGO, CALIF",1969,24979,24979,10614,592,225,13548,0,947,319941,319941,192277,7350,2245,118069,0,CA,CA,1970,-1,0
"SAN FRANCISCO-OAKLAND, CALIF",1969,21143,20803,9566,370,1860,9007,340,583,358767,352088,223408,6194,21188,101299,6679,CA,CA,1970,-1,0
"SAN JOSE, CALIF",1969,18594,18594,6826,620,2361,8787,0,585,265207,265207,138926,8958,24281,93042,0,CA,CA,1970,-1,0
"SANTA BARBARA-SANTA MARIA-LOMPOC, CALIF",1969,2308,2227,911,146,81,1089,81,81,41009,39819,24159,3571,1115,10974,1190,CA,CA,1970,-1,0
"SAVANNAH, GA",1969,1531,1531,624,14,40,853,0,21,14568,14568,8623,75,284,5587,0,GA,GA,1991,-22,0
"SCRANTON, PA",1969,669,468,312,6,0,150,201,1,10069,6645,5259,60,0,1326,3425,PA,PA,Inf,-Inf,0
"SEATTLE-EVERETT, WASH",1969,18280,18280,8887,330,542,8521,0,482,281346,281346,168269,3905,6866,102306,0,WA,WA,1971,-2,0
"SHERMAN-DENISON, TEX",1969,1081,1033,346,138,0,549,48,15,14081,13481,5765,1378,0,6338,600,TX,TX,Inf,-Inf,0
"SHREVEPORT, LA",1969,2185,2185,1021,10,0,1154,0,13,25876,25876,15577,113,0,10186,0,LA,LA,Inf,-Inf,0
"SIOUX CITY, IOWA-NEBR",1969,844,844,636,16,19,173,0,13,13013,13013,11107,165,227,1514,0,IA-NE,IA,Inf,-Inf,0
"SIOUX FALLS, SDAK",1969,392,392,209,12,20,151,0,6,4669,4669,3064,125,159,1320,0,SD,SD,1974,-5,0
"SOUTH BEND, IND",1969,1721,1606,659,0,3,944,115,67,21839,20364,13387,0,70,6907,1475,IN,IN,1972,-3,0
"SPOKANE, WASH",1969,1965,1965,1101,118,57,689,0,57,33166,33166,24716,1702,623,6125,0,WA,WA,1971,-2,0
"SPRINGFIELD, ILL",1969,983,872,420,6,259,187,111,9,16252,14697,9572,70,2701,2354,1555,IL,IL,Inf,-Inf,0
"SPRINGFIELD, MO",1969,1427,1427,914,44,65,404,0,10,15278,15278,11655,346,434,2843,0,MO,MO,Inf,-Inf,0
"SPRINGFIELD, OHIO",1969,891,891,531,14,12,334,0,9,11258,11258,8159,124,147,2828,0,OH,OH,Inf,-Inf,0
"SPRINGFIELD-CHICOPEE-HOLYOKE, MASS-CONN",1969,3883,3575,1291,202,43,2039,308,87,50731,44978,22475,1612,350,20540,5754,MA-CT,MA,1973,-4,0
"STAMFORD, CONN",1969,1370,1370,389,64,23,894,0,23,31150,31150,17609,927,330,12284,0,CT,CT,1973,-4,0
"STEUBENVILLE-WEIRTON, OHIO-WVA",1969,271,271,140,10,15,106,0,11,5021,5021,3092,153,158,1618,0,OH-WV,OH,Inf,-Inf,0
"STOCKTON, CALIF",1969,2588,2588,880,198,482,1028,0,58,38515,38515,17260,2495,5512,13247,0,CA,CA,1970,-1,0
"SYRACUSE, NY",1969,2948,2948,1148,16,359,1425,0,73,34881,34881,21278,130,2868,10605,0,NY,NY,1975,-6,0
"TACOMA, WASH",1969,5322,5322,3125,338,139,1720,0,141,77548,77548,55355,3651,1431,17111,0,WA,WA,1971,-2,0
"TALLAHASSEE, FLA",1969,1655,1655,838,14,107,696,0,53,28696,28696,14196,96,892,13512,0,FL,FL,Inf,-Inf,0
"TAMPA-ST PETERSBURG, FLA",1969,15538,15438,6683,786,279,7690,100,258,191541,190632,107182,5455,2301,75693,909,FL,FL,Inf,-Inf,0
"TERRE HAUTE, IND",1969,330,130,46,0,0,84,200,10,4440,1790,907,0,0,883,2650,IN,IN,1972,-3,0
"TEXARKANA, TEX-ARK",1969,476,476,202,2,0,272,0,22,4410,4410,2229,12,0,2169,0,TX-AR,TX,Inf,-Inf,0
"TOLEDO, OHIO-MICH",1969,4220,4220,1853,138,58,2171,0,119,59870,59870,36858,1315,774,20923,0,OH-MI,OH,Inf,-Inf,0
"TOPEKA, KANS",1969,1376,1376,454,10,92,820,0,43,17475,17475,9099,127,789,7461,0,KS,KS,Inf,-Inf,0
"TRENTON, NJ",1969,1969,1969,981,0,0,988,0,35,30453,30453,20851,0,0,9602,0,NJ,NJ,1989,-20,0
"TUCSON, ARIZ",1969,4366,4366,2952,100,506,808,0,45,65011,65011,51918,1346,4480,7268,0,AZ,AZ,Inf,-Inf,0
"TULSA, OKLA",1969,5073,5073,1590,190,124,3169,0,260,53126,53126,22506,2487,1228,26905,0,OK,OK,Inf,-Inf,0
"TUSCALOOSA, ALA",1969,537,537,281,4,17,235,0,12,6725,6725,4882,38,130,1675,0,AL,AL,Inf,-Inf,0
"TYLER, TEX",1969,373,373,214,16,0,143,0,5,5965,5965,4990,105,0,1310,0,TX,TX,Inf,-Inf,0
"UTICA-ROME, NY",1969,764,764,340,0,8,416,0,40,9749,9749,5745,0,66,3939,0,NY,NY,1975,-6,0
"VALLEJO-FAIRFIELD-NAPA, CALIF",1969,1910,1910,1222,118,336,234,0,32,31038,31038,24431,1239,3248,2121,0,CA,CA,1970,-1,0
"VINELAND-MILLVILLE-BRIDGETON, NJ",1969,1144,994,623,4,0,367,150,29,15740,13800,10942,32,0,2827,1939,NJ,NJ,1989,-20,0
"WACO, TEX",1969,498,498,231,26,40,201,0,5,7125,7125,4943,343,515,1325,0,TX,TX,Inf,-Inf,0
"WASHINGTON, DC-MD-VA",1969,25517,25197,15987,32,4,9174,320,290,378098,372365,288633,227,55,83450,5734,DC-MD-VA,DC,1973,-4,0
"WATERBURY, CONN",1969,831,831,472,12,83,264,0,15,11614,11614,8570,101,645,2298,0,CT,CT,1973,-4,0
"WATERLOO-CEDAR FALLS, IOWA",1969,678,678,413,22,12,231,0,14,10885,10885,7920,249,133,2583,0,IA,IA,Inf,-Inf,0
"WEST PALM BEACH-BOCA RATON, FLA",1969,13321,13321,3182,356,355,9428,0,355,223712,223712,67200,3293,3576,149644,0,FL,FL,Inf,-Inf,0
"WHEELING, WVA-OHIO",1969,727,727,138,8,12,569,0,29,9842,9842,2572,34,328,6908,0,WV-OH,WV,Inf,-Inf,0
"WICHITA, KANS",1969,1916,1816,601,62,195,958,100,68,25692,23864,12223,983,1780,8878,1828,KS,KS,Inf,-Inf,0
"WICHITA FALLS, TEX",1969,278,278,213,2,47,16,0,1,3980,3980,3428,34,447,72,0,TX,TX,Inf,-Inf,0
"WILKES-BARRE-HAZELTON, PA",1969,1211,1161,596,2,4,559,50,16,16857,15979,10281,40,30,5628,877,PA,PA,Inf,-Inf,0
"WILMINGTON, DEL-NJ-MD",1969,3995,3995,1892,14,4,2085,0,99,44592,44592,30115,129,18,14329,0,DEL-NJ-MD,DE,1973,-4,0
"WILMINGTON, NC",1969,1367,1367,928,24,63,352,0,33,18359,18359,14779,264,660,2656,0,NC,NC,1971,-2,0
"WORCESTER, MASS",1969,1907,1766,837,34,42,853,141,53,22250,20162,13881,359,478,5444,2088,MA,MA,1977,-8,0
"YORK, PA",1969,1729,1729,812,8,4,905,0,63,22365,22365,15762,118,33,6452,0,PA,PA,Inf,-Inf,0
"YOUNGSTOWN-WARREN, OHIO",1969,2898,2898,1495,32,110,1261,0,118,42320,42320,30129,330,863,10999,0,OH,OH,Inf,-Inf,0
"AKRON, OHIO",1970,3434,3434,1442,282,231,1479,0,83,66893,66893,37699,4472,3479,21244,0,OH,OH,Inf,-Inf,0
"ALBANY-SCHENECTADY-TROY, NY",1970,3872,3872,1768,154,90,1860,0,122,61392,61392,36938,1976,730,21747,0,NY,NY,1975,-5,0
"ALBUQUERQUE, NMEX",1970,3745,3745,2179,16,112,1438,0,46,61587,61587,44925,129,1099,15435,0,NM,NM,Inf,-Inf,0
"ALLENTOWN-BETHLEHEM-EASTON, PA-NJ",1970,3597,3397,1571,66,27,1733,200,103,52090,48419,33201,735,276,14206,3671,PA-NJ,PA,1989,-19,0
"ANAHEIM-SANTA ANA-GARDEN GROVE, CALIF",1970,23410,23410,7318,290,922,14880,0,1203,365028,365028,186157,4788,12729,161354,0,CA,CA,1970,0,1
"ANN ARBOR, MICH",1970,3332,3332,1556,20,57,1699,0,93,49931,49931,28257,356,1217,20101,0,MI,MI,Inf,-Inf,0
"ATLANTA, GA",1970,30489,29869,10132,136,167,19434,620,1502,348681,339250,169071,1197,1640,167342,9431,GA,GA,1991,-21,0
"AUSTIN, TEX",1970,4866,4766,1927,366,114,2359,100,75,70086,68366,38258,5053,1312,23743,1720,TX,TX,Inf,-Inf,0
"BAKERSFIELD, CALIF",1970,2557,2557,1506,160,317,574,0,58,37761,37761,27861,1556,3051,5292,0,CA,CA,1970,0,1
"BALTIMORE, MD",1970,16681,16431,5814,126,8,10483,250,617,230513,226119,119290,1536,58,105235,4394,MD,MD,1973,-3,0
"BATON ROUGE, LA",1970,2714,2714,1624,26,128,936,0,21,40126,40126,29624,318,1065,9119,0,LA,LA,Inf,-Inf,0
"BIRMINGHAM, ALA",1970,5182,5142,3020,56,143,1923,40,154,76135,75611,54229,570,1514,19299,524,AL,AL,Inf,-Inf,0
"BOSTON, MASS",1970,15730,15373,2882,338,85,12068,357,361,247953,241978,71579,4339,1122,164938,5975,MA,MA,1977,-7,0
"BRIDGEPORT, CONN",1970,1641,1641,725,40,105,771,0,53,27319,27319,18043,503,1614,7159,0,CT,CT,1973,-3,0
"BUFFALO, NY",1970,5398,5148,2787,408,69,1884,250,143,76921,70368,46145,3325,778,20120,6553,NY,NY,1975,-5,0
"CHARLESTON-NORTH CHARLESTON, SC",1970,1651,1651,1245,38,57,311,0,24,17496,17496,14914,271,481,1830,0,SC,SC,Inf,-Inf,0
"CHARLOTTE-GASTONIA, NC",1970,6687,6369,2601,42,248,3478,318,363,77188,74253,41913,341,2343,29656,2935,NC,NC,1971,-1,0
"CHATTANOOGA, TENN-GA",1970,2842,2742,1406,400,51,885,100,22,34247,32815,18854,3294,336,10332,1432,TN-GA,TN,1991,-21,0
"CHICAGO, ILL",1970,39306,38703,15604,694,1036,21369,603,972,676022,666918,357047,9295,15715,284860,9104,IL,IL,Inf,-Inf,0
"CINCINNATI, OHIO-KY-IND",1970,8128,7928,3042,80,162,4644,200,263,110225,107235,61235,1244,2476,42280,2990,OH-KY-IN,OH,1972,-2,0
"CLEVELAND, OHIO",1970,7995,7491,4046,152,47,3246,504,93,149032,143909,103508,2207,760,37434,5123,OH,OH,Inf,-Inf,0
"COLORADO SPRINGS, COLO",1970,4956,4956,2985,50,39,1882,0,140,49442,49442,36659,359,285,12139,0,CO,CO,Inf,-Inf,0
"COLUMBUS, GA-ALA",1970,3274,2934,2093,28,20,793,340,40,36606,31531,26776,300,133,4323,5075,GA-AL,GA,1991,-21,0
"COLUMBUS, OHIO",1970,10442,10442,4043,340,676,5383,0,365,137643,137643,82176,3763,5244,46459,0,OH,OH,Inf,-Inf,0
"DALLAS-FORT WORTH, TEX",1970,37358,37358,14740,716,561,21341,0,552,397605,397605,225964,8063,6665,156914,0,TX,TX,Inf,-Inf,0
"DAVENPORT-ROCK ISLAND-MOLINE, IOWA-ILL",1970,1334,1334,1160,18,12,144,0,12,20128,20128,18509,180,110,1329,0,IA-IL,IA,Inf,-Inf,0
"DAYTON, OHIO",1970,7906,7906,3340,400,324,3842,0,270,106642,106642,63065,4224,2868,36486,0,OH,OH,Inf,-Inf,0
"DENVER-BOULDER, COLO",1970,20790,20690,9884,344,305,10157,100,449,247826,246026,162249,3632,2998,77146,1800,CO,CO,Inf,-Inf,0
"DETROIT, MICH",1970,21908,21908,12171,172,180,9385,0,593,373382,373382,261207,2297,4132,105746,0,MI,MI,Inf,-Inf,0
"EL PASO, TEX",1970,3919,3855,2084,44,49,1678,64,202,48398,47668,30633,419,433,16183,730,TX,TX,Inf,-Inf,0
"EUGENE-SPRINGFIELD, OREG",1970,1970,1970,1208,146,29,587,0,48,27337,27337,20483,1846,328,4681,0,OR,OR,Inf,-Inf,0
"FLINT, MICH",1970,4183,4183,2509,16,20,1638,0,146,54999,54999,41671,171,199,12957,0,MI,MI,Inf,-Inf,0
"FORT LAUDERDALE-HOLLYWOOD, FLA",1970,17327,17327,4045,898,612,11772,0,282,331858,331858,90839,12389,8527,220103,0,FL,FL,Inf,-Inf,0
"FRESNO, CALIF",1970,4660,4660,1688,324,931,1717,0,194,51852,51852,26493,3066,7878,14415,0,CA,CA,1970,0,1
"GARY-HAMMOND-EAST CHICAGO, IND",1970,4090,4090,1786,166,139,1999,0,89,58503,58503,36523,1958,1438,18584,0,IN,IN,1972,-2,0
"GRAND RAPIDS, MICH",1970,3487,3487,2365,128,40,954,0,53,50998,50998,41420,1474,382,7722,0,MI,MI,Inf,-Inf,0
"GREENSBORO-WINSTON-SALEM-HIGH POINT, NC",1970,6284,6284,3526,30,62,2666,0,175,75216,75216,52360,248,501,22108,0,NC,NC,1971,-1,0
"HARTFORD, CONN",1970,4884,4794,1417,122,181,3074,90,176,57468,56392,29356,1650,2604,22783,1076,CT,CT,1973,-3,0
"HONOLULU, HAWAII",1970,7970,7970,3802,206,108,3854,0,114,170836,170836,76872,4828,1490,87646,0,HI,HI,1974,-4,0
"HOUSTON, TEX",1970,21973,21973,3724,164,197,17888,0,1263,219470,219470,77698,2188,1659,137924,0,TX,TX,Inf,-Inf,0
"HUNTSVILLE, ALA",1970,951,951,741,60,30,120,0,3,10844,10844,8338,411,139,1956,0,AL,AL,Inf,-Inf,0
"INDIANAPOLIS, IND",1970,7154,7154,3421,162,56,3515,0,136,92326,92326,63741,1422,625,26539,0,IN,IN,1972,-2,0
"JACKSONVILLE, FLA",1970,5948,5948,1699,22,109,4118,0,311,61221,61221,21917,165,781,38358,0,FL,FL,Inf,-Inf,0
"JERSEY CITY, NJ",1970,964,964,72,430,13,449,0,12,11064,11064,1393,4965,101,4605,0,NJ,NJ,1989,-19,0
"KANSAS CITY, MO-KANS",1970,10615,10339,4239,828,335,4937,276,362,152968,148271,80348,10398,3962,53564,4697,MO-KS,MO,Inf,-Inf,0
"KNOXVILLE, TENN",1970,2476,2426,1768,66,16,576,50,27,31439,30722,25201,562,107,4852,717,TN,TN,Inf,-Inf,0
"LANSING-EAST LANSING, MICH",1970,2406,2406,1724,104,27,551,0,21,45099,45099,36629,1678,277,6514,0,MI,MI,Inf,-Inf,0
"LAS VEGAS, NEV",1970,6275,5775,4049,158,70,1498,500,166,105458,96918,76173,2164,783,17798,8540,NV,NV,Inf,-Inf,0
"LEXINGTON-FAYETTE, KY",1970,3282,3282,1325,34,48,1875,0,90,37104,37104,20773,329,470,15533,0,KY,KY,Inf,-Inf,0
"LITTLE ROCK-NORTH LITTLE ROCK, ARK",1970,2955,2955,1374,32,60,1489,0,77,43443,43443,27795,348,698,14602,0,AR,AR,Inf,-Inf,0
"LOS ANGELES-LONG BEACH, CALIF",1970,46471,46471,8447,556,1266,36202,0,1501,691676,691676,203695,8317,15121,464543,0,CA,CA,1970,0,1
"LOUISVILLE, KY-IND",1970,8203,7917,3205,8,154,4550,286,243,98697,94571,53920,101,1027,39523,4126,KY-IN,KY,1972,-2,0
"LUBBOCK, TEX",1970,1291,1291,516,30,53,692,0,16,18030,18030,11438,430,387,5776,0,TX,TX,Inf,-Inf,0
"MADISON, WIS",1970,2882,2882,1019,176,17,1670,0,86,32782,32782,18587,2548,200,11448,0,WI,WI,1972,-2,0
"MEMPHIS, TENN-ARK",1970,7429,7231,4624,314,18,2275,198,99,91059,88321,66484,2535,174,19129,2738,TN-AR,TN,Inf,-Inf,0
"MIAMI, FLA",1970,19530,19015,5622,1216,549,11628,515,426,319263,310614,114705,14907,6149,174853,8649,FL,FL,Inf,-Inf,0
"MILWAUKEE, WIS",1970,7037,7037,3890,464,145,2538,0,146,106945,106945,75213,6143,1534,24055,0,WI,WI,1972,-2,0
"MINNEAPOLIS-ST PAUL, MN-WI",1970,17145,15845,5357,308,63,10117,1300,256,285484,270362,137661,4942,823,126936,15122,MN-WI,MN,1972,-2,0
"NASHVILLE-DAVIDSON, TENN",1970,4721,4721,2511,282,18,1910,0,76,53119,53119,32633,2085,143,18259,0,TN,TN,Inf,-Inf,0
"NEWARK, NJ",1970,5327,5327,2473,184,26,2644,0,135,87289,87289,60346,1965,354,24625,0,NJ,NJ,1989,-19,0
"NEW HAVEN-WEST HAVEN, CONN",1970,2518,2395,601,38,231,1525,123,72,29302,27287,13111,442,3270,10465,2015,CT,CT,1973,-3,0
"NEW ORLEANS, LA",1970,9005,9005,5229,432,679,2665,0,97,134627,134627,92667,6091,6478,29391,0,LA,LA,Inf,-Inf,0
"NEWPORT NEWS-HAMPTON, VA",1970,4149,4149,1139,66,15,2929,0,354,41781,41781,17407,520,75,23779,0,VA,VA,1973,-3,0
"NEW YORK, NY-NJ",1970,36253,33568,11646,3544,191,18187,2685,309,640725,572903,219403,41643,1993,309863,67822,NY-NJ,NY,1975,-5,0
"NORFOLK-VIRGINIA BEACH-PORTSMOUTH, VA-NC",1970,5989,5989,2036,186,63,3704,0,379,75967,75967,37401,1576,579,36412,0,VA-NC,VA,1971,-1,0
"OKLAHOMA CITY, OKLA",1970,9392,9092,3726,100,87,5179,300,150,126322,121639,69292,1592,787,49968,4683,OK,OK,Inf,-Inf,0
"OMAHA, NEBR-IOWA",1970,5139,5034,2389,44,18,2583,105,131,46302,44980,28432,398,217,15933,1322,NE-IA,NE,Inf,-Inf,0
"ORLANDO, FLA",1970,7316,7316,5371,140,8,1797,0,100,96881,96881,77415,1271,66,18130,0,FL,FL,Inf,-Inf,0
"OXNARD-SIMI VALLEY- VENTURA, CALIF",1970,5263,5263,2496,80,1147,1540,0,139,86925,86925,56864,1274,12575,16212,0,CA,CA,1970,0,1
"PATERSON-CLIFTON-PASSAIC, NJ",1970,5223,5223,1418,376,21,3408,0,141,91378,91378,40129,5523,252,45475,0,NJ,NJ,1989,-19,0
"PHILADELPHIA, PA-NJ",1970,23624,23552,9379,694,333,13146,72,680,286317,285174,173413,5430,2872,103459,1143,PA-NJ,PA,1989,-19,0
"PHOENIX, ARIZ",1970,20772,20622,13287,992,1238,5105,150,380,254493,251752,186612,10851,8977,45313,2741,AZ,AZ,Inf,-Inf,0
"PITTSBURGH, PA",1970,8034,7974,4894,96,203,2781,60,105,122395,121573,89792,1022,2455,28304,822,PA,PA,Inf,-Inf,0
"PORTLAND, OREG-WASH",1970,10482,10342,5536,736,1031,3039,140,225,149940,147985,105076,7276,8307,27326,1955,OR-WA,OR,1971,-1,0
"PROVIDENCE-PAWTUCKET-WARWICK, RI-MASS",1970,4563,4060,1855,124,61,2020,503,109,57168,49415,31268,1170,1495,15483,7753,RI-MA,RI,1977,-7,0
"RICHMOND, VA",1970,4788,4788,2410,92,975,1311,0,176,52739,52739,37337,589,8152,6661,0,VA,VA,1973,-3,0
"ROCHESTER, NY",1970,3840,3840,2282,66,46,1446,0,142,68374,68374,49191,903,535,17746,0,NY,NY,1975,-5,0
"SACRAMENTO, CALIF",1970,11601,11601,4949,374,1574,4704,0,358,159084,159084,90625,5429,18687,44342,0,CA,CA,1970,0,1
"ST LOUIS, MO-ILL",1970,11283,11283,6562,170,625,3926,0,259,175360,175360,123282,2101,6719,43259,0,MO-IL,MO,Inf,-Inf,0
"SALT LAKE CITY-OGDEN, UTAH",1970,5483,5483,3534,196,317,1436,0,90,72165,72165,52907,2609,3873,12776,0,UT,UT,Inf,-Inf,0
"SAN ANTONIO, TEX",1970,5450,5450,3553,58,50,1789,0,38,54565,54565,38615,461,545,14944,0,TX,TX,Inf,-Inf,0
"RIVERSIDE-SAN BERNARDINO-ONTARIO, CALIF",1970,9875,9875,5709,158,727,3281,0,267,144559,144559,101226,1775,8211,33347,0,CA,CA,1970,0,1
"SAN DIEGO, CALIF",1970,22761,22761,9566,758,375,12062,0,931,325686,325686,190646,10206,3967,120867,0,CA,CA,1970,0,1
"SAN FRANCISCO-OAKLAND, CALIF",1970,25648,25435,9501,546,1599,13789,213,818,405644,401684,205723,9060,20637,166264,3960,CA,CA,1970,0,1
"SAN JOSE, CALIF",1970,17779,17779,6362,408,1779,9230,0,734,264233,264233,137215,6320,20510,100189,0,CA,CA,1970,0,1
"SANTA BARBARA-SANTA MARIA-LOMPOC, CALIF",1970,1810,1810,596,122,155,937,0,70,30602,30602,16744,2105,1816,9937,0,CA,CA,1970,0,1
"SEATTLE-EVERETT, WASH",1970,10071,10071,5491,108,275,4197,0,190,167359,167359,112002,1580,3662,50116,0,WA,WA,1971,-1,0
"SPRINGFIELD-CHICOPEE-HOLYOKE, MASS-CONN",1970,2964,2964,1287,250,27,1400,0,59,35579,35579,22351,1851,404,10972,0,MA-CT,MA,1973,-3,0
"STOCKTON, CALIF",1970,2564,2564,956,228,400,980,0,59,32221,32221,16910,2563,4583,8165,0,CA,CA,1970,0,1
"SYRACUSE, NY",1970,1629,1629,993,96,18,522,0,29,23181,23181,18089,1192,245,3655,0,NY,NY,1975,-5,0
"TACOMA, WASH",1970,3384,3384,2186,184,151,863,0,59,48226,48226,37021,2217,1439,7550,0,WA,WA,1971,-1,0
"TAMPA-ST PETERSBURG, FLA",1970,18758,18422,7124,780,353,10165,336,415,223750,219772,108123,6116,2983,102550,3978,FL,FL,Inf,-Inf,0
"TOLEDO, OHIO-MICH",1970,4414,4414,1593,108,50,2663,0,131,58053,58053,30984,1284,551,25234,0,OH-MI,OH,Inf,-Inf,0
"TUCSON, ARIZ",1970,5946,5646,4010,154,211,1271,300,62,92832,87470,68151,1690,2895,14735,5362,AZ,AZ,Inf,-Inf,0
"TULSA, OKLA",1970,5243,5243,2104,306,154,2679,0,267,61692,61692,30751,3491,2025,25424,0,OK,OK,Inf,-Inf,0
"VALLEJO-FAIRFIELD-NAPA, CALIF",1970,2728,2728,1392,68,260,1008,0,84,37344,37344,24555,759,2479,9551,0,CA,CA,1970,0,1
"WASHINGTON, DC-MD-VA",1970,27688,27588,14494,60,8,13026,100,437,401072,399115,265264,459,55,133337,1957,DC-MD-VA,DC,1973,-3,0
"WEST PALM BEACH-BOCA RATON, FLA",1970,9715,9515,2691,476,611,5737,200,249,146228,142737,58429,4594,6956,72758,3491,FL,FL,Inf,-Inf,0
"WILMINGTON, DEL-NJ-MD",1970,3887,3887,2065,54,0,1768,0,81,47204,47204,33665,195,0,13343,0,DEL-NJ-MD,DE,1973,-3,0
"YOUNGSTOWN-WARREN, OHIO",1970,3084,3084,1437,54,175,1418,0,95,46500,46500,29821,687,1877,14115,0,OH,OH,Inf,-Inf,0
"ABILENE, TEX",1971,518,518,133,18,3,364,0,4,7332,7332,3427,309,20,3575,0,TX,TX,Inf,-Inf,0
"AKRON, OHIO",1971,6303,6303,3098,380,331,2494,0,111,115674,115674,71957,6419,5230,32069,0,OH,OH,Inf,-Inf,0
"ALBANY, GA",1971,1249,1249,800,68,70,311,0,51,16775,16775,12924,465,748,2638,0,GA,GA,1991,-20,0
"ALBANY-SCHENECTADY-TROY, NY",1971,6326,6119,2152,228,146,3593,207,156,109329,103244,46345,3010,1246,52642,6085,NY,NY,1975,-4,0
"ALBUQUERQUE, NMEX",1971,7834,7834,3345,46,442,4001,0,270,113694,113694,68515,537,4371,40272,0,NM,NM,Inf,-Inf,0
"ALEXANDRIA, LA",1971,361,361,214,0,35,112,0,9,4638,4638,3436,0,276,926,0,LA,LA,Inf,-Inf,0
"ALLENTOWN-BETHLEHEM-EASTON, PA-NJ",1971,4224,4164,2300,18,27,1819,60,143,64828,64224,46560,212,276,17176,605,PA-NJ,PA,1989,-18,0
"ALTOONA, PA",1971,237,237,186,2,8,41,0,6,4120,4120,3502,23,100,495,0,PA,PA,Inf,-Inf,0
"AMARILLO, TEX",1971,846,846,449,12,0,385,0,21,16848,16848,11073,200,0,5576,0,TX,TX,Inf,-Inf,0
"ANAHEIM-SANTA ANA-GARDEN GROVE, CALIF",1971,31254,31254,15219,404,3066,12565,0,1053,573709,573709,377132,7505,39618,149455,0,CA,CA,1970,1,1
"ANCHORAGE, ALASKA",1971,1022,1022,479,88,144,311,0,33,26930,26930,18035,2191,2099,4605,0,AK,AK,Inf,-Inf,0
"ANDERSON, IND",1971,618,618,474,112,7,25,0,5,10853,10853,9207,1296,100,250,0,IN,IN,1972,-1,0
"ANN ARBOR, MICH",1971,3818,3418,1804,36,147,1431,400,86,65776,60671,40630,541,1819,17681,5104,MI,MI,Inf,-Inf,0
"APPLETON-OSHKOSH, WIS",1971,2055,2055,1235,184,20,616,0,48,31436,31436,23005,2150,228,6053,0,WI,WI,1972,-1,0
"ASHEVILLE, NC",1971,191,191,187,4,0,0,0,0,3008,3008,2968,40,0,0,0,NC,NC,1971,0,1
"ATLANTA, GA",1971,48645,48290,14721,218,260,33091,355,2594,572212,567121,251401,1985,1554,312182,5091,GA,GA,1991,-20,0
"ATLANTIC CITY, NJ",1971,2360,2280,1314,82,23,861,80,36,50479,49421,42174,1041,169,6037,1058,NJ,NJ,1989,-18,0
"AUGUSTA, GA-SC",1971,4286,4286,2437,24,188,1637,0,164,47004,47004,30697,283,1837,14187,0,GA-SC,GA,1991,-20,0
"AUSTIN, TEX",1971,7571,7371,2591,920,271,3589,200,88,106551,104251,57306,13620,3289,30036,2300,TX,TX,Inf,-Inf,0
"BAKERSFIELD, CALIF",1971,2381,2381,1382,134,477,388,0,48,38166,38166,28123,1607,5259,3178,0,CA,CA,1970,1,1
"BALTIMORE, MD",1971,21776,21624,9302,74,19,12229,152,572,302829,300226,192301,1778,222,105925,2603,MD,MD,1973,-2,0
"BATON ROUGE, LA",1971,5923,5923,2835,90,15,2983,0,61,85470,85470,53302,1124,250,30794,0,LA,LA,Inf,-Inf,0
"BATTLE CREEK, MICH",1971,880,880,547,0,12,321,0,23,12235,12235,9478,0,151,2607,0,MI,MI,Inf,-Inf,0
"BAY CITY, MICH",1971,739,739,735,4,0,0,0,0,12990,12990,12952,38,0,0,0,MI,MI,Inf,-Inf,0
"BEAUMONT-PORT ARTHUR-ORANGE, TEX",1971,1647,1647,708,14,23,902,0,35,20753,20753,13438,103,168,7044,0,TX,TX,Inf,-Inf,0
"BILLINGS, MONT",1971,579,579,281,8,44,246,0,18,9558,9558,5952,113,599,2894,0,MT,MT,1971,0,1
"BILOXI-GULFPORT, MISS",1971,2424,2182,1108,16,238,820,242,79,27102,23114,15269,127,1773,5945,3988,MS,MS,Inf,-Inf,0
"BINGHAMTON, NY-PA",1971,862,862,546,16,23,277,0,5,19522,19522,13914,196,236,5177,0,NY-PA,NY,1975,-4,0
"BIRMINGHAM, ALA",1971,8952,8952,3464,186,339,4963,0,366,108954,108954,64431,1701,2761,40061,0,AL,AL,Inf,-Inf,0
"BLOOMINGTON-NORMAL, ILL",1971,1789,1789,551,16,158,1064,0,103,22650,22650,12241,252,1599,8557,0,IL,IL,Inf,-Inf,0
"BOISE CITY, IDAHO",1971,1228,1228,367,56,89,716,0,18,15695,15695,6902,630,1080,7083,0,ID,ID,Inf,-Inf,0
"BOSTON, MASS",1971,16853,16343,3768,504,50,12021,510,432,224947,216273,90288,7246,521,118219,8674,MA,MA,1977,-6,0
"BRIDGEPORT, CONN",1971,2053,2053,960,194,22,877,0,37,37433,37433,25215,3567,363,8289,0,CT,CT,1973,-2,0
"BRISTOL, CONN",1971,664,544,249,8,91,196,120,6,10022,7901,4982,74,935,1910,2121,CT,CT,1973,-2,0
"BROCKTON, MASS",1971,4693,4478,1174,16,728,2560,215,165,52681,49290,17671,199,7856,23564,3391,MA,MA,1977,-6,0
"BROWNSVILLE-HARLINGEN-SAN BENITO, TEX",1971,855,805,462,2,8,333,50,6,7865,7325,4526,4,40,2755,540,TX,TX,Inf,-Inf,0
"BRYAN-COLLEGE STATION, TEX",1971,1037,1037,332,14,66,625,0,66,10513,10513,6205,110,368,3830,0,TX,TX,Inf,-Inf,0
"BUFFALO, NY",1971,8145,8145,3283,710,191,3961,0,346,112283,112283,61999,7984,2117,40184,0,NY,NY,1975,-4,0
"CANTON, OHIO",1971,2669,2669,1373,244,80,972,0,86,47977,47977,32064,3367,1423,11123,0,OH,OH,Inf,-Inf,0
"CEDAR RAPIDS, IOWA",1971,844,844,656,14,20,154,0,12,10612,10612,9162,179,227,1044,0,IA,IA,Inf,-Inf,0
"CHAMPAIGN-URBANA-RANTOUL, ILL",1971,1127,1127,389,38,12,688,0,45,11959,11959,7220,456,100,4183,0,IL,IL,Inf,-Inf,0
"CHARLESTON-NORTH CHARLESTON, SC",1971,3595,3595,1718,38,45,1794,0,171,34659,34659,22993,255,384,11027,0,SC,SC,Inf,-Inf,0
"CHARLESTON, WVA",1971,889,789,263,4,8,514,100,24,16484,14719,5909,30,60,8720,1765,WV,WV,Inf,-Inf,0
"CHARLOTTE-GASTONIA, NC",1971,9805,9805,4326,134,492,4853,0,499,123743,123743,77463,1380,5085,39815,0,NC,NC,1971,0,1
"CHATTANOOGA, TENN-GA",1971,3506,3503,1684,400,70,1349,3,37,41607,41487,24992,3599,653,12243,120,TN-GA,TN,1991,-20,0
"CHICAGO, ILL",1971,63470,63051,24414,794,2892,34951,419,1395,1037463,1030942,560089,11679,33692,425483,6521,IL,IL,Inf,-Inf,0
"CINCINNATI, OHIO-KY-IND",1971,14260,14260,4770,182,204,9104,0,428,191103,191103,105911,2593,3396,79203,0,OH-KY-IN,OH,1972,-1,0
"CLEVELAND, OHIO",1971,12238,12024,5384,230,395,6015,214,186,252879,248327,146530,4253,5360,92185,4552,OH,OH,Inf,-Inf,0
"COLORADO SPRINGS, COLO",1971,7996,7996,3782,56,28,4130,0,277,79516,79516,50590,679,218,28030,0,CO,CO,Inf,-Inf,0
"COLUMBIA, MO",1971,1058,758,204,92,128,334,300,32,15737,11011,5413,1212,919,3467,4726,MO,MO,Inf,-Inf,0
"COLUMBIA, SC",1971,5108,4868,2451,22,205,2190,240,202,69435,65654,38541,211,1923,24979,3781,SC,SC,Inf,-Inf,0
"COLUMBUS, GA-ALA",1971,2722,2722,1675,24,49,974,0,28,36422,36422,26791,210,375,9047,0,GA-AL,GA,1991,-20,0
"COLUMBUS, OHIO",1971,16537,16537,5475,408,833,9821,0,833,233168,233168,123191,5206,8976,95795,0,OH,OH,Inf,-Inf,0
"CORPUS CHRISTI, TEX",1971,3559,3559,2241,84,11,1223,0,52,38887,38887,27206,1138,106,10436,0,TX,TX,Inf,-Inf,0
"DALLAS-FORT WORTH, TEX",1971,40118,40092,22264,670,455,16703,26,449,512871,512515,373140,9540,4604,125231,356,TX,TX,Inf,-Inf,0
"DANBURY, CONN",1971,902,902,650,42,0,210,0,19,17773,17773,14037,461,0,3275,0,CT,CT,1973,-2,0
"DAVENPORT-ROCK ISLAND-MOLINE, IOWA-ILL",1971,2040,1921,1411,40,44,426,119,30,32673,30755,24972,458,512,4813,1919,IA-IL,IA,Inf,-Inf,0
"DAYTON, OHIO",1971,9979,9679,4197,396,348,4738,300,365,144435,137227,82233,4325,3660,47009,7208,OH,OH,Inf,-Inf,0
"DAYTONA BEACH, FLA",1971,4387,4237,2205,68,111,1853,150,46,74859,73165,36288,770,1047,35060,1695,FL,FL,Inf,-Inf,0
"DECATUR, ILL",1971,767,767,583,0,0,184,0,13,17148,17148,15582,0,0,1566,0,IL,IL,Inf,-Inf,0
"DENVER-BOULDER, COLO",1971,35690,35590,15261,778,859,18692,100,795,436359,434486,267202,9253,7846,150186,1873,CO,CO,Inf,-Inf,0
"DES MOINES, IOWA",1971,3699,3699,1481,240,20,1958,0,112,67438,67438,41765,3352,275,22046,0,IA,IA,Inf,-Inf,0
"DETROIT, MICH",1971,35740,35600,19377,102,843,15278,140,831,678706,676224,448296,1475,12340,214114,2482,MI,MI,Inf,-Inf,0
"DUBUQUE, IOWA",1971,480,480,161,6,31,282,0,22,6002,6002,2538,70,226,3168,0,IA,IA,Inf,-Inf,0
"DULUTH-SUPERIOR, MINN-WIS",1971,1277,1277,623,24,24,606,0,16,13924,13924,7301,282,319,6022,0,MN-WI,MN,1972,-1,0
"RALEIGH-DURHAM, NC",1971,11455,11455,3952,118,204,7181,0,558,136041,136041,79196,1073,2078,53694,0,NC,NC,1971,0,1
"ELMIRA, NY",1971,214,214,188,0,4,22,0,2,4732,4732,4493,0,39,200,0,NY,NY,1975,-4,0
"EL PASO, TEX",1971,5878,5518,2547,162,37,2772,360,352,79272,73292,44446,1733,416,26697,5981,TX,TX,Inf,-Inf,0
"ERIE, PA",1971,1923,1923,1187,24,42,670,0,50,28338,28338,21271,246,410,6412,0,PA,PA,Inf,-Inf,0
"EUGENE-SPRINGFIELD, OREG",1971,3375,3375,1488,324,147,1416,0,83,44547,44547,26663,4069,1376,12438,0,OR,OR,Inf,-Inf,0
"EVANSVILLE, IND-KY",1971,2691,2461,792,28,96,1545,230,90,23707,21020,12525,255,975,7265,2687,IN-KY,IN,1972,-1,0
"FALL RIVER, MASS-RI",1971,2119,2055,867,42,26,1120,64,22,27917,26737,13992,356,208,12181,1180,MA-RI,MA,1977,-6,0
"FARGO-MOORHEAD, ND-MN",1971,705,605,389,56,24,136,100,11,13457,12143,9613,779,317,1434,1315,ND-MN,ND,1973,-2,0
"FAYETTEVILLE, NC",1971,705,705,347,24,90,244,0,34,10919,10919,7014,288,605,3012,0,NC,NC,1971,0,1
"FITCHBURG-LEOMINSTER, MASS",1971,1769,1669,262,2,3,1402,100,72,18962,16700,4403,30,36,12231,2262,MA,MA,1977,-6,0
"FLINT, MICH",1971,5265,5265,3372,16,371,1506,0,112,82018,82018,62063,239,5027,14690,0,MI,MI,Inf,-Inf,0
"FLORENCE, ALA",1971,660,660,578,12,23,47,0,5,8636,8636,8156,124,152,204,0,AL,AL,Inf,-Inf,0
"FORT LAUDERDALE-HOLLYWOOD, FLA",1971,25378,25378,5279,950,1554,17595,0,607,420682,420682,130924,12777,15820,261161,0,FL,FL,Inf,-Inf,0
"FORT MEYERS-CAPE CORAL, FLA",1971,4330,4330,2287,360,49,1634,0,78,59297,59297,36749,3587,537,18423,0,FL,FL,Inf,-Inf,0
"FORT SMITH, ARK-OKLA",1971,1206,1206,478,22,67,639,0,26,15686,15686,9352,255,459,5619,0,AR-OK,AR,Inf,-Inf,0
"FORT WAYNE, IND",1971,3017,3017,1271,28,35,1683,0,95,38694,38694,26642,312,297,11443,0,IN,IN,1972,-1,0
"FRESNO, CALIF",1971,6196,6196,2311,462,723,2700,0,282,68794,68794,37243,4687,6329,20535,0,CA,CA,1970,1,1
"GADSDEN, ALA",1971,134,134,116,0,12,6,0,1,1884,1884,1762,0,74,49,0,AL,AL,Inf,-Inf,0
"GAINESVILLE, FLA",1971,3335,3335,816,8,7,2504,0,22,41636,41636,15185,71,62,26318,0,FL,FL,Inf,-Inf,0
"GALVESTON-TEXAS CITY, TEX",1971,1294,1294,437,2,0,855,0,42,15221,15221,9502,39,0,5680,0,TX,TX,Inf,-Inf,0
"GARY-HAMMOND-EAST CHICAGO, IND",1971,4985,4985,3059,236,134,1556,0,80,82448,82448,62620,2923,1531,15375,0,IN,IN,1972,-1,0
"GRAND RAPIDS, MICH",1971,5031,5031,3019,204,190,1618,0,82,80771,80771,61592,2462,1819,14898,0,MI,MI,Inf,-Inf,0
"GREAT FALLS, MONT",1971,394,394,189,4,24,177,0,17,4236,4236,2182,42,228,1784,0,MT,MT,1971,0,1
"GREEN BAY, WIS",1971,1960,1940,984,212,124,620,20,47,29425,29191,19460,2723,1005,6002,234,WI,WI,1972,-1,0
"GREENSBORO-WINSTON-SALEM-HIGH POINT, NC",1971,9218,8878,4408,62,159,4249,340,446,123000,118780,74143,490,1175,42971,4220,NC,NC,1971,0,1
"GREENVILLE, SC",1971,4828,4625,2282,232,96,2015,203,112,64985,62060,41571,1667,822,18001,2925,SC,SC,Inf,-Inf,0
"HAMILTON-MIDDLETOWN, OHIO",1971,3057,3057,1156,60,90,1751,0,120,45753,45753,27596,720,1113,16324,0,OH,OH,Inf,-Inf,0
"HARRISBURG, PA",1971,3457,3457,1341,16,280,1820,0,113,44183,44183,27858,198,2407,13720,0,PA,PA,Inf,-Inf,0
"HARTFORD, CONN",1971,4317,4261,1821,116,47,2277,56,127,61838,61070,39390,1500,447,19732,768,CT,CT,1973,-2,0
"HONOLULU, HAWAII",1971,8499,8487,3775,70,354,4288,12,189,163061,162915,85321,1287,8731,67576,146,HI,HI,1974,-3,0
"HOUSTON, TEX",1971,33742,33742,5768,408,284,27282,0,2385,335968,335968,129941,4782,3261,197983,0,TX,TX,Inf,-Inf,0
"HUNTINGTON-ASHLAND, WVA-KY-OHIO",1971,506,409,99,10,8,292,97,18,5826,4261,2459,56,94,1653,1565,WV-KY-OH,WV,Inf,-Inf,0
"HUNTSVILLE, ALA",1971,981,981,749,60,36,136,0,13,13104,13104,11650,433,270,751,0,AL,AL,Inf,-Inf,0
"INDIANAPOLIS, IND",1971,11567,11567,5146,292,43,6086,0,209,171252,171252,102874,3434,459,64486,0,IN,IN,1972,-1,0
"JACKSON, MICH",1971,960,833,580,42,12,199,127,4,13772,12203,9847,460,111,1785,1569,MI,MI,Inf,-Inf,0
"JACKSON, MISS",1971,3087,3087,1735,24,300,1028,0,110,40461,40461,29500,246,2132,8583,0,MS,MS,Inf,-Inf,0
"JACKSONVILLE, FLA",1971,6660,6660,2384,26,65,4185,0,392,78921,78921,35483,280,629,42529,0,FL,FL,Inf,-Inf,0
"JERSEY CITY, NJ",1971,1017,1017,49,374,57,537,0,15,12342,12342,1082,4971,439,5851,0,NJ,NJ,1989,-18,0
"JOHNSTOWN, PA",1971,697,697,183,12,88,414,0,20,9520,9520,4205,118,1195,4002,0,PA,PA,Inf,-Inf,0
"KALAMAZOO, MICH",1971,2136,2034,713,82,143,1096,102,75,32489,31168,16981,1356,2424,10407,1321,MI,MI,Inf,-Inf,0
"KANSAS CITY, MO-KANS",1971,16360,16198,6256,1194,457,8291,162,587,241579,238594,128771,15291,5587,88945,2986,MO-KS,MO,Inf,-Inf,0
"KENOSHA, WIS",1971,914,914,599,34,96,185,0,12,14068,14068,10495,464,970,2139,0,WI,WI,1972,-1,0
"KILLEEN-TEMPLE, TEX",1971,1755,1755,885,88,51,731,0,38,21741,21741,16186,657,267,4632,0,TX,TX,Inf,-Inf,0
"KNOXVILLE, TENN",1971,4461,4411,2211,80,56,2064,50,124,50442,49802,34774,769,484,13775,640,TN,TN,Inf,-Inf,0
"LACROSSE, WIS",1971,689,689,465,60,20,144,0,18,11800,11800,9449,782,251,1319,0,WI,WI,1972,-1,0
"LAFAYETTE-WEST LAFAYETTE, IND",1971,803,803,424,34,11,334,0,8,11066,11066,8592,427,120,1927,0,IN,IN,1972,-1,0
"LAFAYETTE, LA",1971,875,875,487,2,3,383,0,35,11967,11967,7983,12,24,3948,0,LA,LA,Inf,-Inf,0
"LAKE CHARLES, LA",1971,463,463,304,16,39,104,0,11,9013,9013,7253,228,449,1082,0,LA,LA,Inf,-Inf,0
"LAKELAND-WINTER HAVEN, FLA",1971,1150,1010,550,32,48,380,140,39,13753,12010,8169,252,415,3174,1743,FL,FL,Inf,-Inf,0
"LANCASTER, PA",1971,1738,1738,953,10,16,759,0,80,27368,27368,20676,128,175,6389,0,PA,PA,Inf,-Inf,0
"LANSING-EAST LANSING, MICH",1971,3635,3635,2204,166,100,1165,0,82,66271,66271,47430,2908,1656,14277,0,MI,MI,Inf,-Inf,0
"LAREDO, TEX",1971,537,537,242,0,0,295,0,8,4135,4135,2323,0,0,1812,0,TX,TX,Inf,-Inf,0
"LAS VEGAS, NEV",1971,7862,7857,5380,42,137,2298,5,211,139668,139574,112216,591,1624,25143,94,NV,NV,Inf,-Inf,0
"LAWRENCE-HAVERHILL, MASS-NH",1971,2989,2939,744,154,61,1980,50,60,36307,35512,15554,1942,523,17493,795,MA-NH,MA,1977,-6,0
"LAWTON, OKLA",1971,1278,1278,723,14,12,529,0,36,16992,16992,13284,113,56,3539,0,OK,OK,Inf,-Inf,0
"LEWISTON-AUBURN, MAINE",1971,361,361,245,0,4,112,0,14,5656,5656,4426,0,40,1190,0,MN,MN,1973,-2,0
"LEXINGTON-FAYETTE, KY",1971,3161,3161,1314,126,246,1475,0,137,37632,37632,23279,1360,2020,10972,0,KY,KY,Inf,-Inf,0
"LIMA, OHIO",1971,532,532,291,40,75,126,0,6,7199,7199,5223,374,545,1057,0,OH,OH,Inf,-Inf,0
"LINCOLN, NEBR",1971,2336,2336,867,74,74,1321,0,108,25663,25663,12335,801,694,11832,0,NE,NE,Inf,-Inf,0
"LITTLE ROCK-NORTH LITTLE ROCK, ARK",1971,4242,3991,1861,82,67,1981,251,51,70341,66666,43463,822,580,21802,3675,AR,AR,Inf,-Inf,0
"LONG BRANCH-ASBURY PARK, NJ",1971,5202,5202,2720,62,7,2413,0,110,90163,90163,64531,778,65,24788,0,NJ,NJ,1989,-18,0
"LORAIN-ELYRIA, OHIO",1971,2446,2446,1211,82,23,1130,0,84,41950,41950,28831,1012,360,11747,0,OH,OH,Inf,-Inf,0
"LOS ANGELES-LONG BEACH, CALIF",1971,44718,44718,11304,646,1909,30859,0,1377,743250,743250,275614,8969,26730,431938,0,CA,CA,1970,1,1
"LOUISVILLE, KY-IND",1971,13664,13491,4860,14,772,7845,173,446,150625,147882,85704,148,5497,56533,2743,KY-IN,KY,1972,-1,0
"LOWELL, MASS-NH",1971,2484,2484,970,18,4,1492,0,41,36675,36675,17721,162,40,18753,0,MA-NH,MA,1977,-6,0
"LUBBOCK, TEX",1971,1961,1961,921,134,40,866,0,22,34290,34290,21833,2298,330,9829,0,TX,TX,Inf,-Inf,0
"LYNCHBURG, VA",1971,2205,2205,749,56,54,1346,0,132,30621,30621,16109,644,633,13235,0,VA,VA,1973,-2,0
"MCALLEN-PHARR-EDINBURG, TEX",1971,1489,1389,653,34,77,625,100,59,15710,14486,8070,344,648,5424,1224,TX,TX,Inf,-Inf,0
"MACON, GA",1971,2377,2377,1161,172,215,829,0,68,20857,20857,13035,1394,1438,4989,0,GA,GA,1991,-20,0
"MADISON, WIS",1971,4845,4845,1270,376,78,3121,0,184,55456,55456,25368,4629,785,24673,0,WI,WI,1972,-1,0
"MANCHESTER, NH",1971,862,862,277,42,29,514,0,48,13279,13279,4904,451,373,7552,0,NH,NH,Inf,-Inf,0
"MANSFIELD, OHIO",1971,878,878,541,82,41,214,0,20,15952,15952,12130,1168,428,2226,0,OH,OH,Inf,-Inf,0
"MELBOURNE-TITUSVILLE-COCOA, FLA",1971,994,994,902,10,11,71,0,7,19236,19236,17909,167,160,1000,0,FL,FL,Inf,-Inf,0
"MEMPHIS, TENN-ARK",1971,13981,13558,5742,1054,0,6762,423,291,173277,167627,99068,10218,0,58340,5651,TN-AR,TN,Inf,-Inf,0
"MERIDEN, CONN",1971,806,806,179,2,0,625,0,45,9309,9309,2936,25,0,6348,0,CT,CT,1973,-2,0
"MIAMI, FLA",1971,29938,29738,8680,2436,1299,17323,200,648,452417,448520,169014,30224,15685,233597,3897,FL,FL,Inf,-Inf,0
"MIDLAND, TEX",1971,186,186,160,0,0,26,0,1,5103,5103,4683,0,0,420,0,TX,TX,Inf,-Inf,0
"MILWAUKEE, WIS",1971,10955,10955,5160,670,162,4963,0,272,172268,172268,110461,9898,1933,49976,0,WI,WI,1972,-1,0
"MINNEAPOLIS-ST PAUL, MN-WI",1971,22103,22103,8660,250,127,13066,0,300,393444,393444,210989,4645,1880,175930,0,MN-WI,MN,1972,-1,0
"MOBILE, ALA",1971,2561,2471,1461,10,23,977,90,87,26045,24620,17141,83,211,7185,1426,AL,AL,Inf,-Inf,0
"MODESTO, CALIF",1971,3088,3088,1687,300,312,789,0,59,45945,45945,31276,3642,3574,7453,0,CA,CA,1970,1,1
"MONROE, LA",1971,1163,863,524,2,4,333,300,15,16468,11119,8471,15,28,2605,5349,LA,LA,Inf,-Inf,0
"MONTGOMERY, ALA",1971,3637,3637,1693,6,124,1814,0,201,41346,41346,24340,51,865,16090,0,AL,AL,Inf,-Inf,0
"MUNCIE, IND",1971,868,868,463,68,63,274,0,20,15135,15135,9829,764,522,4020,0,IN,IN,1972,-1,0
"MUSKEGON-NORTON SHORES-MUSKEGON HEIGHTS, MICH",1971,748,748,682,2,0,64,0,6,12701,12701,11911,15,0,775,0,MI,MI,Inf,-Inf,0
"NASHUA, NH",1971,539,539,358,18,3,160,0,2,7592,7592,5981,172,30,1408,0,NH,NH,Inf,-Inf,0
"NASHVILLE-DAVIDSON, TENN",1971,8521,8423,3248,588,71,4516,98,179,98574,97347,49160,4546,451,43190,1226,TN,TN,Inf,-Inf,0
"NEWARK, NJ",1971,7052,7012,2550,266,39,4157,40,229,117474,116579,68044,3178,445,44911,895,NJ,NJ,1989,-18,0
"NEW BEDFORD, MASS",1971,808,808,501,44,152,111,0,11,11434,11434,9044,523,1122,745,0,MA,MA,1977,-6,0
"NEW BRITAIN, CONN",1971,857,857,391,142,6,318,0,32,10283,10283,5821,1273,89,3099,0,CT,CT,1973,-2,0
"NEW BRUNSWICK-PERTH AMBOY-SAYREVILLE, NJ",1971,3842,3468,1763,244,132,1329,374,95,57303,52140,36024,2627,1977,11512,5163,NJ,NJ,1989,-18,0
"NEW HAVEN-WEST HAVEN, CONN",1971,3171,2971,751,32,30,2158,200,68,38676,35208,17007,402,390,17408,3468,CT,CT,1973,-2,0
"NEW ORLEANS, LA",1971,18781,18572,8228,956,1344,8044,209,161,280686,277222,168362,14404,14884,79572,3464,LA,LA,Inf,-Inf,0
"NEWPORT NEWS-HAMPTON, VA",1971,4509,4509,1877,82,857,1693,0,161,56872,56872,31380,751,8266,16476,0,VA,VA,1973,-2,0
"NEW YORK, NY-NJ",1971,54485,52803,15333,4184,437,32849,1682,679,1023659,976154,296212,51216,5097,623629,47505,NY-NJ,NY,1975,-4,0
"NORFOLK-VIRGINIA BEACH-PORTSMOUTH, VA-NC",1971,10910,10310,3922,288,320,5780,600,720,164496,153909,84878,3227,3544,62259,10587,VA-NC,VA,1971,0,1
"NORWALK, CONN",1971,439,439,251,10,32,146,0,19,11139,11139,8607,151,369,2012,0,CT,CT,1973,-2,0
"NEW LONDON-GROTON-NORWICH, CONN",1971,1827,1452,651,8,32,761,375,39,27325,20113,13900,103,256,5855,7212,CT,CT,1973,-2,0
"ODESSA, TEX",1971,229,229,141,60,0,28,0,1,4583,4583,3365,1053,0,165,0,TX,TX,Inf,-Inf,0
"SALT LAKE CITY-OGDEN, UTAH",1971,9430,9108,4887,456,884,2881,322,168,131355,127980,86027,6121,10019,25812,3375,UT,UT,Inf,-Inf,0
"OKLAHOMA CITY, OKLA",1971,17895,17895,5918,310,105,11562,0,325,233204,233204,114887,5105,2028,111184,0,OK,OK,Inf,-Inf,0
"OMAHA, NEBR-IOWA",1971,8599,8599,3723,68,37,4771,0,304,77333,77333,44161,600,532,32040,0,NE-IA,NE,Inf,-Inf,0
"ORLANDO, FLA",1971,14170,13970,7903,236,36,5795,200,299,184487,181838,127212,2130,358,52138,2648,FL,FL,Inf,-Inf,0
"OWENSBORO, KY",1971,737,737,422,4,4,307,0,9,11131,11131,7578,40,34,3479,0,KY,KY,Inf,-Inf,0
"OXNARD-SIMI VALLEY- VENTURA, CALIF",1971,8145,8145,3267,290,980,3608,0,310,134491,134491,77536,5051,11200,40704,0,CA,CA,1970,1,1
"PARKERSBURG-MARIETTA, WVA-OHIO",1971,293,293,179,2,34,78,0,5,4418,4418,3321,30,334,734,0,WV-OH,WV,Inf,-Inf,0
"PATERSON-CLIFTON-PASSAIC, NJ",1971,4565,4565,1746,458,36,2325,0,56,92619,92619,51157,6923,427,34112,0,NJ,NJ,1989,-18,0
"PENSACOLA, FLA",1971,3679,3479,2309,120,52,998,200,70,50587,47273,37830,965,588,7889,3314,FL,FL,Inf,-Inf,0
"PEORIA, ILL",1971,2309,2309,1677,74,53,505,0,24,44208,44208,37368,1058,582,5200,0,IL,IL,Inf,-Inf,0
"PETERSBURG-COLONIAL HEIGHTS-HOPEWELL, VA",1971,1892,1892,726,78,171,917,0,51,21832,21832,11714,771,1779,7567,0,VA,VA,1973,-2,0
"PHILADELPHIA, PA-NJ",1971,32451,32381,13561,1136,638,17046,70,1044,423974,423018,263902,9672,5745,143700,956,PA-NJ,PA,1989,-18,0
"PHOENIX, ARIZ",1971,34028,33828,20910,842,1890,10186,200,797,425700,422820,303548,10710,19289,89273,2880,AZ,AZ,Inf,-Inf,0
"PINE BLUFF, ARK",1971,497,497,292,12,15,178,0,18,5234,5234,3516,85,89,1544,0,AR,AR,Inf,-Inf,0
"PITTSBURGH, PA",1971,9796,9467,5359,132,96,3880,329,147,144359,139203,100748,1635,1133,35688,5155,PA,PA,Inf,-Inf,0
"PITTSFIELD, MASS",1971,297,297,129,6,4,158,0,19,5809,5809,3026,91,150,2542,0,MA,MA,1977,-6,0
"PORTLAND, MAINE",1971,1949,1849,653,206,31,959,100,72,29505,27513,12777,3374,251,11112,1992,MN,MN,1973,-2,0
"PORTLAND, OREG-WASH",1971,16946,16726,7807,1196,1374,6349,220,535,250415,247124,159139,12759,14045,61181,3292,OR-WA,OR,1971,0,1
"POUGHKEEPSIE, NY",1971,2377,2237,987,2,0,1248,140,58,38577,34975,20340,20,0,14614,3602,NY,NY,1975,-4,0
"PROVIDENCE-PAWTUCKET-WARWICK, RI-MASS",1971,7360,7205,2685,236,130,4154,155,176,83654,81361,46846,2830,1521,30164,2293,RI-MA,RI,1977,-6,0
"PROVO-OREM, UTAH",1971,2115,2115,881,264,173,797,0,49,25522,25522,15515,2448,1328,6231,0,UT,UT,Inf,-Inf,0
"PUEBLO, COLO",1971,2459,2459,959,174,190,1136,0,50,23681,23681,12440,1645,1429,8168,0,CO,CO,Inf,-Inf,0
"RACINE, WIS",1971,1026,1026,714,94,8,210,0,18,19257,19257,15699,1318,110,2130,0,WI,WI,1972,-1,0
"READING, PA",1971,1987,1987,1155,26,22,784,0,51,26433,26433,20075,288,293,5777,0,PA,PA,Inf,-Inf,0
"RENO, NEV",1971,3935,3915,1662,210,445,1598,20,120,69342,69057,38609,2501,7190,20757,285,NV,NV,Inf,-Inf,0
"RICHLAND-KENNEWICK-PASCO, WASH",1971,550,550,380,38,105,27,0,2,9457,9457,7579,437,1146,295,0,WA,WA,1971,0,1
"RICHMOND, VA",1971,7971,7971,4491,108,666,2706,0,257,88311,88311,66873,800,4278,16361,0,VA,VA,1973,-2,0
"RIVERSIDE-SAN BERNARDINO-ONTARIO, CALIF",1971,15554,15250,8731,426,1166,4927,304,384,254275,248157,171053,6542,14886,55675,6118,CA,CA,1970,1,1
"ROANOKE, VA",1971,4794,4794,1532,272,75,2915,0,164,43849,43849,22411,2058,521,18859,0,VA,VA,1973,-2,0
"ROCHESTER, MINN",1971,314,314,303,0,3,8,0,1,7521,7521,7274,0,47,200,0,MN,MN,1973,-2,0
"ROCHESTER, NY",1971,9004,9004,3337,98,319,5250,0,225,149379,149379,69928,1198,3140,75113,0,NY,NY,1975,-4,0
"ROCKFORD, ILL",1971,1802,1802,1520,28,7,247,0,10,28557,28557,25844,410,70,2233,0,IL,IL,Inf,-Inf,0
"SACRAMENTO, CALIF",1971,14168,14167,6661,790,911,5805,1,518,207613,207580,131519,11408,9746,54907,33,CA,CA,1970,1,1
"SAGINAW, MICH",1971,1879,1879,1366,104,68,341,0,22,33078,33078,27436,1326,693,3623,0,MI,MI,Inf,-Inf,0
"ST JOSEPH, MO",1971,270,270,246,20,4,0,0,0,3730,3730,3511,168,51,0,0,MO,MO,Inf,-Inf,0
"ST LOUIS, MO-ILL",1971,18926,18526,8839,250,741,8696,400,565,293712,283548,178334,3616,9894,91704,10164,MO-IL,MO,Inf,-Inf,0
"SALEM, OREG",1971,3459,3459,1285,360,423,1391,0,124,40469,40469,21927,3817,3879,10847,0,OR,OR,Inf,-Inf,0
"SALINAS-SEASIDE-MONTEREY, CALIF",1971,3068,3068,1446,98,369,1155,0,86,54323,54323,34656,1736,5207,12723,0,CA,CA,1970,1,1
"SAN ANGELO, TEX",1971,729,729,285,0,0,444,0,12,6869,6869,4022,0,0,2847,0,TX,TX,Inf,-Inf,0
"SAN ANTONIO, TEX",1971,6932,6932,4810,96,120,1906,0,52,80801,80801,60913,810,1170,17908,0,TX,TX,Inf,-Inf,0
"SAN DIEGO, CALIF",1971,37443,36543,16908,988,2405,16242,900,1186,596917,580906,356670,14090,28459,181688,16011,CA,CA,1970,1,1
"SAN FRANCISCO-OAKLAND, CALIF",1971,38766,38766,16553,836,2042,19335,0,1243,686714,686714,374718,13853,30545,267598,0,CA,CA,1970,1,1
"SAN JOSE, CALIF",1971,19584,19584,9318,318,2161,7787,0,725,307549,307549,189982,4841,28497,84228,0,CA,CA,1970,1,1
"SANTA BARBARA-SANTA MARIA-LOMPOC, CALIF",1971,2154,2154,975,84,164,931,0,76,44562,44562,30549,1675,2401,9937,0,CA,CA,1970,1,1
"SANTA CRUZ, CALIF",1971,2817,2817,1377,148,198,1094,0,60,36839,36839,23837,1671,2053,9277,0,CA,CA,1970,1,1
"SANTA ROSA, CALIF",1971,4439,4439,2894,288,538,719,0,85,78294,78294,60013,3852,6240,8188,0,CA,CA,1970,1,1
"SARASOTA, FLA",1971,3974,3974,2439,156,158,1221,0,91,60671,60671,42056,1471,1778,15366,0,FL,FL,Inf,-Inf,0
"SAVANNAH, GA",1971,1548,1548,1135,14,3,396,0,20,20699,20699,17339,90,21,3249,0,GA,GA,1991,-20,0
"SCRANTON, PA",1971,502,502,311,0,0,191,0,10,7570,7570,5492,0,0,2078,0,PA,PA,Inf,-Inf,0
"SEATTLE-EVERETT, WASH",1971,6530,6530,4534,126,149,1721,0,49,132286,132286,108741,1814,1870,19861,0,WA,WA,1971,0,1
"SHERMAN-DENISON, TEX",1971,488,488,338,6,0,144,0,2,7011,7011,5722,65,0,1225,0,TX,TX,Inf,-Inf,0
"SHREVEPORT, LA",1971,4640,4640,2994,0,0,1646,0,34,56005,56005,40783,0,0,15221,0,LA,LA,Inf,-Inf,0
"SIOUX CITY, IOWA-NEBR",1971,580,580,297,8,21,254,0,16,7712,7712,5126,82,274,2229,0,IA-NE,IA,Inf,-Inf,0
"SIOUX FALLS, SDAK",1971,923,923,317,18,92,496,0,27,10031,10031,4693,197,773,4367,0,SD,SD,1974,-3,0
"SOUTH BEND, IND",1971,1509,1509,1003,34,14,458,0,40,26939,26939,20861,700,100,5279,0,IN,IN,1972,-1,0
"SPARTANBURG, SC",1971,1614,1614,1614,0,0,0,0,0,31633,31633,31633,0,0,0,0,SC,SC,Inf,-Inf,0
"SPOKANE, WASH",1971,4018,4018,1811,268,263,1676,0,106,65009,65009,42411,3779,2614,16205,0,WA,WA,1971,0,1
"SPRINGFIELD, ILL",1971,1334,1334,579,98,62,595,0,36,23617,23617,13835,1793,787,7203,0,IL,IL,Inf,-Inf,0
"SPRINGFIELD, MO",1971,2790,2770,1722,122,42,884,20,24,35161,34873,23787,1061,274,9751,289,MO,MO,Inf,-Inf,0
"SPRINGFIELD, OHIO",1971,806,806,604,18,48,136,0,6,11748,11748,9892,184,738,935,0,OH,OH,Inf,-Inf,0
"SPRINGFIELD-CHICOPEE-HOLYOKE, MASS-CONN",1971,5001,4927,1726,126,112,2963,74,217,65838,64380,30668,1093,1637,30982,1458,MA-CT,MA,1973,-2,0
"STAMFORD, CONN",1971,1159,1009,303,48,30,628,150,34,29183,26124,13100,1053,513,11457,3059,CT,CT,1973,-2,0
"STEUBENVILLE-WEIRTON, OHIO-WVA",1971,258,258,123,10,20,105,0,9,3900,3900,2842,112,207,739,0,OH-WV,OH,Inf,-Inf,0
"STOCKTON, CALIF",1971,3178,3178,1515,98,271,1294,0,63,44216,44216,27984,1122,3036,12074,0,CA,CA,1970,1,1
"SYRACUSE, NY",1971,3358,3358,1381,54,57,1866,0,78,52860,52860,27387,551,605,24317,0,NY,NY,1975,-4,0
"TACOMA, WASH",1971,4744,4744,2835,406,379,1124,0,92,75506,75506,56879,4788,2837,11002,0,WA,WA,1971,0,1
"TALLAHASSEE, FLA",1971,3294,3294,1289,154,86,1765,0,71,42842,42842,26673,1222,693,14254,0,FL,FL,Inf,-Inf,0
"TAMPA-ST PETERSBURG, FLA",1971,28687,28687,10413,1348,486,16440,0,938,359083,359083,164398,10727,5131,178827,0,FL,FL,Inf,-Inf,0
"TERRE HAUTE, IND",1971,286,53,41,0,6,6,233,1,5308,914,742,0,36,136,4394,IN,IN,1972,-1,0
"TEXARKANA, TEX-ARK",1971,1190,1010,502,4,12,492,180,8,11820,9269,5078,30,70,4091,2551,TX-AR,TX,Inf,-Inf,0
"TOLEDO, OHIO-MICH",1971,6996,6996,2768,156,202,3870,0,197,93009,93009,53773,1822,2357,35058,0,OH-MI,OH,Inf,-Inf,0
"TOPEKA, KANS",1971,1205,1205,674,20,120,391,0,31,21045,21045,15512,304,1412,3817,0,KS,KS,Inf,-Inf,0
"TRENTON, NJ",1971,3035,3035,1322,0,0,1713,0,83,52975,52975,36074,0,0,16901,0,NJ,NJ,1989,-18,0
"TUCSON, ARIZ",1971,10530,10515,5898,388,774,3455,15,102,159979,159681,110824,4963,8233,35662,298,AZ,AZ,Inf,-Inf,0
"TULSA, OKLA",1971,6179,6179,2743,340,51,3045,0,244,76501,76501,45103,4730,474,26196,0,OK,OK,Inf,-Inf,0
"TUSCALOOSA, ALA",1971,1751,1601,657,154,233,557,150,49,20984,19087,11183,1266,2857,3781,1897,AL,AL,Inf,-Inf,0
"TYLER, TEX",1971,667,667,287,10,0,370,0,5,9898,9898,5844,117,0,3937,0,TX,TX,Inf,-Inf,0
"UTICA-ROME, NY",1971,906,858,352,4,3,499,48,12,15928,14927,5734,31,20,9143,1001,NY,NY,1975,-4,0
"VALLEJO-FAIRFIELD-NAPA, CALIF",1971,4336,4336,2408,52,512,1364,0,118,67818,67818,46860,591,5618,14748,0,CA,CA,1970,1,1
"VINELAND-MILLVILLE-BRIDGETON, NJ",1971,1840,1530,657,14,7,852,310,88,26271,19804,12229,165,56,7354,6467,NJ,NJ,1989,-18,0
"WACO, TEX",1971,1004,972,422,48,18,484,32,8,14123,13733,8954,649,156,3975,390,TX,TX,Inf,-Inf,0
"WASHINGTON, DC-MD-VA",1971,37722,37722,21526,324,4,15868,0,388,577196,577196,396566,2585,52,177993,0,DC-MD-VA,DC,1973,-2,0
"WATERBURY, CONN",1971,2715,2715,712,50,296,1657,0,118,30671,30671,13384,597,3010,13681,0,CT,CT,1973,-2,0
"WATERLOO-CEDAR FALLS, IOWA",1971,573,573,372,2,0,199,0,21,8303,8303,6155,22,0,2126,0,IA,IA,Inf,-Inf,0
"WEST PALM BEACH-BOCA RATON, FLA",1971,14143,14143,3799,608,675,9061,0,359,223812,223812,84154,6517,7312,125827,0,FL,FL,Inf,-Inf,0
"WHEELING, WVA-OHIO",1971,325,325,107,8,96,114,0,5,5735,5735,2520,114,1901,1200,0,WV-OH,WV,Inf,-Inf,0
"WICHITA, KANS",1971,1489,1489,814,114,25,536,0,31,22717,22717,16812,1344,221,4341,0,KS,KS,Inf,-Inf,0
"WICHITA FALLS, TEX",1971,1356,1356,343,8,0,1005,0,10,12503,12503,4838,141,0,7524,0,TX,TX,Inf,-Inf,0
"WILKES-BARRE-HAZELTON, PA",1971,1670,1470,871,0,104,495,200,9,24152,20652,15408,0,924,4320,3500,PA,PA,Inf,-Inf,0
"WILLIAMSPORT, PA",1971,846,846,147,4,0,695,0,69,10556,10556,3292,32,0,7232,0,PA,PA,Inf,-Inf,0
"WILMINGTON, DEL-NJ-MD",1971,6377,6294,2865,24,34,3371,83,216,73886,72486,47341,224,1331,23589,1400,DEL-NJ-MD,DE,1973,-2,0
"WILMINGTON, NC",1971,1937,1615,1452,122,8,33,322,5,30476,26586,24925,1160,77,423,3890,NC,NC,1971,0,1
"WORCESTER, MASS",1971,2095,2055,860,32,20,1143,40,69,29604,28945,17514,292,188,10952,659,MA,MA,1977,-6,0
"YAKIMA, WASH",1971,836,836,389,130,112,205,0,20,9316,9316,5028,1485,964,1839,0,WA,WA,1971,0,1
"YORK, PA",1971,1180,1180,998,20,22,140,0,13,21835,21835,19868,268,171,1528,0,PA,PA,Inf,-Inf,0
"YOUNGSTOWN-WARREN, OHIO",1971,4714,4714,2044,98,277,2295,0,122,66253,66253,42843,1263,2550,19597,0,OH,OH,Inf,-Inf,0
"ABILENE, TEX",1972,372,372,190,8,0,174,0,2,7450,7450,5284,165,0,2000,0,TX,TX,Inf,-Inf,0
"AKRON, OHIO",1972,5122,5122,2859,342,118,1803,0,120,112676,112676,81103,5932,1503,24138,0,OH,OH,Inf,-Inf,0
"ALBANY, GA",1972,1457,1457,706,58,85,608,0,44,21031,21031,13991,464,650,5926,0,GA,GA,1991,-19,0
"ALBANY-SCHENECTADY-TROY, NY",1972,7410,7410,2388,208,80,4734,0,220,104835,104835,53862,3042,842,47089,0,NY,NY,1975,-3,0
"ALBUQUERQUE, NMEX",1972,8958,8958,3556,76,410,4916,0,343,135642,135642,79935,815,4214,50678,0,NM,NM,Inf,-Inf,0
"ALEXANDRIA, LA",1972,437,437,260,46,8,123,0,18,6326,6326,4931,345,77,973,0,LA,LA,Inf,-Inf,0
"ALLENTOWN-BETHLEHEM-EASTON, PA-NJ",1972,5823,5823,2843,188,74,2718,0,184,99669,99669,66137,2790,846,29897,0,PA-NJ,PA,1989,-17,0
"ALTOONA, PA",1972,571,571,207,0,12,352,0,10,7298,7298,4078,0,150,3070,0,PA,PA,Inf,-Inf,0
"AMARILLO, TEX",1972,1029,1029,553,76,0,400,0,4,22229,22229,15165,1914,0,5150,0,TX,TX,Inf,-Inf,0
"ANAHEIM-SANTA ANA-GARDEN GROVE, CALIF",1972,36059,35759,18186,1282,4159,12132,300,1243,723134,717065,485206,23851,57576,150432,6069,CA,CA,1970,2,1
"ANCHORAGE, ALASKA",1972,1322,1322,582,194,137,409,0,31,34161,34161,21692,4984,2025,5460,0,AK,AK,Inf,-Inf,0
"ANDERSON, IND",1972,849,849,598,80,20,151,0,4,15397,15397,12997,904,240,1257,0,IN,IN,1972,0,1
"ANN ARBOR, MICH",1972,5215,5215,1474,90,48,3603,0,189,73782,73782,37535,1927,622,33698,0,MI,MI,Inf,-Inf,0
"APPLETON-OSHKOSH, WIS",1972,2522,2522,1338,168,12,1004,0,52,38498,38498,26990,2004,100,9404,0,WI,WI,1972,0,1
"ASHEVILLE, NC",1972,643,489,256,10,71,152,154,2,8926,6573,4534,95,514,1430,2353,NC,NC,1971,1,1
"ATLANTA, GA",1972,37867,37767,17083,348,135,20201,100,1700,565370,563577,329824,4324,1894,227535,1793,GA,GA,1991,-19,0
"ATLANTIC CITY, NJ",1972,2349,2097,1202,44,4,847,252,41,35793,29832,22686,591,36,6519,5961,NJ,NJ,1989,-17,0
"AUGUSTA, GA-SC",1972,3348,3148,1950,8,235,955,200,77,45396,41176,29890,58,2082,9147,4219,GA-SC,GA,1991,-19,0
"AUSTIN, TEX",1972,10413,10413,2865,802,411,6335,0,152,150039,150039,72473,13572,4570,59424,0,TX,TX,Inf,-Inf,0
"BAKERSFIELD, CALIF",1972,3651,3651,1676,148,760,1067,0,87,55148,55148,34760,1643,8059,10686,0,CA,CA,1970,2,1
"BALTIMORE, MD",1972,26608,26244,12705,32,68,13439,364,696,404369,397267,256497,415,570,139785,7102,MD,MD,1973,-1,0
"BATON ROUGE, LA",1972,7894,7894,2951,84,16,4843,0,108,104166,104166,59266,1022,141,43737,0,LA,LA,Inf,-Inf,0
"BATTLE CREEK, MICH",1972,594,594,430,6,0,158,0,10,11254,11254,9104,162,0,1988,0,MI,MI,Inf,-Inf,0
"BAY CITY, MICH",1972,833,833,587,4,28,214,0,23,14563,14563,11316,60,317,2870,0,MI,MI,Inf,-Inf,0
"BEAUMONT-PORT ARTHUR-ORANGE, TEX",1972,1958,1958,802,22,53,1081,0,24,26423,26423,16395,188,530,9310,0,TX,TX,Inf,-Inf,0
"BILLINGS, MONT",1972,806,806,509,40,92,165,0,9,15112,15112,11598,668,1180,1666,0,MT,MT,1971,1,1
"BILOXI-GULFPORT, MISS",1972,2739,2739,1228,0,12,1499,0,148,30331,30331,18562,0,110,11659,0,MS,MS,Inf,-Inf,0
"BINGHAMTON, NY-PA",1972,698,698,502,22,8,166,0,4,16032,16032,13116,322,69,2525,0,NY-PA,NY,1975,-3,0
"BIRMINGHAM, ALA",1972,10361,10219,3522,118,105,6474,142,444,123615,121128,69034,1244,924,49926,2488,AL,AL,Inf,-Inf,0
"BLOOMINGTON-NORMAL, ILL",1972,1074,1074,621,16,74,363,0,38,19379,19379,14590,276,846,3666,0,IL,IL,Inf,-Inf,0
"BOISE CITY, IDAHO",1972,2259,2169,1491,80,94,504,90,20,35423,33626,25670,989,1063,5904,1797,ID,ID,Inf,-Inf,0
"BOSTON, MASS",1972,15832,15330,3771,422,125,11012,502,300,272359,261971,97633,5848,1570,156920,10388,MA,MA,1977,-5,0
"BRIDGEPORT, CONN",1972,1950,1932,1024,270,78,560,18,34,39323,39070,27229,4127,1108,6606,253,CT,CT,1973,-1,0
"BRISTOL, CONN",1972,528,528,265,6,87,170,0,10,8255,8255,5301,59,820,2075,0,CT,CT,1973,-1,0
"BROCKTON, MASS",1972,2442,2442,863,30,4,1545,0,98,31828,31828,15254,358,48,16168,0,MA,MA,1977,-5,0
"BROWNSVILLE-HARLINGEN-SAN BENITO, TEX",1972,1092,1092,687,2,24,379,0,12,13623,13623,8998,5,438,4182,0,TX,TX,Inf,-Inf,0
"BRYAN-COLLEGE STATION, TEX",1972,1904,1904,276,84,63,1481,0,47,16260,16260,4956,829,435,10039,0,TX,TX,Inf,-Inf,0
"BUFFALO, NY",1972,9047,9047,3460,770,557,4260,0,325,139199,139199,70745,9123,7799,51532,0,NY,NY,1975,-3,0
"CANTON, OHIO",1972,3344,3344,1706,310,127,1201,0,76,61636,61636,40934,4662,1399,14640,0,OH,OH,Inf,-Inf,0
"CEDAR RAPIDS, IOWA",1972,534,534,432,6,8,88,0,7,8214,8214,7550,61,66,538,0,IA,IA,Inf,-Inf,0
"CHAMPAIGN-URBANA-RANTOUL, ILL",1972,888,888,177,26,0,685,0,35,9628,9628,3574,287,0,5767,0,IL,IL,Inf,-Inf,0
"CHARLESTON-NORTH CHARLESTON, SC",1972,3674,3394,2318,24,15,1037,280,101,48553,42853,33562,225,100,8967,5700,SC,SC,Inf,-Inf,0
"CHARLESTON, WVA",1972,497,497,203,0,280,14,0,2,10955,10955,5020,0,5047,888,0,WV,WV,Inf,-Inf,0
"CHARLOTTE-GASTONIA, NC",1972,10290,10290,5231,90,292,4677,0,421,147874,147874,102812,929,3032,41102,0,NC,NC,1971,1,1
"CHATTANOOGA, TENN-GA",1972,4234,4234,1942,528,23,1741,0,62,54624,54624,32700,4555,202,17167,0,TN-GA,TN,1991,-19,0
"CHICAGO, ILL",1972,57743,57613,24301,664,2733,29915,130,1463,1082928,1080284,622756,11096,37418,409013,2643,IL,IL,Inf,-Inf,0
"CINCINNATI, OHIO-KY-IND",1972,14592,14592,5856,124,356,8256,0,732,203942,203942,129416,1727,3979,68819,0,OH-KY-IN,OH,1972,0,1
"CLEVELAND, OHIO",1972,13552,13552,5364,188,986,7014,0,167,277182,277182,163225,3438,14103,96417,0,OH,OH,Inf,-Inf,0
"COLORADO SPRINGS, COLO",1972,9570,9570,4908,148,11,4503,0,405,111562,111562,71373,1827,104,38258,0,CO,CO,Inf,-Inf,0
"COLUMBIA, MO",1972,415,415,228,52,20,115,0,11,7396,7396,5654,645,182,915,0,MO,MO,Inf,-Inf,0
"COLUMBIA, SC",1972,7622,7176,2424,104,113,4535,446,362,122709,114803,57326,1070,1197,55209,7906,SC,SC,Inf,-Inf,0
"COLUMBUS, GA-ALA",1972,2463,2463,1512,4,35,912,0,17,36700,36700,28211,47,387,8055,0,GA-AL,GA,1991,-19,0
"COLUMBUS, OHIO",1972,15537,15537,5437,424,1465,8211,0,726,242005,242005,136384,6625,18632,80363,0,OH,OH,Inf,-Inf,0
"CORPUS CHRISTI, TEX",1972,3223,3223,1664,96,23,1440,0,68,41587,41587,27988,890,254,12454,0,TX,TX,Inf,-Inf,0
"DALLAS-FORT WORTH, TEX",1972,35451,35257,22402,688,230,11937,194,241,551237,548530,453348,10813,3447,80922,2707,TX,TX,Inf,-Inf,0
"DANBURY, CONN",1972,1127,1127,835,104,43,145,0,16,22552,22552,19198,1108,455,1791,0,CT,CT,1973,-1,0
"DAVENPORT-ROCK ISLAND-MOLINE, IOWA-ILL",1972,2182,2182,1475,16,48,643,0,44,34042,34042,26728,253,478,6582,0,IA-IL,IA,Inf,-Inf,0
"DAYTON, OHIO",1972,8282,8282,4863,498,372,2549,0,252,141120,141120,102781,6238,4372,27729,0,OH,OH,Inf,-Inf,0
"DAYTONA BEACH, FLA",1972,8267,8267,2592,292,98,5285,0,203,140976,140976,48309,2754,1311,88603,0,FL,FL,Inf,-Inf,0
"DECATUR, ILL",1972,694,694,570,0,4,120,0,13,17708,17708,16033,0,44,1631,0,IL,IL,Inf,-Inf,0
"DENVER-BOULDER, COLO",1972,45097,45097,18036,1112,1401,24548,0,1428,586854,586854,339583,13319,13832,220120,0,CO,CO,Inf,-Inf,0
"DES MOINES, IOWA",1972,3761,3761,1822,144,4,1791,0,84,64124,64124,38334,2250,70,23470,0,IA,IA,Inf,-Inf,0
"DETROIT, MICH",1972,29920,29816,14467,226,1397,13726,104,913,603238,601577,372086,5415,24420,199656,1661,MI,MI,Inf,-Inf,0
"DUBUQUE, IOWA",1972,343,343,162,0,27,154,0,5,4202,4202,2861,0,210,1131,0,IA,IA,Inf,-Inf,0
"DULUTH-SUPERIOR, MINN-WIS",1972,1147,1147,762,26,12,347,0,20,15697,15697,12283,265,128,3021,0,MN-WI,MN,1972,0,1
"RALEIGH-DURHAM, NC",1972,10735,10735,4094,176,282,6183,0,506,143581,143581,86819,2072,2880,51809,0,NC,NC,1971,1,1
"ELMIRA, NY",1972,456,456,202,2,3,249,0,6,7902,7902,4611,21,35,3235,0,NY,NY,1975,-3,0
"EL PASO, TEX",1972,8225,8225,2819,458,52,4896,0,729,110122,110122,47721,4634,390,57377,0,TX,TX,Inf,-Inf,0
"ERIE, PA",1972,2391,2391,1276,70,31,1014,0,48,36942,36942,23460,698,279,12505,0,PA,PA,Inf,-Inf,0
"EUGENE-SPRINGFIELD, OREG",1972,3956,3892,1674,474,107,1637,64,134,54129,52912,30936,6035,1110,14832,1217,OR,OR,Inf,-Inf,0
"EVANSVILLE, IND-KY",1972,1729,1729,868,14,3,844,0,57,18990,18990,13332,178,96,5383,0,IN-KY,IN,1972,0,1
"FALL RIVER, MASS-RI",1972,1258,1054,780,36,31,207,204,17,20567,17196,14259,420,554,1963,3371,MA-RI,MA,1977,-5,0
"FARGO-MOORHEAD, ND-MN",1972,1069,1069,403,64,42,560,0,25,18908,18908,10807,980,592,6529,0,ND-MN,ND,1973,-1,0
"FAYETTEVILLE, NC",1972,1017,1017,411,10,25,571,0,54,16278,16278,9376,101,259,6542,0,NC,NC,1971,1,1
"FITCHBURG-LEOMINSTER, MASS",1972,867,867,271,4,7,585,0,27,9813,9813,5358,43,98,4314,0,MA,MA,1977,-5,0
"FLINT, MICH",1972,4277,4277,2820,36,215,1206,0,110,75283,75283,58538,392,2992,13361,0,MI,MI,Inf,-Inf,0
"FLORENCE, ALA",1972,618,618,496,22,28,72,0,10,10200,10200,8988,222,243,747,0,AL,AL,Inf,-Inf,0
"FORT LAUDERDALE-HOLLYWOOD, FLA",1972,43859,43859,9122,1522,1820,31395,0,1166,796791,796791,242610,22656,22641,508884,0,FL,FL,Inf,-Inf,0
"FORT MEYERS-CAPE CORAL, FLA",1972,6103,6103,2809,596,125,2573,0,149,93787,93787,48567,5626,1524,38069,0,FL,FL,Inf,-Inf,0
"FORT SMITH, ARK-OKLA",1972,1516,1516,667,46,52,751,0,40,20942,20942,13038,542,380,6982,0,AR-OK,AR,Inf,-Inf,0
"FORT WAYNE, IND",1972,2352,2352,1826,8,4,514,0,52,36077,36077,31092,122,30,4833,0,IN,IN,1972,0,1
"FRESNO, CALIF",1972,6802,6802,3877,278,926,1721,0,190,88960,88960,63592,2955,9034,13378,0,CA,CA,1970,2,1
"GADSDEN, ALA",1972,183,183,104,0,8,71,0,12,3002,3002,1796,0,54,1152,0,AL,AL,Inf,-Inf,0
"GAINESVILLE, FLA",1972,3050,2922,1005,10,76,1831,128,68,38106,36712,20272,90,395,15955,1394,FL,FL,Inf,-Inf,0
"GALVESTON-TEXAS CITY, TEX",1972,1597,1597,491,12,64,1030,0,58,18867,18867,9611,273,972,8012,0,TX,TX,Inf,-Inf,0
"GARY-HAMMOND-EAST CHICAGO, IND",1972,6326,6326,2875,190,254,3007,0,152,111834,111834,67766,2442,4650,36976,0,IN,IN,1972,0,1
"GRAND RAPIDS, MICH",1972,5771,5771,3080,202,212,2277,0,149,102568,102568,69931,2535,3093,27009,0,MI,MI,Inf,-Inf,0
"GREAT FALLS, MONT",1972,319,319,200,4,27,88,0,5,6082,6082,4754,68,354,906,0,MT,MT,1971,1,1
"GREEN BAY, WIS",1972,1949,1949,945,286,36,682,0,46,32415,32415,20824,3952,357,7283,0,WI,WI,1972,0,1
"GREENSBORO-WINSTON-SALEM-HIGH POINT, NC",1972,10295,10074,4090,108,76,5800,221,607,141716,137216,79378,887,730,56221,4500,NC,NC,1971,1,1
"GREENVILLE, SC",1972,4868,4868,2707,184,131,1846,0,176,74568,74568,53505,1920,1155,17987,0,SC,SC,Inf,-Inf,0
"HAMILTON-MIDDLETOWN, OHIO",1972,3707,3707,1697,124,174,1712,0,123,57973,57973,37690,1446,1806,17031,0,OH,OH,Inf,-Inf,0
"HARRISBURG, PA",1972,3470,3470,1994,56,38,1382,0,90,53590,53590,39646,680,365,12900,0,PA,PA,Inf,-Inf,0
"HARTFORD, CONN",1972,6417,6417,2325,100,95,3897,0,238,90281,90281,53165,1287,1115,34714,0,CT,CT,1973,-1,0
"HONOLULU, HAWAII",1972,11238,10402,3366,118,345,6573,836,290,243562,217122,88658,2249,7393,118821,26440,HI,HI,1974,-2,0
"HOUSTON, TEX",1972,31314,31314,6671,200,345,24098,0,2174,357036,357036,167723,2658,3429,183226,0,TX,TX,Inf,-Inf,0
"HUNTINGTON-ASHLAND, WVA-KY-OHIO",1972,666,666,362,8,15,281,0,30,8963,8963,5602,152,150,3059,0,WV-KY-OH,WV,Inf,-Inf,0
"HUNTSVILLE, ALA",1972,1881,1869,840,2,12,1015,12,78,22009,21825,13442,11,97,8276,183,AL,AL,Inf,-Inf,0
"INDIANAPOLIS, IND",1972,13659,13434,6056,210,417,6751,225,220,217779,214736,135337,2321,4226,72852,3043,IN,IN,1972,0,1
"JACKSON, MICH",1972,976,976,581,20,27,348,0,27,14489,14489,10833,217,271,3168,0,MI,MI,Inf,-Inf,0
"JACKSON, MISS",1972,3320,3320,1841,36,16,1427,0,158,47901,47901,34776,392,166,12566,0,MS,MS,Inf,-Inf,0
"JACKSONVILLE, FLA",1972,10865,10565,2366,54,396,7749,300,846,146180,139974,45782,629,3511,90052,6205,FL,FL,Inf,-Inf,0
"JERSEY CITY, NJ",1972,2411,2211,42,524,19,1626,200,26,38485,35206,940,7083,194,26989,3280,NJ,NJ,1989,-17,0
"JOHNSTOWN, PA",1972,592,592,263,4,11,314,0,9,9788,9788,5343,54,100,4291,0,PA,PA,Inf,-Inf,0
"KALAMAZOO, MICH",1972,2786,2786,749,38,42,1957,0,123,39298,39298,19356,624,711,18608,0,MI,MI,Inf,-Inf,0
"KANSAS CITY, MO-KANS",1972,16380,16380,6737,1008,775,7860,0,485,251487,251487,150188,15057,8908,77334,0,MO-KS,MO,Inf,-Inf,0
"KENOSHA, WIS",1972,1009,1009,601,22,19,367,0,20,17248,17248,12114,332,362,4440,0,WI,WI,1972,0,1
"KILLEEN-TEMPLE, TEX",1972,1946,1946,1063,60,47,776,0,33,29332,29332,22293,616,441,5981,0,TX,TX,Inf,-Inf,0
"KNOXVILLE, TENN",1972,5483,5435,2135,24,68,3208,48,176,63297,62549,36575,248,447,25279,748,TN,TN,Inf,-Inf,0
"LACROSSE, WIS",1972,678,678,538,34,12,94,0,11,12792,12792,11534,439,104,715,0,WI,WI,1972,0,1
"LAFAYETTE-WEST LAFAYETTE, IND",1972,1111,1111,477,22,44,568,0,25,14225,14225,9692,234,278,4022,0,IN,IN,1972,0,1
"LAFAYETTE, LA",1972,1237,1237,474,2,4,757,0,81,17923,17923,10057,4,53,7809,0,LA,LA,Inf,-Inf,0
"LAKE CHARLES, LA",1972,1369,1329,412,82,108,727,40,61,20836,20113,8763,1293,1121,8937,723,LA,LA,Inf,-Inf,0
"LAKELAND-WINTER HAVEN, FLA",1972,1869,1869,527,124,197,1021,0,47,24675,24675,10007,1216,2272,11181,0,FL,FL,Inf,-Inf,0
"LANCASTER, PA",1972,2505,2505,1364,20,47,1074,0,50,42455,42455,32731,272,403,9049,0,PA,PA,Inf,-Inf,0
"LANSING-EAST LANSING, MICH",1972,5327,5327,2717,312,28,2270,0,135,93930,93930,62042,5757,278,25854,0,MI,MI,Inf,-Inf,0
"LAREDO, TEX",1972,550,550,241,2,0,307,0,14,7826,7826,2688,40,0,5098,0,TX,TX,Inf,-Inf,0
"LAS VEGAS, NEV",1972,11006,11006,5849,24,351,4782,0,289,197444,197444,133047,303,4848,59246,0,NV,NV,Inf,-Inf,0
"LAWRENCE-HAVERHILL, MASS-NH",1972,2893,2893,895,114,4,1880,0,94,39621,39621,20715,1394,54,17458,0,MA-NH,MA,1977,-5,0
"LAWTON, OKLA",1972,1469,1469,783,6,0,680,0,19,22005,22005,16293,108,0,5604,0,OK,OK,Inf,-Inf,0
"LEWISTON-AUBURN, MAINE",1972,351,351,290,0,8,53,0,7,6026,6026,5320,0,91,615,0,MN,MN,1973,-1,0
"LEXINGTON-FAYETTE, KY",1972,3244,3244,1190,272,64,1718,0,124,48394,48394,28629,3332,571,15862,0,KY,KY,Inf,-Inf,0
"LIMA, OHIO",1972,516,516,292,10,15,199,0,3,8190,8190,6003,125,190,1872,0,OH,OH,Inf,-Inf,0
"LINCOLN, NEBR",1972,3460,3460,1144,114,138,2064,0,139,40016,40016,16453,1207,1570,20786,0,NE,NE,Inf,-Inf,0
"LITTLE ROCK-NORTH LITTLE ROCK, ARK",1972,3572,3572,1906,156,22,1488,0,75,70025,70025,50590,2206,305,16924,0,AR,AR,Inf,-Inf,0
"LONG BRANCH-ASBURY PARK, NJ",1972,5654,5654,2871,148,36,2599,0,143,98558,98558,68771,1454,351,27981,0,NJ,NJ,1989,-17,0
"LORAIN-ELYRIA, OHIO",1972,2603,2603,1552,190,111,750,0,56,48730,48730,38105,2836,1743,6046,0,OH,OH,Inf,-Inf,0
"LOS ANGELES-LONG BEACH, CALIF",1972,52953,52953,11093,658,2697,38505,0,1925,951106,951106,292276,10350,40377,608103,0,CA,CA,1970,2,1
"LOUISVILLE, KY-IND",1972,12567,12341,4954,18,441,6928,226,538,171545,167517,99944,173,3572,63828,4028,KY-IN,KY,1972,0,1
"LOWELL, MASS-NH",1972,1519,1519,949,10,0,560,0,27,22970,22970,18331,146,0,4493,0,MA-NH,MA,1977,-5,0
"LUBBOCK, TEX",1972,2147,2147,899,152,60,1036,0,34,38098,38098,24483,3009,422,10184,0,TX,TX,Inf,-Inf,0
"LYNCHBURG, VA",1972,1369,1369,1147,54,20,148,0,17,26760,26760,24486,823,147,1304,0,VA,VA,1973,-1,0
"MCALLEN-PHARR-EDINBURG, TEX",1972,1696,1622,999,84,49,490,74,28,21870,20801,14503,808,444,5047,1069,TX,TX,Inf,-Inf,0
"MACON, GA",1972,2543,2543,1389,62,223,869,0,85,27267,27267,18570,391,1564,6742,0,GA,GA,1991,-19,0
"MADISON, WIS",1972,4464,4464,1543,270,18,2633,0,100,58088,58088,34721,4087,297,18983,0,WI,WI,1972,0,1
"MANCHESTER, NH",1972,1638,1438,490,34,28,886,200,44,20318,16588,9337,431,209,6611,3730,NH,NH,Inf,-Inf,0
"MANSFIELD, OHIO",1972,1407,1407,764,76,51,516,0,50,22988,22988,16374,1185,663,4765,0,OH,OH,Inf,-Inf,0
"MELBOURNE-TITUSVILLE-COCOA, FLA",1972,3451,3451,1883,156,33,1379,0,46,71410,71410,44215,1678,596,24921,0,FL,FL,Inf,-Inf,0
"MEMPHIS, TENN-ARK",1972,18900,18608,5448,658,220,12282,292,796,251434,246883,117185,8320,3513,117866,4551,TN-AR,TN,Inf,-Inf,0
"MERIDEN, CONN",1972,674,674,309,0,0,365,0,24,9217,9217,5039,0,0,4179,0,CT,CT,1973,-1,0
"MIAMI, FLA",1972,51270,50795,9487,1378,1033,38897,475,1053,896724,892477,222914,18513,15882,635168,4247,FL,FL,Inf,-Inf,0
"MIDLAND, TEX",1972,409,409,150,0,0,259,0,3,7550,7550,4900,0,0,2650,0,TX,TX,Inf,-Inf,0
"MILWAUKEE, WIS",1972,11359,11359,4908,622,148,5681,0,277,201930,201930,121047,12068,2793,66022,0,WI,WI,1972,0,1
"MINNEAPOLIS-ST PAUL, MN-WI",1972,26836,26611,13087,300,389,12835,225,284,538215,535349,309611,5920,6650,213168,2866,MN-WI,MN,1972,0,1
"MOBILE, ALA",1972,3252,3252,1773,120,63,1296,0,129,31860,31860,20963,850,575,9472,0,AL,AL,Inf,-Inf,0
"MODESTO, CALIF",1972,3608,3608,2007,216,317,1068,0,56,54003,54003,38023,2659,3452,9870,0,CA,CA,1970,2,1
"MONROE, LA",1972,1111,1111,493,14,24,580,0,26,13769,13769,9204,163,169,4233,0,LA,LA,Inf,-Inf,0
"MONTGOMERY, ALA",1972,2724,2655,1952,4,4,695,69,82,38258,36211,29715,34,25,6437,2046,AL,AL,Inf,-Inf,0
"MUNCIE, IND",1972,489,489,377,36,3,73,0,7,10019,10019,8889,554,25,551,0,IN,IN,1972,0,1
"MUSKEGON-NORTON SHORES-MUSKEGON HEIGHTS, MICH",1972,1261,1100,677,6,8,409,161,10,20162,16942,12620,80,101,4142,3220,MI,MI,Inf,-Inf,0
"NASHUA, NH",1972,1152,1104,500,30,4,570,48,10,22378,21768,15152,597,80,5940,609,NH,NH,Inf,-Inf,0
"NASHVILLE-DAVIDSON, TENN",1972,9445,9445,3022,326,50,6047,0,128,116363,116363,54236,2860,302,58965,0,TN,TN,Inf,-Inf,0
"NEWARK, NJ",1972,6414,6189,2750,292,32,3115,225,121,121733,116689,77069,3813,310,35497,5043,NJ,NJ,1989,-17,0
"NEW BEDFORD, MASS",1972,1291,1291,640,254,35,362,0,27,19586,19586,11363,2535,325,5362,0,MA,MA,1977,-5,0
"NEW BRITAIN, CONN",1972,1105,1005,482,80,0,443,100,33,14174,12174,7821,775,0,3579,2000,CT,CT,1973,-1,0
"NEW BRUNSWICK-PERTH AMBOY-SAYREVILLE, NJ",1972,5078,4826,1734,168,156,2768,252,171,70120,64290,37541,2778,2352,21619,5830,NJ,NJ,1989,-17,0
"NEW HAVEN-WEST HAVEN, CONN",1972,2418,2418,846,8,39,1525,0,93,36554,36554,20284,100,353,15817,0,CT,CT,1973,-1,0
"NEW ORLEANS, LA",1972,16504,16384,6824,980,964,7616,120,146,246200,244361,153855,14337,9992,66177,1839,LA,LA,Inf,-Inf,0
"NEWPORT NEWS-HAMPTON, VA",1972,6816,6816,2323,64,448,3981,0,444,88352,88352,42693,965,4832,39862,0,VA,VA,1973,-1,0
"NEW YORK, NY-NJ",1972,58130,57497,16682,4662,190,35963,633,629,1185223,1164692,324594,56371,1891,781836,20531,NY-NJ,NY,1975,-3,0
"NORFOLK-VIRGINIA BEACH-PORTSMOUTH, VA-NC",1972,10452,9438,4061,412,268,4697,1014,419,171384,150909,86692,4736,3509,55972,20475,VA-NC,VA,1971,1,1
"NORWALK, CONN",1972,786,786,298,26,0,462,0,31,16117,16117,10905,438,0,4775,0,CT,CT,1973,-1,0
"NEW LONDON-GROTON-NORWICH, CONN",1972,1580,1580,908,14,59,599,0,46,26898,26898,21001,143,699,5055,0,CT,CT,1973,-1,0
"ODESSA, TEX",1972,511,511,157,20,0,334,0,6,6953,6953,3664,351,0,2939,0,TX,TX,Inf,-Inf,0
"SALT LAKE CITY-OGDEN, UTAH",1972,13371,13371,6146,714,1393,5118,0,257,193325,193325,119281,10511,15009,48525,0,UT,UT,Inf,-Inf,0
"OKLAHOMA CITY, OKLA",1972,16975,16975,5756,266,175,10778,0,497,235023,235023,128863,4101,1629,100430,0,OK,OK,Inf,-Inf,0
"OMAHA, NEBR-IOWA",1972,7716,7716,3330,204,198,3984,0,203,76953,76953,48667,2957,2093,23236,0,NE-IA,NE,Inf,-Inf,0
"ORLANDO, FLA",1972,26867,26863,8270,574,542,17477,4,1030,339414,339227,158368,5343,7660,167856,187,FL,FL,Inf,-Inf,0
"OWENSBORO, KY",1972,605,605,494,2,16,93,0,9,9640,9640,8976,20,165,478,0,KY,KY,Inf,-Inf,0
"OXNARD-SIMI VALLEY- VENTURA, CALIF",1972,7448,7448,4045,420,921,2062,0,189,140074,140074,94283,6930,10988,27872,0,CA,CA,1970,2,1
"PARKERSBURG-MARIETTA, WVA-OHIO",1972,849,849,353,18,75,403,0,33,10739,10739,5930,191,757,3861,0,WV-OH,WV,Inf,-Inf,0
"PATERSON-CLIFTON-PASSAIC, NJ",1972,5870,5870,1785,416,11,3658,0,76,139354,139354,57656,6825,145,74729,0,NJ,NJ,1989,-17,0
"PENSACOLA, FLA",1972,3938,3938,2653,90,32,1163,0,68,70929,70929,56803,1695,282,12149,0,FL,FL,Inf,-Inf,0
"PEORIA, ILL",1972,3377,3377,1814,146,125,1292,0,89,59039,59039,42562,2483,1805,12188,0,IL,IL,Inf,-Inf,0
"PETERSBURG-COLONIAL HEIGHTS-HOPEWELL, VA",1972,1382,1382,1086,106,20,170,0,17,18945,18945,16155,960,208,1622,0,VA,VA,1973,-1,0
"PHILADELPHIA, PA-NJ",1972,36492,36492,16294,804,509,18885,0,687,523927,523927,317749,9628,7655,188895,0,PA-NJ,PA,1989,-17,0
"PHOENIX, ARIZ",1972,37839,37664,22474,706,1895,12589,175,460,516112,513881,341562,9368,20635,142317,2231,AZ,AZ,Inf,-Inf,0
"PINE BLUFF, ARK",1972,551,551,203,10,4,334,0,11,5750,5750,2835,93,50,2771,0,AR,AR,Inf,-Inf,0
"PITTSBURGH, PA",1972,11387,10765,5665,172,480,4448,622,210,178545,168553,117866,1956,1748,46983,9992,PA,PA,Inf,-Inf,0
"PITTSFIELD, MASS",1972,275,275,139,0,0,136,0,9,4941,4941,3093,0,0,1848,0,MA,MA,1977,-5,0
"PORTLAND, MAINE",1972,1511,1451,644,20,49,738,60,52,24581,23625,14119,246,976,8285,956,MN,MN,1973,-1,0
"PORTLAND, OREG-WASH",1972,18933,18883,9215,1366,1541,6761,50,586,306725,305485,195806,16406,16573,76699,1240,OR-WA,OR,1971,1,1
"POUGHKEEPSIE, NY",1972,1839,1839,1305,2,15,517,0,33,34857,34857,29208,70,129,5450,0,NY,NY,1975,-3,0
"PROVIDENCE-PAWTUCKET-WARWICK, RI-MASS",1972,8809,8809,3228,286,59,5236,0,225,104603,104603,59561,2654,503,41885,0,RI-MA,RI,1977,-5,0
"PROVO-OREM, UTAH",1972,1717,1717,1269,136,58,254,0,18,28904,28904,24490,1380,616,2417,0,UT,UT,Inf,-Inf,0
"PUEBLO, COLO",1972,1559,1559,527,36,60,936,0,39,16763,16763,8087,379,306,7991,0,CO,CO,Inf,-Inf,0
"RACINE, WIS",1972,1734,1734,776,56,36,866,0,50,27699,27699,16148,856,542,10152,0,WI,WI,1972,0,1
"READING, PA",1972,1714,1714,1162,12,4,536,0,43,27401,27401,23327,139,74,3861,0,PA,PA,Inf,-Inf,0
"RENO, NEV",1972,4558,4558,1771,58,365,2364,0,246,76756,76756,43479,830,5509,26938,0,NV,NV,Inf,-Inf,0
"RICHLAND-KENNEWICK-PASCO, WASH",1972,1111,1111,501,54,105,451,0,25,17869,17869,11608,653,1156,4452,0,WA,WA,1971,1,1
"RICHMOND, VA",1972,8611,8611,4447,22,775,3367,0,287,113407,113407,78195,162,6209,28841,0,VA,VA,1973,-1,0
"RIVERSIDE-SAN BERNARDINO-ONTARIO, CALIF",1972,19916,19830,11366,354,1648,6462,86,545,346831,344895,238054,5101,23416,78323,1936,CA,CA,1970,2,1
"ROANOKE, VA",1972,4589,4589,1567,264,104,2654,0,161,48353,48353,24090,2486,711,21066,0,VA,VA,1973,-1,0
"ROCHESTER, MINN",1972,741,741,478,8,49,206,0,14,16190,16190,12941,109,741,2399,0,MN,MN,1973,-1,0
"ROCHESTER, NY",1972,11493,11493,3368,200,544,7381,0,280,203755,203755,78878,3568,5925,115385,0,NY,NY,1975,-3,0
"ROCKFORD, ILL",1972,1767,1767,1571,88,16,92,0,10,31501,31501,28992,1343,172,994,0,IL,IL,Inf,-Inf,0
"SACRAMENTO, CALIF",1972,16709,16709,7403,970,1119,7217,0,661,247440,247440,149191,13342,13217,71690,0,CA,CA,1970,2,1
"SAGINAW, MICH",1972,2589,2589,1377,82,15,1115,0,75,42730,42730,29708,1040,123,11859,0,MI,MI,Inf,-Inf,0
"ST JOSEPH, MO",1972,451,451,321,28,12,90,0,5,6692,6692,5551,352,130,659,0,MO,MO,Inf,-Inf,0
"ST LOUIS, MO-ILL",1972,18692,18630,9514,288,505,8323,62,547,300506,299489,206331,3573,6230,83355,1017,MO-IL,MO,Inf,-Inf,0
"SALEM, OREG",1972,2919,2919,1789,212,448,470,0,61,43653,43653,31626,2531,5102,4394,0,OR,OR,Inf,-Inf,0
"SALINAS-SEASIDE-MONTEREY, CALIF",1972,3880,3880,1691,136,311,1742,0,204,74603,74603,45123,2514,6393,20573,0,CA,CA,1970,2,1
"SAN ANGELO, TEX",1972,343,343,300,6,0,37,0,4,4879,4879,4589,92,0,198,0,TX,TX,Inf,-Inf,0
"SAN ANTONIO, TEX",1972,10812,10812,4582,146,68,6016,0,170,124885,124885,72865,1599,580,49841,0,TX,TX,Inf,-Inf,0
"SAN DIEGO, CALIF",1972,39090,38290,14990,1468,3657,18175,800,1300,711698,694576,357211,25935,52909,258521,17122,CA,CA,1970,2,1
"SAN FRANCISCO-OAKLAND, CALIF",1972,36559,36133,16147,684,1930,17372,426,1088,728893,719420,402944,13182,32470,270824,9474,CA,CA,1970,2,1
"SAN JOSE, CALIF",1972,14871,14871,9280,254,871,4466,0,400,275815,275815,212270,4173,12136,47236,0,CA,CA,1970,2,1
"SANTA BARBARA-SANTA MARIA-LOMPOC, CALIF",1972,3400,3400,1168,188,600,1444,0,149,70269,70269,37602,4277,10197,18193,0,CA,CA,1970,2,1
"SANTA CRUZ, CALIF",1972,3666,3666,2034,132,259,1241,0,81,65955,65955,45049,1947,3541,15419,0,CA,CA,1970,2,1
"SANTA ROSA, CALIF",1972,5314,5314,3262,208,468,1376,0,129,94730,94730,70526,2908,6136,15160,0,CA,CA,1970,2,1
"SARASOTA, FLA",1972,7015,7015,3130,396,537,2952,0,190,113937,113937,60747,4287,8599,40305,0,FL,FL,Inf,-Inf,0
"SAVANNAH, GA",1972,1175,1175,1003,40,23,109,0,3,20055,20055,18179,366,308,1203,0,GA,GA,1991,-19,0
"SCRANTON, PA",1972,761,761,418,6,4,333,0,41,10934,10934,7892,64,40,2938,0,PA,PA,Inf,-Inf,0
"SEATTLE-EVERETT, WASH",1972,6396,6396,5022,126,192,1056,0,55,161144,161144,136533,2011,2777,19823,0,WA,WA,1971,1,1
"SHERMAN-DENISON, TEX",1972,322,322,246,16,0,60,0,1,5693,5693,5026,182,0,485,0,TX,TX,Inf,-Inf,0
"SHREVEPORT, LA",1972,3431,3431,2046,10,0,1375,0,15,48116,48116,35330,135,0,12652,0,LA,LA,Inf,-Inf,0
"SIOUX CITY, IOWA-NEBR",1972,318,318,261,14,31,12,0,2,5414,5414,4674,188,419,133,0,IA-NE,IA,Inf,-Inf,0
"SIOUX FALLS, SDAK",1972,1085,1085,301,40,46,698,0,43,11056,11056,5014,461,547,5034,0,SD,SD,1974,-2,0
"SOUTH BEND, IND",1972,1726,1726,1054,8,20,644,0,65,31142,31142,24047,98,258,6740,0,IN,IN,1972,0,1
"SPARTANBURG, SC",1972,3041,3041,1963,198,130,750,0,78,51632,51632,40137,2726,2097,6673,0,SC,SC,Inf,-Inf,0
"SPOKANE, WASH",1972,3924,3924,2363,286,140,1135,0,86,76359,76359,55135,4770,1273,15181,0,WA,WA,1971,1,1
"SPRINGFIELD, ILL",1972,2307,2307,871,138,40,1258,0,31,44539,44539,22590,2330,570,19049,0,IL,IL,Inf,-Inf,0
"SPRINGFIELD, MO",1972,2414,2414,1973,74,48,319,0,13,39102,39102,35075,615,647,2765,0,MO,MO,Inf,-Inf,0
"SPRINGFIELD, OHIO",1972,803,803,701,0,33,69,0,11,15470,15470,13358,0,1572,540,0,OH,OH,Inf,-Inf,0
"SPRINGFIELD-CHICOPEE-HOLYOKE, MASS-CONN",1972,4431,4431,1508,112,58,2753,0,177,69200,69200,30528,1144,727,36802,0,MA-CT,MA,1973,-1,0
"STAMFORD, CONN",1972,1286,1206,450,68,31,657,80,21,34782,33057,19613,1490,876,11077,1726,CT,CT,1973,-1,0
"STEUBENVILLE-WEIRTON, OHIO-WVA",1972,335,335,240,10,4,81,0,10,5408,5408,4416,118,50,824,0,OH-WV,OH,Inf,-Inf,0
"STOCKTON, CALIF",1972,3576,3576,1735,200,345,1296,0,92,52903,52903,35510,2729,3964,10700,0,CA,CA,1970,2,1
"SYRACUSE, NY",1972,5162,5162,1744,60,21,3337,0,131,76662,76662,35400,626,298,40339,0,NY,NY,1975,-3,0
"TACOMA, WASH",1972,3395,3395,2060,196,140,999,0,84,59994,59994,44399,2626,1647,11322,0,WA,WA,1971,1,1
"TALLAHASSEE, FLA",1972,8453,8057,2646,88,69,5254,396,273,105753,100844,41242,1066,493,58042,4910,FL,FL,Inf,-Inf,0
"TAMPA-ST PETERSBURG, FLA",1972,46536,46536,12813,1810,1255,30658,0,1658,624236,624236,227046,16612,14134,366444,0,FL,FL,Inf,-Inf,0
"TERRE HAUTE, IND",1972,176,176,76,0,0,100,0,4,3501,3501,1395,0,0,2106,0,IN,IN,1972,0,1
"TEXARKANA, TEX-ARK",1972,574,482,266,4,8,204,92,11,6917,5479,3477,38,56,1908,1438,TX-AR,TX,Inf,-Inf,0
"TOLEDO, OHIO-MICH",1972,6530,6530,3077,110,215,3128,0,169,100777,100777,66289,1383,3119,29985,0,OH-MI,OH,Inf,-Inf,0
"TOPEKA, KANS",1972,2498,2498,766,50,120,1562,0,78,36342,36342,18982,851,1555,14954,0,KS,KS,Inf,-Inf,0
"TRENTON, NJ",1972,2050,2050,998,6,28,1018,0,60,40677,40677,30932,125,480,9140,0,NJ,NJ,1989,-17,0
"TUCSON, ARIZ",1972,11138,11138,7069,218,455,3396,0,80,199132,199132,147073,2893,6677,42489,0,AZ,AZ,Inf,-Inf,0
"TULSA, OKLA",1972,7010,7010,3166,390,239,3215,0,348,91741,91741,56140,5556,3023,27022,0,OK,OK,Inf,-Inf,0
"TUSCALOOSA, ALA",1972,2189,2189,744,30,51,1364,0,97,24420,24420,13220,279,373,10549,0,AL,AL,Inf,-Inf,0
"TYLER, TEX",1972,335,335,239,8,0,88,0,1,6946,6946,6016,130,0,800,0,TX,TX,Inf,-Inf,0
"UTICA-ROME, NY",1972,824,824,389,0,0,435,0,9,13709,13709,6620,0,0,7089,0,NY,NY,1975,-3,0
"VALLEJO-FAIRFIELD-NAPA, CALIF",1972,4122,4122,3025,42,227,828,0,99,80921,80921,68634,485,3021,8782,0,CA,CA,1970,2,1
"VINELAND-MILLVILLE-BRIDGETON, NJ",1972,1165,1115,593,42,8,472,50,50,18519,17247,11978,484,87,4699,1272,NJ,NJ,1989,-17,0
"WACO, TEX",1972,1868,1868,496,64,75,1233,0,18,24072,24072,12002,998,886,10186,0,TX,TX,Inf,-Inf,0
"WASHINGTON, DC-MD-VA",1972,43290,43290,26722,102,160,16306,0,427,713683,713683,521300,1049,2112,189222,0,DC-MD-VA,DC,1973,-1,0
"WATERBURY, CONN",1972,2236,2236,648,64,375,1149,0,74,28821,28821,13226,807,3733,11056,0,CT,CT,1973,-1,0
"WATERLOO-CEDAR FALLS, IOWA",1972,492,492,275,22,15,180,0,11,7820,7820,5261,304,289,1968,0,IA,IA,Inf,-Inf,0
"WEST PALM BEACH-BOCA RATON, FLA",1972,29490,29490,5213,1310,1963,21004,0,773,526997,526997,122762,15581,21618,367036,0,FL,FL,Inf,-Inf,0
"WHEELING, WVA-OHIO",1972,204,204,157,12,4,31,0,3,4225,4225,3525,314,52,334,0,WV-OH,WV,Inf,-Inf,0
"WICHITA, KANS",1972,2852,2852,1004,92,79,1677,0,85,47521,47521,25579,2149,1653,18139,0,KS,KS,Inf,-Inf,0
"WICHITA FALLS, TEX",1972,903,903,326,4,0,573,0,8,10148,10148,5360,47,0,4740,0,TX,TX,Inf,-Inf,0
"WILKES-BARRE-HAZELTON, PA",1972,1414,1413,1308,20,23,62,1,3,23176,23126,22076,245,615,190,50,PA,PA,Inf,-Inf,0
"WILLIAMSPORT, PA",1972,244,244,232,0,0,12,0,1,5125,5125,5025,0,0,100,0,PA,PA,Inf,-Inf,0
"WILMINGTON, DEL-NJ-MD",1972,6638,6638,2722,2,12,3902,0,245,87483,87483,47033,40,139,40271,0,DEL-NJ-MD,DE,1973,-1,0
"WILMINGTON, NC",1972,1992,1992,1714,116,0,162,0,14,36537,36537,31114,2599,0,2824,0,NC,NC,1971,1,1
"WORCESTER, MASS",1972,3669,3091,999,90,41,1961,578,96,52175,41016,21493,1040,361,18122,11159,MA,MA,1977,-5,0
"YAKIMA, WASH",1972,963,963,563,52,52,296,0,16,14727,14727,10110,623,563,3430,0,WA,WA,1971,1,1
"YORK, PA",1972,2302,2302,1683,16,23,580,0,31,42775,42775,36467,183,228,5898,0,PA,PA,Inf,-Inf,0
"YOUNGSTOWN-WARREN, OHIO",1972,4375,4325,2416,112,245,1552,50,118,75569,74754,55368,1629,2786,14972,815,OH,OH,Inf,-Inf,0
"ABILENE, TEX",1973,856,856,194,20,0,642,0,7,14071,14071,5240,372,0,8458,0,TX,TX,Inf,-Inf,0
"AKRON, OHIO",1973,4390,4390,2320,176,228,1666,0,76,93999,93999,68018,3121,3515,19345,0,OH,OH,Inf,-Inf,0
"ALBANY, GA",1973,1882,1882,617,84,78,1103,0,140,25400,25400,12503,743,1118,11036,0,GA,GA,1991,-18,0
"ALBANY-SCHENECTADY-TROY, NY",1973,3242,3242,2242,194,32,774,0,41,65260,65260,54441,3722,410,6687,0,NY,NY,1975,-2,0
"ALBUQUERQUE, NMEX",1973,4198,4198,1924,22,283,1969,0,140,80435,80435,53497,330,3340,23268,0,NM,NM,Inf,-Inf,0
"ALEXANDRIA, LA",1973,347,347,143,10,16,178,0,11,4095,4095,3111,76,102,806,0,LA,LA,Inf,-Inf,0
"ALLENTOWN-BETHLEHEM-EASTON, PA-NJ",1973,5338,5338,2890,42,76,2330,0,59,99405,99405,75496,587,1239,22083,0,PA-NJ,PA,1989,-16,0
"ALTOONA, PA",1973,411,411,190,8,40,173,0,5,6675,6675,4220,80,510,1865,0,PA,PA,Inf,-Inf,0
"AMARILLO, TEX",1973,1314,1314,564,46,4,700,0,6,29852,29852,18984,1268,140,9460,0,TX,TX,Inf,-Inf,0
"ANAHEIM-SANTA ANA-GARDEN GROVE, CALIF",1973,28251,28251,15583,646,3410,8612,0,883,627284,627284,428291,13009,54708,131277,0,CA,CA,1970,3,1
"ANCHORAGE, ALASKA",1973,781,781,429,140,63,149,0,14,27219,27219,19665,4052,1140,2363,0,AK,AK,Inf,-Inf,0
"ANDERSON, IND",1973,955,955,588,46,11,310,0,31,19544,19544,15078,560,116,3790,0,IN,IN,1972,1,1
"ANN ARBOR, MICH",1973,2785,2785,1081,30,219,1455,0,96,51031,51031,29612,440,2371,18609,0,MI,MI,Inf,-Inf,0
"ANNISTON, ALA",1973,395,395,205,6,3,181,0,3,6741,6741,4674,50,19,1999,0,AL,AL,Inf,-Inf,0
"APPLETON-OSHKOSH, WIS",1973,2157,2157,1157,196,76,728,0,47,37933,37933,26860,2810,1008,7256,0,WI,WI,1972,1,1
"ASHEVILLE, NC",1973,402,402,146,2,0,254,0,4,6311,6311,3118,18,0,3175,0,NC,NC,1971,2,1
"ATLANTA, GA",1973,29947,29947,18893,194,524,10336,0,1088,552870,552870,419544,1966,7396,123964,0,GA,GA,1991,-18,0
"ATLANTIC CITY, NJ",1973,2707,2603,1256,46,11,1290,104,43,42243,40367,25931,606,121,13709,1876,NJ,NJ,1989,-16,0
"AUGUSTA, GA-SC",1973,2268,2268,1765,4,61,438,0,53,34389,34389,29626,42,1201,3520,0,GA-SC,GA,1991,-18,0
"AUSTIN, TEX",1973,8705,8705,2097,430,191,5987,0,115,125001,125001,55653,7090,2609,59650,0,TX,TX,Inf,-Inf,0
"BAKERSFIELD, CALIF",1973,2332,2332,1468,184,349,331,0,36,39964,39964,31915,2352,3244,2452,0,CA,CA,1970,3,1
"BALTIMORE, MD",1973,22571,22571,11088,46,92,11345,0,568,392327,392327,262244,1132,595,128356,0,MD,MD,1973,0,1
"BATON ROUGE, LA",1973,6701,6701,2125,54,38,4484,0,65,88313,88313,45192,616,341,42165,0,LA,LA,Inf,-Inf,0
"BATTLE CREEK, MICH",1973,1428,1428,627,2,20,779,0,30,18910,18910,12998,21,255,5635,0,MI,MI,Inf,-Inf,0
"BAY CITY, MICH",1973,1280,1280,615,8,24,633,0,68,19968,19968,12238,112,530,7088,0,MI,MI,Inf,-Inf,0
"BEAUMONT-PORT ARTHUR-ORANGE, TEX",1973,1368,1368,624,22,67,655,0,71,21995,21995,14680,245,660,6410,0,TX,TX,Inf,-Inf,0
"BILLINGS, MONT",1973,762,762,433,66,72,191,0,5,15452,15452,10412,1008,955,3076,0,MT,MT,1971,2,1
"BILOXI-GULFPORT, MISS",1973,2338,2338,1051,4,64,1219,0,76,26308,26308,15765,46,666,9831,0,MS,MS,Inf,-Inf,0
"BINGHAMTON, NY-PA",1973,579,579,495,46,7,31,0,4,15799,15799,14722,622,130,325,0,NY-PA,NY,1975,-2,0
"BIRMINGHAM, ALA",1973,6493,6493,2844,66,115,3468,0,286,95296,95296,61137,1059,1765,31334,0,AL,AL,Inf,-Inf,0
"BLOOMINGTON-NORMAL, ILL",1973,1054,1054,508,50,108,388,0,31,18985,18985,13037,715,1197,4036,0,IL,IL,Inf,-Inf,0
"BOISE CITY, IDAHO",1973,2787,2787,1975,238,158,416,0,8,43997,43997,34826,2795,1830,4546,0,ID,ID,Inf,-Inf,0
"BOSTON, MASS",1973,17071,17071,4349,412,142,12168,0,455,317930,317930,123166,6053,2298,186413,0,MA,MA,1977,-4,0
"BRIDGEPORT, CONN",1973,2427,2352,886,240,145,1081,75,63,49626,48367,24850,3828,2119,17570,1260,CT,CT,1973,0,1
"BRISTOL, CONN",1973,357,357,310,2,45,0,0,0,6964,6964,6492,32,440,0,0,CT,CT,1973,0,1
"BROCKTON, MASS",1973,1046,1046,591,22,40,393,0,12,17542,17542,12007,360,600,4576,0,MA,MA,1977,-4,0
"BROWNSVILLE-HARLINGEN-SAN BENITO, TEX",1973,3750,3750,544,0,15,3191,0,164,33085,33085,9346,0,168,23571,0,TX,TX,Inf,-Inf,0
"BRYAN-COLLEGE STATION, TEX",1973,1494,1494,297,8,43,1146,0,84,14763,14763,6559,107,302,7794,0,TX,TX,Inf,-Inf,0
"BUFFALO, NY",1973,6956,6956,3590,414,85,2867,0,220,126448,126448,84227,5557,774,35889,0,NY,NY,1975,-2,0
"BURLINGTON, NC",1973,880,880,466,2,0,412,0,33,15680,15680,11996,28,0,3656,0,NC,NC,1971,2,1
"CANTON, OHIO",1973,2549,2549,1565,316,55,613,0,65,56596,56596,40558,4983,694,10362,0,OH,OH,Inf,-Inf,0
"CEDAR RAPIDS, IOWA",1973,1158,1158,438,8,19,693,0,34,17483,17483,8661,120,190,8512,0,IA,IA,Inf,-Inf,0
"CHAMPAIGN-URBANA-RANTOUL, ILL",1973,562,562,264,38,0,260,0,16,7919,7919,6239,412,0,1268,0,IL,IL,Inf,-Inf,0
"CHARLESTON-NORTH CHARLESTON, SC",1973,3763,3563,2123,24,47,1369,200,112,56979,52716,40889,232,479,11116,4263,SC,SC,Inf,-Inf,0
"CHARLESTON, WVA",1973,662,662,311,4,11,336,0,9,13585,13585,8367,40,115,5063,0,WV,WV,Inf,-Inf,0
"CHARLOTTE-GASTONIA, NC",1973,8375,8375,5043,28,72,3232,0,318,159010,159010,117461,366,880,40303,0,NC,NC,1971,2,1
"CHATTANOOGA, TENN-GA",1973,3787,3787,1526,244,58,1959,0,27,55011,55011,26969,4933,577,22532,0,TN-GA,TN,1991,-18,0
"CHICAGO, ILL",1973,46713,45853,20875,712,2555,21711,860,971,1000257,988374,588380,12171,38104,349720,11883,IL,IL,Inf,-Inf,0
"CINCINNATI, OHIO-KY-IND",1973,8584,8584,4802,100,82,3600,0,281,161658,161658,124075,1595,1022,34967,0,OH-KY-IN,OH,1972,1,1
"CLEVELAND, OHIO",1973,7983,7965,4604,110,229,3022,18,106,219770,219330,158120,2757,4467,53986,440,OH,OH,Inf,-Inf,0
"COLORADO SPRINGS, COLO",1973,7384,7134,2707,80,116,4231,250,321,97708,92758,45999,849,3110,42800,4950,CO,CO,Inf,-Inf,0
"COLUMBIA, MO",1973,269,269,137,42,58,32,0,2,6664,6664,4634,703,1022,305,0,MO,MO,Inf,-Inf,0
"COLUMBIA, SC",1973,3470,3365,1488,20,238,1619,105,192,63177,60506,34751,209,3408,22139,2671,SC,SC,Inf,-Inf,0
"COLUMBUS, GA-ALA",1973,864,864,793,16,4,51,0,5,19823,19823,19204,155,29,435,0,GA-AL,GA,1991,-18,0
"COLUMBUS, OHIO",1973,10066,10066,4762,182,936,4186,0,410,188940,188940,128121,3477,11932,45410,0,OH,OH,Inf,-Inf,0
"CORPUS CHRISTI, TEX",1973,2431,2431,744,144,11,1532,0,118,33853,33853,15261,2667,249,15676,0,TX,TX,Inf,-Inf,0
"DALLAS-FORT WORTH, TEX",1973,26139,26119,15125,204,99,10691,20,329,446883,446571,359689,3861,1848,81173,313,TX,TX,Inf,-Inf,0
"DANBURY, CONN",1973,1804,1804,1223,12,48,521,0,41,39811,39811,33614,157,531,5508,0,CT,CT,1973,0,1
"DAVENPORT-ROCK ISLAND-MOLINE, IOWA-ILL",1973,2923,2923,1428,38,67,1390,0,72,46342,46342,30757,572,765,14248,0,IA-IL,IA,Inf,-Inf,0
"DAYTON, OHIO",1973,7019,6519,3431,176,622,2290,500,178,131138,118974,83604,2599,8331,24441,12164,OH,OH,Inf,-Inf,0
"DAYTONA BEACH, FLA",1973,6019,6019,2675,242,280,2822,0,154,101526,101526,53287,2334,3428,42477,0,FL,FL,Inf,-Inf,0
"DECATUR, ILL",1973,574,574,543,0,7,24,0,3,17533,17533,16983,0,70,480,0,IL,IL,Inf,-Inf,0
"DENVER-BOULDER, COLO",1973,28484,28184,12367,920,2047,12850,300,823,431876,425271,255318,12607,26187,131160,6605,CO,CO,Inf,-Inf,0
"DES MOINES, IOWA",1973,2013,2013,1164,92,4,753,0,36,41219,41219,32288,1552,45,7334,0,IA,IA,Inf,-Inf,0
"DETROIT, MICH",1973,32437,32437,14760,380,1287,16010,0,1098,681237,681237,419881,6301,25442,229613,0,MI,MI,Inf,-Inf,0
"DUBUQUE, IOWA",1973,339,339,178,0,8,153,0,12,5422,5422,3537,0,75,1810,0,IA,IA,Inf,-Inf,0
"DULUTH-SUPERIOR, MINN-WIS",1973,1026,1026,656,22,36,312,0,10,16656,16656,12301,254,584,3516,0,MN-WI,MN,1972,1,1
"ELMIRA, NY",1973,428,428,310,0,16,102,0,13,10115,10115,8271,0,203,1642,0,NY,NY,1975,-2,0
"EL PASO, TEX",1973,5936,5806,1747,140,31,3888,130,409,88026,85712,37738,2259,417,45298,2314,TX,TX,Inf,-Inf,0
"ERIE, PA",1973,1387,1387,985,40,11,351,0,14,26136,26136,19697,553,95,5790,0,PA,PA,Inf,-Inf,0
"EUGENE-SPRINGFIELD, OREG",1973,3028,3028,1593,228,67,1140,0,84,50773,50773,32720,3540,849,13664,0,OR,OR,Inf,-Inf,0
"EVANSVILLE, IND-KY",1973,1884,1884,1002,12,59,811,0,73,23488,23486,15946,86,739,6717,0,IN-KY,IN,1972,1,1
"FALL RIVER, MASS-RI",1973,1180,1180,698,8,0,474,0,10,18386,18386,13890,100,0,4396,0,MA-RI,MA,1977,-4,0
"FARGO-MOORHEAD, ND-MN",1973,859,859,545,26,39,249,0,13,19685,19685,15391,475,582,3237,0,ND-MN,ND,1973,0,1
"FAYETTEVILLE-SPRINGDALE, ARK",1973,1201,1201,754,54,55,338,0,34,18451,18451,14531,577,575,2768,0,AR,AR,Inf,-Inf,0
"FAYETTEVILLE, NC",1973,558,558,410,8,7,133,0,18,13918,13918,10659,76,109,3074,0,NC,NC,1971,2,1
"FITCHBURG-LEOMINSTER, MASS",1973,571,571,317,20,16,218,0,9,9952,9952,6536,230,200,2986,0,MA,MA,1977,-4,0
"FLINT, MICH",1973,4658,4658,2349,32,140,2137,0,142,80678,80678,56210,561,1922,21986,0,MI,MI,Inf,-Inf,0
"FLORENCE, ALA",1973,693,693,344,6,21,322,0,4,11689,11689,6778,56,182,4673,0,AL,AL,Inf,-Inf,0
"FORT LAUDERDALE-HOLLYWOOD, FLA",1973,62680,62680,11349,1300,1665,48366,0,1751,1074509,1074509,267648,21234,23217,762410,0,FL,FL,Inf,-Inf,0
"FORT MEYERS-CAPE CORAL, FLA",1973,9149,9149,2967,586,459,5137,0,265,146207,146207,57699,6723,7908,73876,0,FL,FL,Inf,-Inf,0
"FORT SMITH, ARK-OKLA",1973,1046,1046,506,34,23,483,0,37,19537,19537,15786,472,170,3108,0,AR-OK,AR,Inf,-Inf,0
"FORT WAYNE, IND",1973,3709,3709,2075,30,48,1556,0,102,72615,72615,53755,599,340,17920,0,IN,IN,1972,1,1
"FRESNO, CALIF",1973,4827,4827,1876,130,690,2131,0,189,62345,62345,33571,1413,6072,21289,0,CA,CA,1970,3,1
"GADSDEN, ALA",1973,86,86,73,4,4,5,0,1,1462,1462,1331,50,46,35,0,AL,AL,Inf,-Inf,0
"GAINESVILLE, FLA",1973,1262,1262,916,4,16,326,0,4,23655,23655,19628,56,168,3803,0,FL,FL,Inf,-Inf,0
"GALVESTON-TEXAS CITY, TEX",1973,1087,1087,431,4,28,624,0,22,17690,17690,9965,43,554,7128,0,TX,TX,Inf,-Inf,0
"GARY-HAMMOND-EAST CHICAGO, IND",1973,3919,3919,2544,232,146,997,0,73,88242,88242,67227,3076,1939,16000,0,IN,IN,1972,1,1
"GRAND RAPIDS, MICH",1973,5283,5283,2625,146,73,2439,0,143,97830,97830,68698,2075,1072,25985,0,MI,MI,Inf,-Inf,0
"GREAT FALLS, MONT",1973,325,325,149,0,0,176,0,8,5698,5698,3539,0,0,2159,0,MT,MT,1971,2,1
"GREEN BAY, WIS",1973,1717,1717,844,284,43,546,0,51,32856,32856,21884,4225,472,6275,0,WI,WI,1972,1,1
"GREENSBORO-WINSTON-SALEM-HIGH POINT, NC",1973,7235,7235,4076,56,136,2967,0,277,118276,118276,85917,550,2347,29462,0,NC,NC,1971,2,1
"GREENVILLE-SPARTANBURG, SC",1973,6701,6701,3883,174,100,2544,0,155,116318,116318,84863,2305,2052,27099,0,SC,SC,Inf,-Inf,0
"HAMILTON-MIDDLETOWN, OHIO",1973,2482,2482,1505,62,132,783,0,59,53668,53668,41827,1023,1539,9280,0,OH,OH,Inf,-Inf,0
"HARRISBURG, PA",1973,3974,3974,1923,20,154,1877,0,136,65464,65464,46720,298,2012,16434,0,PA,PA,Inf,-Inf,0
"HARTFORD, CONN",1973,5250,5250,2580,108,193,2369,0,193,94095,94095,64106,1421,2586,25982,0,CT,CT,1973,0,1
"HONOLULU, HAWAII",1973,12922,12922,3007,178,690,9047,0,416,315504,315504,101507,3992,30973,179032,0,HI,HI,1974,-1,0
"HOUSTON, TEX",1973,19502,19502,4996,78,132,14296,0,1118,292594,292594,158550,1496,1473,131074,0,TX,TX,Inf,-Inf,0
"HUNTINGTON-ASHLAND, WVA-KY-OHIO",1973,548,548,381,0,20,147,0,15,10808,10808,7530,0,312,2965,0,WV-KY-OH,WV,Inf,-Inf,0
"HUNTSVILLE, ALA",1973,1303,1303,644,8,12,639,0,62,16007,16007,11638,48,241,4080,0,AL,AL,Inf,-Inf,0
"INDIANAPOLIS, IND",1973,13331,13331,4747,286,132,8166,0,207,226229,226229,131934,3440,2510,88345,0,IN,IN,1972,1,1
"JACKSON, MICH",1973,866,866,656,20,26,164,0,9,15715,15715,13393,174,358,1789,0,MI,MI,Inf,-Inf,0
"JACKSON, MISS",1973,5001,5001,1540,66,31,3364,0,368,71813,71813,37845,955,221,32793,0,MS,MS,Inf,-Inf,0
"JACKSONVILLE, FLA",1973,9885,9885,2652,40,61,7132,0,717,154101,154101,60983,500,883,91736,0,FL,FL,Inf,-Inf,0
"JERSEY CITY, NJ",1973,2104,2104,25,346,9,1724,0,29,37419,37419,718,4917,120,31664,0,NJ,NJ,1989,-16,0
"JOHNSTOWN, PA",1973,401,401,327,62,6,6,0,1,8234,8234,6665,1480,39,50,0,PA,PA,Inf,-Inf,0
"KALAMAZOO-PORTAGE, MICH",1973,1653,1653,1089,58,88,418,0,19,33111,33111,25868,1196,1430,4618,0,MI,MI,Inf,-Inf,0
"KANSAS CITY, MO-KANS",1973,10818,10818,5673,662,615,3868,0,282,201617,201617,141209,10730,7693,41985,0,MO-KS,MO,Inf,-Inf,0
"KENOSHA, WIS",1973,1109,1109,376,72,6,655,0,31,16305,16305,9516,1135,76,5578,0,WI,WI,1972,1,1
"KILLEEN-TEMPLE, TEX",1973,1675,1645,756,84,29,776,30,53,26161,25714,18126,1032,211,6345,447,TX,TX,Inf,-Inf,0
"KINGSPORT-BRISTOL, TENN-VA",1973,1433,1433,637,2,8,786,0,27,24245,24245,16686,16,190,7354,0,TN-VA,TN,1973,0,1
"KNOXVILLE, TENN",1973,5741,5741,1666,66,15,3994,0,250,70911,70911,36754,755,111,33291,0,TN,TN,Inf,-Inf,0
"LACROSSE, WIS",1973,641,641,323,76,28,214,0,18,11699,11699,8370,915,294,2120,0,WI,WI,1972,1,1
"LAFAYETTE-WEST LAFAYETTE, IND",1973,1521,1521,376,78,0,1067,0,34,17342,17342,8619,517,0,8206,0,IN,IN,1972,1,1
"LAFAYETTE, LA",1973,1622,1622,423,0,3,1196,0,103,23044,23044,9396,0,25,13623,0,LA,LA,Inf,-Inf,0
"LAKE CHARLES, LA",1973,581,581,312,54,3,212,0,19,9897,9897,6743,748,26,2380,0,LA,LA,Inf,-Inf,0
"LAKELAND-WINTER HAVEN, FLA",1973,3482,3482,478,102,25,2877,0,241,49054,49054,10788,986,209,37070,0,FL,FL,Inf,-Inf,0
"LANCASTER, PA",1973,2987,2987,1705,14,38,1230,0,53,55209,55209,42534,169,503,12002,0,PA,PA,Inf,-Inf,0
"LANSING-EAST LANSING, MICH",1973,5685,5685,2659,254,126,2646,0,188,97599,97599,62760,4753,2080,28006,0,MI,MI,Inf,-Inf,0
"LAREDO, TEX",1973,628,628,139,0,4,485,0,5,5530,5530,1591,0,25,3914,0,TX,TX,Inf,-Inf,0
"LAS VEGAS, NEV",1973,8643,8443,5740,92,46,2565,200,114,180976,175869,131945,2129,448,41347,5107,NV,NV,Inf,-Inf,0
"LAWRENCE-HAVERHILL, MASS-NH",1973,1543,1543,988,46,51,458,0,51,33054,33054,25082,662,799,6512,0,MA-NH,MA,1977,-4,0
"LAWTON, OKLA",1973,606,606,406,10,16,174,0,13,11843,11843,9669,137,240,1798,0,OK,OK,Inf,-Inf,0
"LEWISTON-AUBURN, MAINE",1973,298,298,246,4,16,32,0,4,6170,6170,5490,49,175,456,0,MN,MN,1973,0,1
"LEXINGTON-FAYETTE, KY",1973,2815,2785,1674,210,64,837,30,69,57158,56728,42696,2919,548,10565,430,KY,KY,Inf,-Inf,0
"LIMA, OHIO",1973,971,971,524,72,133,242,0,33,20090,20090,12702,1283,3746,2360,0,OH,OH,Inf,-Inf,0
"LINCOLN, NEBR",1973,1819,1819,893,76,91,759,0,53,22669,22669,14034,769,1154,6713,0,NE,NE,Inf,-Inf,0
"LITTLE ROCK-NORTH LITTLE ROCK, ARK",1973,4025,3845,1529,108,12,2196,180,105,74159,71623,45346,1525,450,24302,2536,AR,AR,Inf,-Inf,0
"LONG BRANCH-ASBURY PARK, NJ",1973,5522,5522,2585,10,35,2892,0,125,138888,138888,74070,105,928,63785,0,NJ,NJ,1989,-16,0
"LORAIN-ELYRIA, OHIO",1973,1490,1490,951,50,43,446,0,24,34481,34481,28330,780,590,4781,0,OH,OH,Inf,-Inf,0
"LOS ANGELES-LONG BEACH, CALIF",1973,42947,42947,9443,656,3064,29784,0,1614,951143,951143,283957,13141,54235,599809,0,CA,CA,1970,3,1
"LOUISVILLE, KY-IND",1973,7277,7277,4545,36,130,2566,0,165,145968,145968,110077,540,1508,33843,0,KY-IN,KY,1972,1,1
"LOWELL, MASS-NH",1973,1680,1680,828,40,4,808,0,41,24286,24286,17475,648,40,6122,0,MA-NH,MA,1977,-4,0
"LUBBOCK, TEX",1973,1858,1858,850,104,4,900,0,32,34636,34636,23607,2237,50,8741,0,TX,TX,Inf,-Inf,0
"LYNCHBURG, VA",1973,2186,2186,1223,46,34,883,0,20,46035,46035,30240,546,417,14832,0,VA,VA,1973,0,1
"MCALLEN-PHARR-EDINBURG, TEX",1973,1886,1560,969,48,56,487,326,40,27118,22196,15496,718,553,5430,4922,TX,TX,Inf,-Inf,0
"MACON, GA",1973,2073,2073,1199,52,69,753,0,89,29944,29944,21667,325,919,7033,0,GA,GA,1991,-18,0
"MADISON, WIS",1973,3593,3593,1426,164,48,1955,0,100,57432,57432,36264,2376,634,18159,0,WI,WI,1972,1,1
"MANCHESTER, NH",1973,1638,1638,772,46,11,809,0,41,29542,29542,20481,715,108,8239,0,NH,NH,Inf,-Inf,0
"MANSFIELD, OHIO",1973,902,902,478,76,28,320,0,28,17926,17926,13362,1264,466,2833,0,OH,OH,Inf,-Inf,0
"MELBOURNE-TITUSVILLE-COCOA, FLA",1973,4566,4521,1659,48,18,2796,45,121,106073,105250,46170,643,323,58114,823,FL,FL,Inf,-Inf,0
"MEMPHIS, TENN-ARK-MISS",1973,15571,15571,5478,306,3,9784,0,771,239171,239171,126334,4069,30,108738,0,TN-AR-MS,TN,Inf,-Inf,0
"MERIDEN, CONN",1973,553,553,110,4,12,427,0,23,7530,7530,2444,50,173,4863,0,CT,CT,1973,0,1
"MIAMI, FLA",1973,35621,34931,8279,1300,250,25102,690,570,709521,697255,214077,18183,4097,460899,12265,FL,FL,Inf,-Inf,0
"MIDLAND, TEX",1973,236,236,111,2,0,123,0,1,5210,5210,4165,45,0,1000,0,TX,TX,Inf,-Inf,0
"MILWAUKEE, WIS",1973,10285,10285,4182,598,196,5309,0,256,205797,205797,116437,12396,3528,73436,0,WI,WI,1972,1,1
"MINNEAPOLIS-ST PAUL, MN-WI",1973,13884,13774,9702,224,209,3639,110,114,330030,328192,268253,4792,4757,50391,1838,MN-WI,MN,1972,1,1
"MOBILE, ALA",1973,3244,3244,1276,6,56,1906,0,203,45431,45431,22218,33,762,22419,0,AL,AL,Inf,-Inf,0
"MODESTO, CALIF",1973,2774,2774,1855,256,55,608,0,26,51005,51005,38978,3496,615,7917,0,CA,CA,1970,3,1
"MONROE, LA",1973,1234,1234,179,0,20,1035,0,24,14788,14788,5026,0,255,9507,0,LA,LA,Inf,-Inf,0
"MONTGOMERY, ALA",1973,2945,2945,1696,20,0,1229,0,71,42457,42457,31022,255,0,11180,0,AL,AL,Inf,-Inf,0
"MUNCIE, IND",1973,423,423,318,42,19,44,0,7,9410,9410,7969,581,130,730,0,IN,IN,1972,1,1
"MUSKEGON-NORTON SHORES-MUSKEGON HEIGHTS, MICH",1973,909,909,577,10,25,297,0,12,13343,13343,10851,128,392,1970,0,MI,MI,Inf,-Inf,0
"NASHUA, NH",1973,1564,1564,1175,90,0,299,0,9,35972,35972,31693,1553,0,2726,0,NH,NH,Inf,-Inf,0
"NASHVILLE-DAVIDSON, TENN",1973,8634,8634,3433,336,28,4837,0,78,140837,140837,76519,3327,215,60776,0,TN,TN,Inf,-Inf,0
"NEW YORK, NY-NJ",1973,43297,43067,15527,4082,273,23185,230,476,967276,961469,341969,58838,4256,556406,5807,NY-NJ,NY,1975,-2,0
"NEWARK, NJ",1973,6360,6360,3302,286,70,2702,0,61,143283,143283,102929,4615,816,34924,0,NJ,NJ,1989,-16,0
"NEW BEDFORD, MASS",1973,1038,1038,730,160,40,108,0,11,19077,19077,15789,1145,729,1413,0,MA,MA,1977,-4,0
"NEW BRITAIN, CONN",1973,927,927,462,44,4,417,0,16,12384,12384,8551,412,20,3401,0,CT,CT,1973,0,1
"NEW BRUNSWICK-PERTH AMBOY-SAYREVILLE, NJ",1973,2651,2651,1698,66,0,887,0,82,45910,45910,38612,1119,0,6179,0,NJ,NJ,1989,-16,0
"NEW HAVEN-WEST HAVEN, CONN",1973,3353,3353,1380,110,213,1650,0,88,55240,55240,33781,1449,2563,17447,0,CT,CT,1973,0,1
"NEW LONDON-GROTON-NORWICH, CONN",1973,1751,1751,1352,40,19,340,0,6,34157,34157,31188,818,159,1992,0,CT,CT,1973,0,1
"NEW ORLEANS, LA",1973,11445,11301,4284,662,432,5923,144,130,189490,187198,111665,10137,4841,60556,2292,LA,LA,Inf,-Inf,0
"NEWPORT NEWS-HAMPTON, VA",1973,7974,7974,3688,60,811,3415,0,340,133724,133724,84823,1309,9865,37727,0,VA,VA,1973,0,1
"NORFOLK-VIRGINIA BEACH-PORTSMOUTH, VA-NC",1973,11840,11840,4656,424,183,6577,0,620,256256,256256,125947,6933,1253,122124,0,VA-NC,VA,1971,2,1
"NORTHEAST PENNSYLVANIA, PA",1973,3022,2873,2429,12,232,200,149,23,60911,57697,51511,110,3784,2292,3214,PA,PA,Inf,-Inf,0
"NORWALK, CONN",1973,638,638,314,98,7,219,0,19,20271,20271,14608,1703,43,3917,0,CT,CT,1973,0,1
"ODESSA, TEX",1973,349,349,151,0,0,198,0,4,5740,5740,4505,0,0,1235,0,TX,TX,Inf,-Inf,0
"OKLAHOMA CITY, OKLA",1973,5933,5933,3735,170,216,1812,0,76,117996,117996,98543,3234,1401,14819,0,OK,OK,Inf,-Inf,0
"OMAHA, NEBR-IOWA",1973,5207,5207,2946,138,19,2104,0,87,58073,58073,39225,1885,218,16746,0,NE-IA,NE,Inf,-Inf,0
"ORLANDO, FLA",1973,20336,20336,5828,284,465,13759,0,890,300205,300205,131443,2987,5304,160471,0,FL,FL,Inf,-Inf,0
"OWENSBORO, KY",1973,699,699,499,8,4,188,0,16,11038,11038,9564,104,20,1351,0,KY,KY,Inf,-Inf,0
"OXNARD-SIMI VALLEY- VENTURA, CALIF",1973,5596,5596,2565,254,524,2253,0,162,120404,120404,72891,4170,9258,34085,0,CA,CA,1970,3,1
"PARKERSBURG-MARIETTA, WVA-OHIO",1973,610,610,248,14,58,290,0,33,10249,10249,6283,153,561,3252,0,WV-OH,WV,Inf,-Inf,0
"PATERSON-CLIFTON-PASSAIC, NJ",1973,1528,1528,562,98,8,860,0,20,30415,30415,16288,1709,96,12322,0,NJ,NJ,1989,-16,0
"PENSACOLA, FLA",1973,3176,3176,2005,70,21,1080,0,97,65137,65137,46670,1331,177,16960,0,FL,FL,Inf,-Inf,0
"PEORIA, ILL",1973,2423,2423,1563,116,61,683,0,37,54065,54065,42559,2121,883,8502,0,IL,IL,Inf,-Inf,0
"PETERSBURG-COLONIAL HEIGHTS-HOPEWELL, VA",1973,999,999,737,48,16,198,0,12,16745,16745,14242,408,195,1900,0,VA,VA,1973,0,1
"PHILADELPHIA, PA-NJ",1973,30981,30981,17038,758,326,12859,0,505,536962,536962,370584,10122,4167,152089,0,PA-NJ,PA,1989,-16,0
"PHOENIX, ARIZ",1973,30906,30826,19099,808,1423,9496,80,341,461185,459178,319618,11404,16986,111170,2007,AZ,AZ,Inf,-Inf,0
"PINE BLUFF, ARK",1973,276,276,149,0,15,112,0,2,3299,3299,2232,0,138,929,0,AR,AR,Inf,-Inf,0
"PITTSBURGH, PA",1973,9574,9574,5554,206,119,3695,0,168,173239,173239,127353,2287,1460,42139,0,PA,PA,Inf,-Inf,0
"PITTSFIELD, MASS",1973,547,547,233,52,28,234,0,21,9886,9886,6388,1324,174,2000,0,MA,MA,1977,-4,0
"PORTLAND, MAINE",1973,1000,960,672,26,60,202,40,13,19321,18189,15397,389,845,1558,1132,MN,MN,1973,0,1
"PORTLAND, OREG-WASH",1973,13591,13591,7612,888,931,4160,0,309,246146,246146,181867,11105,11769,41404,0,OR-WA,OR,1971,2,1
"POUGHKEEPSIE, NY",1973,3286,3286,1348,12,18,1908,0,136,58508,58508,33988,150,72,24297,0,NY,NY,1975,-2,0
"PROVIDENCE-PAWTUCKET-WARWICK, RI-MASS",1973,6427,6387,3252,178,113,2844,40,164,95967,94864,66586,1924,989,25364,1103,RI-MA,RI,1977,-4,0
"PROVO-OREM, UTAH",1973,1920,1920,1237,162,203,318,0,30,33822,33822,26348,1744,2211,3518,0,UT,UT,Inf,-Inf,0
"PUEBLO, COLO",1973,905,905,603,26,71,205,0,11,13251,13251,10668,243,746,1594,0,CO,CO,Inf,-Inf,0
"RACINE, WIS",1973,836,836,362,26,8,440,0,19,14226,14226,9101,464,91,4570,0,WI,WI,1972,1,1
"RALEIGH-DURHAM, NC",1973,7932,7843,3943,132,356,3412,89,284,126634,125059,91298,1497,3826,28438,1574,NC,NC,1971,2,1
"READING, PA",1973,1860,1860,1145,24,16,675,0,43,35876,35876,28375,288,280,6933,0,PA,PA,Inf,-Inf,0
"RENO, NEV",1973,3313,3313,1641,156,129,1387,0,126,71469,71469,51187,3146,3272,13865,0,NV,NV,Inf,-Inf,0
"RICHLAND-KENNEWICK-PASCO, WASH",1973,998,998,446,24,142,386,0,34,18257,18257,12629,315,1134,4179,0,WA,WA,1971,2,1
"RICHMOND, VA",1973,8428,8428,4345,6,399,3678,0,450,120231,120231,84398,79,4209,31545,0,VA,VA,1973,0,1
"RIVERSIDE-SAN BERNARDINO-ONTARIO, CALIF",1973,15606,15506,10083,554,1379,3490,100,303,313441,311284,231150,10701,24580,44852,2158,CA,CA,1970,3,1
"ROANOKE, VA",1973,2443,2443,1464,94,45,840,0,46,34735,34735,27284,949,306,6197,0,VA,VA,1973,0,1
"ROCHESTER, MINN",1973,1005,1005,441,0,114,450,0,18,20608,20608,13273,0,1980,5355,0,MN,MN,1973,0,1
"ROCHESTER, NY",1973,7435,7435,3612,230,454,3139,0,221,145706,145706,87271,3309,5510,49617,0,NY,NY,1975,-2,0
"ROCKFORD, ILL",1973,2086,2086,1239,48,41,758,0,32,36285,36285,25792,770,491,9232,0,IL,IL,Inf,-Inf,0
"SACRAMENTO, CALIF",1973,12805,12805,6011,576,594,5624,0,443,197994,197994,127474,8367,8246,53907,0,CA,CA,1970,3,1
"SAGINAW, MICH",1973,2157,2157,1052,44,25,1036,0,128,37792,37792,25433,514,373,11473,0,MI,MI,Inf,-Inf,0
"ST CLOUD, MINN",1973,1363,1363,762,26,8,567,0,24,26978,26978,19411,412,80,7075,0,MN,MN,1973,0,1
"ST JOSEPH, MO",1973,276,276,264,12,0,0,0,0,5284,5284,5124,160,0,0,0,MO,MO,Inf,-Inf,0
"ST LOUIS, MO-ILL",1973,12883,12883,8100,156,499,4128,0,297,239705,239705,186213,2313,7207,43973,0,MO-IL,MO,Inf,-Inf,0
"SALEM, OREG",1973,2360,2360,1736,206,73,345,0,30,42402,42402,34409,2655,1200,4138,0,OR,OR,Inf,-Inf,0
"SALINAS-SEASIDE-MONTEREY, CALIF",1973,2744,2744,1423,26,101,1194,0,153,63845,63845,42360,546,2550,18389,0,CA,CA,1970,3,1
"SALT LAKE CITY-OGDEN, UTAH",1973,9805,9805,4973,342,513,3977,0,174,165261,165261,110484,5458,6664,42654,0,UT,UT,Inf,-Inf,0
"SAN ANGELO, TEX",1973,736,736,263,12,0,461,0,16,7018,7018,4429,140,0,2449,0,TX,TX,Inf,-Inf,0
"SAN ANTONIO, TEX",1973,13862,13762,4578,84,114,8986,100,143,157546,155778,81998,829,972,71979,1768,TX,TX,Inf,-Inf,0
"SAN DIEGO, CALIF",1973,25042,24642,12556,756,1956,9374,400,886,493859,485323,322596,14676,33458,114593,8536,CA,CA,1970,3,1
"SAN FRANCISCO-OAKLAND, CALIF",1973,27235,27235,11696,892,1082,13565,0,783,688548,688548,369500,20767,22811,275471,0,CA,CA,1970,3,1
"SAN JOSE, CALIF",1973,12893,12893,7400,334,428,4731,0,467,260415,260415,188143,6431,9475,56366,0,CA,CA,1970,3,1
"SANTA BARBARA-SANTA MARIA-LOMPOC, CALIF",1973,3620,3620,1107,108,458,1947,0,183,79983,79983,40280,2781,6617,30305,0,CA,CA,1970,3,1
"SANTA CRUZ, CALIF",1973,2306,2306,1577,78,97,554,0,36,47055,47055,36870,1196,1357,7631,0,CA,CA,1970,3,1
"SANTA ROSA, CALIF",1973,3988,3988,2563,194,452,779,0,75,85119,85119,64809,3291,7231,9787,0,CA,CA,1970,3,1
"SARASOTA, FLA",1973,8614,8614,2574,398,667,4975,0,293,167642,167642,58977,5755,11912,90997,0,FL,FL,Inf,-Inf,0
"SAVANNAH, GA",1973,769,769,651,18,4,96,0,1,17176,17176,16040,143,25,968,0,GA,GA,1991,-18,0
"SEATTLE-EVERETT, WASH",1973,7097,7097,5141,176,167,1613,0,92,194540,194540,152891,3537,2798,35314,0,WA,WA,1971,2,1
"SHERMAN-DENISON, TEX",1973,339,339,183,22,4,130,0,2,5339,5339,4027,267,35,1010,0,TX,TX,Inf,-Inf,0
"SHREVEPORT, LA",1973,2357,2357,1198,0,0,1159,0,10,36837,36837,25979,0,0,10858,0,LA,LA,Inf,-Inf,0
"SIOUX CITY, IOWA-NEBR",1973,358,358,278,8,42,30,0,1,6612,6612,5644,188,624,156,0,IA-NE,IA,Inf,-Inf,0
"SIOUX FALLS, SDAK",1973,1026,1026,381,40,23,582,0,34,12501,12501,6557,530,245,5168,0,SD,SD,1974,-1,0
"SOUTH BEND, IND",1973,3758,3758,818,10,85,2845,0,76,52745,52745,21161,218,3317,28050,0,IN,IN,1972,1,1
"SPOKANE, WASH",1973,2640,2640,1395,212,136,897,0,37,56231,56231,41050,3644,1562,9975,0,WA,WA,1971,2,1
"SPRINGFIELD, ILL",1973,1203,1203,468,68,10,657,0,18,23408,23408,14565,1309,150,7383,0,IL,IL,Inf,-Inf,0
"SPRINGFIELD, MO",1973,2152,2152,1328,80,24,720,0,29,34795,34795,26908,973,244,6669,0,MO,MO,Inf,-Inf,0
"SPRINGFIELD, OHIO",1973,806,806,462,20,36,288,0,10,12602,12602,10153,260,527,1662,0,OH,OH,Inf,-Inf,0
"SPRINGFIELD-CHICOPEE-HOLYOKE, MASS-CONN",1973,3054,3054,1770,134,93,1057,0,24,63531,63531,38538,1441,1222,22330,0,MA-CT,MA,1973,0,1
"STAMFORD, CONN",1973,1055,1043,413,82,41,507,12,24,28807,28542,19717,1466,823,6535,265,CT,CT,1973,0,1
"STEUBENVILLE-WEIRTON, OHIO-WVA",1973,372,372,222,8,33,109,0,14,6674,6674,4808,147,430,1289,0,OH-WV,OH,Inf,-Inf,0
"STOCKTON, CALIF",1973,2872,2872,1644,156,205,867,0,47,53218,53218,39400,2696,2814,8308,0,CA,CA,1970,3,1
"SYRACUSE, NY",1973,4991,4991,1785,44,66,3096,0,142,86498,86498,39036,601,931,45930,0,NY,NY,1975,-2,0
"TACOMA, WASH",1973,3898,3898,2075,190,230,1403,0,100,70429,70429,49587,2784,2989,15069,0,WA,WA,1971,2,1
"TALLAHASSEE, FLA",1973,2948,2948,1001,52,7,1888,0,28,50036,50036,31742,535,85,17674,0,FL,FL,Inf,-Inf,0
"TAMPA-ST PETERSBURG, FLA",1973,46670,46670,10619,2586,1202,32263,0,1383,765642,765642,225576,21589,16899,501578,0,FL,FL,Inf,-Inf,0
"TERRE HAUTE, IND",1973,92,92,80,2,0,10,0,2,1736,1736,1606,25,0,105,0,IN,IN,1972,1,1
"TEXARKANA, TEX-ARK",1973,341,341,183,12,0,146,0,10,4245,4245,3290,180,0,775,0,TX-AR,TX,Inf,-Inf,0
"TOLEDO, OHIO-MICH",1973,4110,4110,2457,56,302,1295,0,90,82754,82754,60624,758,5683,15689,0,OH-MI,OH,Inf,-Inf,0
"TOPEKA, KANS",1973,1344,1344,844,34,60,406,0,15,25996,25996,20960,504,933,3599,0,KS,KS,Inf,-Inf,0
"TRENTON, NJ",1973,2284,2284,1248,28,31,977,0,38,53459,53459,39060,556,560,13283,0,NJ,NJ,1989,-16,0
"TUCSON, ARIZ",1973,9092,9012,5458,212,547,2795,80,151,162935,161137,114406,3980,9616,33134,1798,AZ,AZ,Inf,-Inf,0
"TULSA, OKLA",1973,7394,7153,2260,174,12,4707,241,403,104791,99356,46074,2945,200,50137,5435,OK,OK,Inf,-Inf,0
"TUSCALOOSA, ALA",1973,1103,1103,611,8,19,465,0,16,16710,16710,12036,68,167,4440,0,AL,AL,Inf,-Inf,0
"TYLER, TEX",1973,492,492,256,12,0,224,0,2,9968,9968,7757,330,0,1882,0,TX,TX,Inf,-Inf,0
"UTICA-ROME, NY",1973,716,716,481,4,8,223,0,17,10014,10014,8409,31,40,1534,0,NY,NY,1975,-2,0
"VALLEJO-FAIRFIELD-NAPA, CALIF",1973,4417,4417,3122,88,248,959,0,93,92558,92558,76561,1588,3043,11366,0,CA,CA,1970,3,1
"VINELAND-MILLVILLE-BRIDGETON, NJ",1973,801,801,561,40,0,200,0,33,16344,16344,11983,521,0,3840,0,NJ,NJ,1989,-16,0
"WACO, TEX",1973,1054,954,428,82,8,436,100,12,18073,16636,11508,1044,132,3953,1437,TX,TX,Inf,-Inf,0
"WASHINGTON, DC-MD-VA",1973,37362,37362,20883,126,328,16025,0,358,705419,705419,461453,1639,3342,238985,0,DC-MD-VA,DC,1973,0,1
"WATERBURY, CONN",1973,1689,1689,904,22,121,642,0,40,34409,34409,20386,311,1260,12453,0,CT,CT,1973,0,1
"WATERLOO-CEDAR FALLS, IOWA",1973,513,513,245,6,0,262,0,19,8421,8421,5825,78,0,2517,0,IA,IA,Inf,-Inf,0
"WEST PALM BEACH-BOCA RATON, FLA",1973,21189,21189,4744,1172,1276,13997,0,529,427273,427273,115777,16766,15308,279423,0,FL,FL,Inf,-Inf,0
"WHEELING, WVA-OHIO",1973,286,286,179,2,7,98,0,8,4557,4557,3380,38,70,1069,0,WV-OH,WV,Inf,-Inf,0
"WICHITA, KANS",1973,4376,4376,1164,144,72,2996,0,169,82705,82705,33598,3336,2215,43556,0,KS,KS,Inf,-Inf,0
"WICHITA FALLS, TEX",1973,597,597,360,0,0,237,0,10,10938,10938,8168,0,0,2771,0,TX,TX,Inf,-Inf,0
"WILLIAMSPORT, PA",1973,333,333,233,0,0,100,0,1,6499,6499,5499,0,0,1000,0,PA,PA,Inf,-Inf,0
"WILMINGTON, DEL-NJ-MD",1973,6473,6403,2994,134,48,3227,70,261,94783,93380,61004,1938,325,30115,1403,DEL-NJ-MD,DE,1973,0,1
"WILMINGTON, NC",1973,3531,3531,1162,86,606,1677,0,108,48976,48976,24693,943,2601,20738,0,NC,NC,1971,2,1
"WORCESTER, MASS",1973,2586,2586,987,52,12,1535,0,87,36679,36679,22350,645,74,13610,0,MA,MA,1977,-4,0
"YAKIMA, WASH",1973,930,930,540,108,94,188,0,14,16223,16223,11378,1550,1441,1854,0,WA,WA,1971,2,1
"YORK, PA",1973,2302,2302,1606,12,68,616,0,27,45101,45101,38440,111,721,5830,0,PA,PA,Inf,-Inf,0
"YOUNGSTOWN-WARREN, OHIO",1973,3443,3443,2244,100,141,958,0,77,71308,71308,56870,1420,1681,11337,0,OH,OH,Inf,-Inf,0
"ABILENE, TEX",1974,299,299,225,20,0,54,0,2,7749,7749,6757,472,0,520,0,TX,TX,Inf,-Inf,0
"AKRON, OHIO",1974,3126,3126,1710,130,175,1111,0,60,80575,80575,59700,2325,2879,15671,0,OH,OH,Inf,-Inf,0
"ALBANY, GA",1974,473,473,313,28,86,46,0,7,8318,8318,6924,321,673,400,0,GA,GA,1991,-17,0
"ALBANY-SCHENECTADY-TROY, NY",1974,2083,2083,1661,130,8,284,0,21,51496,51496,46069,2249,76,3102,0,NY,NY,1975,-1,0
"ALBUQUERQUE, NMEX",1974,2592,2592,1600,312,52,628,0,33,61064,61064,49118,3577,591,7777,0,NM,NM,Inf,-Inf,0
"ALEXANDRIA, LA",1974,554,554,106,28,23,397,0,40,6267,6267,2572,297,174,3223,0,LA,LA,Inf,-Inf,0
"ALLENTOWN-BETHLEHEM-EASTON, PA-NJ",1974,3546,3546,2344,36,30,1136,0,62,74099,74099,62261,578,522,10737,0,PA-NJ,PA,1989,-15,0
"ALTOONA, PA",1974,168,168,159,2,0,7,0,1,4181,4181,4118,25,0,38,0,PA,PA,Inf,-Inf,0
"AMARILLO, TEX",1974,1294,1294,612,32,4,646,0,8,29378,29378,22249,1009,120,6000,0,TX,TX,Inf,-Inf,0
"ANAHEIM-SANTA ANA-GARDEN GROVE, CALIF",1974,17847,17847,10244,520,1430,5653,0,640,443725,443725,320103,12323,24819,86480,0,CA,CA,1970,4,1
"ANCHORAGE, ALASKA",1974,897,897,318,112,105,362,0,37,28145,28145,15340,3611,2500,6694,0,AK,AK,Inf,-Inf,0
"ANDERSON, IND",1974,561,561,454,34,68,5,0,1,14665,14665,13227,430,898,110,0,IN,IN,1972,2,1
"ANN ARBOR, MICH",1974,1878,1878,779,74,4,1021,0,35,39523,39523,24242,1758,50,13474,0,MI,MI,Inf,-Inf,0
"ANNISTON, ALA",1974,149,149,149,0,0,0,0,0,3959,3959,3959,0,0,0,0,AL,AL,Inf,-Inf,0
"APPLETON-OSHKOSH, WIS",1974,1794,1794,949,144,48,653,0,48,33467,33467,25186,2235,550,5496,0,WI,WI,1972,2,1
"ASHEVILLE, NC",1974,262,262,67,2,7,186,0,2,4028,4028,1316,12,40,2660,0,NC,NC,1971,3,1
"ATLANTA, GA",1974,15996,15949,10744,116,59,5030,47,359,355290,354319,290371,1488,1263,61196,971,GA,GA,1991,-17,0
"ATLANTIC CITY, NJ",1974,1036,1036,842,14,8,172,0,9,21161,21161,19622,267,70,1203,0,NJ,NJ,1989,-15,0
"AUGUSTA, GA-SC",1974,2371,2371,1685,2,152,532,0,75,38917,38917,30633,8,1430,6846,0,GA-SC,GA,1991,-17,0
"AUSTIN, TEX",1974,4065,4065,2041,202,38,1784,0,34,88273,88273,60203,4074,871,23125,0,TX,TX,Inf,-Inf,0
"BAKERSFIELD, CALIF",1974,2226,2226,1531,154,195,346,0,32,45329,45329,36873,2471,2899,3085,0,CA,CA,1970,4,1
"BALTIMORE, MD",1974,13149,13149,7635,12,15,5487,0,297,250000,250000,190977,167,370,58486,0,MD,MD,1973,1,1
"BATON ROUGE, LA",1974,2325,2325,1763,24,24,514,0,8,45463,45463,39371,271,233,5587,0,LA,LA,Inf,-Inf,0
"BATTLE CREEK, MICH",1974,505,505,427,6,11,61,0,6,10232,10232,9307,96,67,762,0,MI,MI,Inf,-Inf,0
"BAY CITY, MICH",1974,814,814,445,2,4,363,0,15,14516,14516,9951,28,50,4486,0,MI,MI,Inf,-Inf,0
"BEAUMONT-PORT ARTHUR-ORANGE, TEX",1974,682,682,649,12,4,17,0,3,16828,16828,16528,160,12,128,0,TX,TX,Inf,-Inf,0
"BILLINGS, MONT",1974,713,713,465,84,60,104,0,7,14029,14029,10985,1284,879,881,0,MT,MT,1971,3,1
"BILOXI-GULFPORT, MISS",1974,804,704,668,0,4,32,100,6,18051,15110,14836,0,45,229,2941,MS,MS,Inf,-Inf,0
"BINGHAMTON, NY-PA",1974,734,734,414,58,24,238,0,30,16402,16402,12633,839,270,2660,0,NY-PA,NY,1975,-1,0
"BIRMINGHAM, ALA",1974,4407,4176,2461,88,67,1560,231,119,81771,75916,57946,1776,673,15521,5855,AL,AL,Inf,-Inf,0
"BLOOMINGTON-NORMAL, ILL",1974,798,798,522,22,48,206,0,21,18167,18167,15123,468,551,2025,0,IL,IL,Inf,-Inf,0
"BOISE CITY, IDAHO",1974,2790,2790,2465,130,76,119,0,9,48313,48313,44374,1790,952,1198,0,ID,ID,Inf,-Inf,0
"BOSTON, MASS",1974,9920,9920,2768,398,100,6654,0,297,214967,214967,85892,6019,1424,121632,0,MA,MA,1977,-3,0
"BRIDGEPORT, CONN",1974,1359,1359,815,146,52,346,0,45,29703,29703,23446,2419,732,3107,0,CT,CT,1973,1,1
"BRISTOL, CONN",1974,365,365,322,2,3,38,0,7,8325,8325,7804,32,25,464,0,CT,CT,1973,1,1
"BROCKTON, MASS",1974,584,584,480,0,0,104,0,12,10936,10936,9555,0,0,1381,0,MA,MA,1977,-3,0
"BROWNSVILLE-HARLINGEN-SAN BENITO, TEX",1974,1011,1011,577,2,0,432,0,4,13661,13661,10026,30,0,3605,0,TX,TX,Inf,-Inf,0
"BRYAN-COLLEGE STATION, TEX",1974,1072,1072,245,16,11,800,0,80,11522,11522,5270,166,80,6006,0,TX,TX,Inf,-Inf,0
"BUFFALO, NY",1974,3669,3669,2515,226,88,840,0,79,80891,80891,65410,3169,705,11607,0,NY,NY,1975,-1,0
"BURLINGTON, NC",1974,342,342,323,0,0,19,0,2,8973,8973,8820,0,0,153,0,NC,NC,1971,3,1
"CANTON, OHIO",1974,1699,1699,1261,140,84,214,0,19,42151,42151,34735,2036,1070,4310,0,OH,OH,Inf,-Inf,0
"CEDAR RAPIDS, IOWA",1974,1015,1015,430,4,7,574,0,44,15018,15018,10051,96,66,4806,0,IA,IA,Inf,-Inf,0
"CHAMPAIGN-URBANA-RANTOUL, ILL",1974,638,638,160,112,13,353,0,18,7035,7035,3905,1009,137,1984,0,IL,IL,Inf,-Inf,0
"CHARLESTON-NORTH CHARLESTON, SC",1974,3430,3160,2262,14,6,878,270,62,75838,68466,50753,328,39,17346,7372,SC,SC,Inf,-Inf,0
"CHARLESTON, WVA",1974,266,266,199,4,27,36,0,4,7162,7162,6243,70,389,460,0,WV,WV,Inf,-Inf,0
"CHARLOTTE-GASTONIA, NC",1974,3677,3627,2746,68,108,705,50,61,92777,91791,75587,709,2129,13365,986,NC,NC,1971,3,1
"CHATTANOOGA, TENN-GA",1974,2260,2260,1373,120,11,756,0,18,36241,36241,26102,1231,80,8828,0,TN-GA,TN,1991,-17,0
"CHICAGO, ILL",1974,23209,22612,12225,324,720,9343,597,458,574443,565003,390668,6428,12117,155790,9440,IL,IL,Inf,-Inf,0
"CINCINNATI, OHIO-KY-IND",1974,6094,6094,3986,118,149,1841,0,121,129760,129760,106233,2085,2283,19158,0,OH-KY-IN,OH,1972,2,1
"CLARKSVILLE-HOPKINSVILLE, TENN-KY",1974,722,722,360,8,6,348,0,27,9746,9746,6885,115,86,2661,0,TN-KY,TN,Inf,-Inf,0
"CLEVELAND, OHIO",1974,7119,7119,4146,58,281,2634,0,71,210899,210899,161035,1664,6484,41716,0,OH,OH,Inf,-Inf,0
"COLORADO SPRINGS, COLO",1974,1069,1069,922,12,20,115,0,16,20548,20548,18471,165,211,1701,0,CO,CO,Inf,-Inf,0
"COLUMBIA, MO",1974,165,165,89,42,18,16,0,1,4678,4678,3036,917,605,120,0,MO,MO,Inf,-Inf,0
"COLUMBIA, SC",1974,1505,1505,956,20,59,470,0,57,30333,30333,22305,426,1248,6354,0,SC,SC,Inf,-Inf,0
"COLUMBUS, GA-ALA",1974,619,619,481,4,3,131,0,5,16404,16404,13593,52,39,2720,0,GA-AL,GA,1991,-17,0
"COLUMBUS, OHIO",1974,5637,5637,3018,192,208,2219,0,220,130874,130874,97502,3137,3944,26293,0,OH,OH,Inf,-Inf,0
"CORPUS CHRISTI, TEX",1974,1132,1112,629,78,23,382,20,24,17222,16823,12233,813,214,3563,399,TX,TX,Inf,-Inf,0
"DALLAS-FORT WORTH, TEX",1974,23332,23332,12479,192,134,10527,0,442,423620,423620,319704,3222,1413,99281,0,TX,TX,Inf,-Inf,0
"DANBURY, CONN",1974,1113,1113,697,28,9,379,0,39,27721,27721,21142,407,120,6052,0,CT,CT,1973,1,1
"DAVENPORT-ROCK ISLAND-MOLINE, IOWA-ILL",1974,1729,1729,1279,90,50,310,0,32,37425,37425,31945,1176,1033,3271,0,IA-IL,IA,Inf,-Inf,0
"DAYTON, OHIO",1974,4084,4084,3078,136,264,606,0,58,94967,94967,81497,2225,3075,8171,0,OH,OH,Inf,-Inf,0
"DAYTONA BEACH, FLA",1974,2624,2624,1708,22,31,863,0,51,47250,47250,35435,281,442,11092,0,FL,FL,Inf,-Inf,0
"DECATUR, ILL",1974,556,501,477,0,4,20,55,4,18561,16986,16541,0,50,395,1575,IL,IL,Inf,-Inf,0
"DENVER-BOULDER, COLO",1974,12321,11986,7509,308,670,3499,335,276,256245,250187,184222,5132,14283,46551,6058,CO,CO,Inf,-Inf,0
"DES MOINES, IOWA",1974,1512,1512,1047,64,7,394,0,29,37548,37548,31805,1182,95,4466,0,IA,IA,Inf,-Inf,0
"DETROIT, MICH",1974,19231,19231,9737,160,259,9075,0,682,454560,454560,302828,2423,4709,144601,0,MI,MI,Inf,-Inf,0
"DUBUQUE, IOWA",1974,427,427,259,6,24,138,0,4,8604,8604,5998,85,335,2185,0,IA,IA,Inf,-Inf,0
"DULUTH-SUPERIOR, MINN-WIS",1974,888,888,705,4,12,167,0,9,16810,16810,14788,65,115,1842,0,MN-WI,MN,1972,2,1
"ELMIRA, NY",1974,273,273,256,2,0,15,0,1,7245,7245,6955,15,0,275,0,NY,NY,1975,-1,0
"EL PASO, TEX",1974,3989,3989,1736,224,63,1966,0,243,70745,70745,39919,4022,765,26039,0,TX,TX,Inf,-Inf,0
"ERIE, PA",1974,1116,1116,845,32,91,148,0,3,21891,21891,17178,413,1140,3160,0,PA,PA,Inf,-Inf,0
"EUGENE-SPRINGFIELD, OREG",1974,2392,2392,1326,246,55,765,0,25,46015,46015,31614,3919,577,9904,0,OR,OR,Inf,-Inf,0
"EVANSVILLE, IND-KY",1974,1166,1166,731,20,7,408,0,28,19239,19239,16723,156,55,2305,0,IN-KY,IN,1972,2,1
"FALL RIVER, MASS-RI",1974,452,452,337,6,0,109,0,7,8910,8910,7805,60,0,1045,0,MA-RI,MA,1977,-3,0
"FARGO-MOORHEAD, ND-MN",1974,846,846,466,36,56,288,0,15,19659,19659,15068,695,650,3247,0,ND-MN,ND,1973,1,1
"FAYETTEVILLE-SPRINGDALE, ARK",1974,668,668,591,54,15,8,0,1,14312,14312,13358,736,158,60,0,AR,AR,Inf,-Inf,0
"FAYETTEVILLE, NC",1974,500,500,422,2,22,54,0,7,11105,11105,10268,20,257,560,0,NC,NC,1971,3,1
"FITCHBURG-LEOMINSTER, MASS",1974,229,229,203,4,0,22,0,4,4745,4745,4404,55,0,286,0,MA,MA,1977,-3,0
"FLINT, MICH",1974,1949,1949,1449,32,127,341,0,24,41708,41708,36359,431,1672,3245,0,MI,MI,Inf,-Inf,0
"FLORENCE, ALA",1974,424,383,269,54,0,60,41,8,7325,6582,5137,834,0,611,742,AL,AL,Inf,-Inf,0
"FORT LAUDERDALE-HOLLYWOOD, FLA",1974,18870,18870,4204,578,366,13722,0,408,366696,366696,117244,9405,4891,235155,0,FL,FL,Inf,-Inf,0
"FORT MEYERS-CAPE CORAL, FLA",1974,6023,6023,1869,306,139,3709,0,184,122250,122250,40512,3726,3103,74908,0,FL,FL,Inf,-Inf,0
"FORT SMITH, ARK-OKLA",1974,952,952,534,86,43,289,0,20,20248,20248,15215,1298,912,2824,0,AR-OK,AR,Inf,-Inf,0
"FORT WAYNE, IND",1974,1738,1738,1590,26,32,90,0,7,47925,47925,46390,324,326,885,0,IN,IN,1972,2,1
"FRESNO, CALIF",1974,4244,4244,2618,162,425,1039,0,120,66531,66531,50091,1968,4365,10106,0,CA,CA,1970,4,1
"GADSDEN, ALA",1974,65,65,65,0,0,0,0,0,1129,1129,1129,0,0,0,0,AL,AL,Inf,-Inf,0
"GAINESVILLE, FLA",1974,1080,1080,923,10,60,87,0,2,24621,24621,22857,149,694,920,0,FL,FL,Inf,-Inf,0
"GALVESTON-TEXAS CITY, TEX",1974,597,597,263,2,12,320,0,5,10619,10619,7335,19,102,3164,0,TX,TX,Inf,-Inf,0
"GARY-HAMMOND-EAST CHICAGO, IND",1974,3030,3030,1874,196,100,860,0,39,74077,74077,58164,3042,1594,11278,0,IN,IN,1972,2,1
"GRAND RAPIDS, MICH",1974,3560,3560,2209,82,40,1229,0,81,77234,77234,61648,1255,552,13779,0,MI,MI,Inf,-Inf,0
"GREAT FALLS, MONT",1974,215,215,135,4,0,76,0,6,4503,4503,3596,96,0,811,0,MT,MT,1971,3,1
"GREEN BAY, WIS",1974,1955,1955,739,238,56,922,0,29,36930,36930,21243,4051,816,10820,0,WI,WI,1972,2,1
"GREENSBORO-WINSTON-SALEM-HIGH POINT, NC",1974,3665,3605,2569,46,34,956,60,102,73242,72348,59562,361,343,12082,894,NC,NC,1971,3,1
"GREENVILLE-SPARTANBURG, SC",1974,3295,3295,2637,78,44,536,0,25,73179,73179,66404,841,614,5320,0,SC,SC,Inf,-Inf,0
"HAMILTON-MIDDLETOWN, OHIO",1974,1726,1726,1242,16,69,399,0,38,41535,41535,34281,227,975,6052,0,OH,OH,Inf,-Inf,0
"HARRISBURG, PA",1974,2704,2704,1431,38,30,1205,0,76,54086,54086,39831,670,299,13286,0,PA,PA,Inf,-Inf,0
"HARTFORD, CONN",1974,3494,3494,1921,88,236,1249,0,79,66557,66557,49502,1301,3877,11876,0,CT,CT,1973,1,1
"HONOLULU, HAWAII",1974,13935,12829,1594,188,421,10626,1106,261,373342,336151,61213,4662,12015,258261,37191,HI,HI,1974,0,1
"HOUSTON, TEX",1974,9675,9675,3651,38,102,5884,0,403,182789,182789,123181,549,2177,56882,0,TX,TX,Inf,-Inf,0
"HUNTINGTON-ASHLAND, WVA-KY-OHIO",1974,366,366,346,2,0,18,0,3,7626,7626,7437,15,0,175,0,WV-KY-OH,WV,Inf,-Inf,0
"HUNTSVILLE, ALA",1974,1214,1164,613,0,107,444,50,44,16332,15420,10824,0,1177,3419,912,AL,AL,Inf,-Inf,0
"INDIANAPOLIS, IND",1974,6716,6716,3316,128,111,3161,0,128,150463,150463,102296,1675,1719,44774,0,IN,IN,1972,2,1
"JACKSON, MICH",1974,679,679,636,8,11,24,0,3,14140,14140,13624,102,145,270,0,MI,MI,Inf,-Inf,0
"JACKSON, MISS",1974,2394,2394,1039,50,43,1262,0,143,39753,39753,26096,726,533,12398,0,MS,MS,Inf,-Inf,0
"JACKSONVILLE, FLA",1974,7440,7231,2916,32,55,4228,209,334,129834,125597,71767,656,538,52636,4237,FL,FL,Inf,-Inf,0
"JERSEY CITY, NJ",1974,2457,2457,37,242,0,2178,0,16,36526,36526,687,3619,0,32220,0,NJ,NJ,1989,-15,0
"JOHNSTOWN, PA",1974,245,245,201,12,3,29,0,2,5063,5063,4531,172,20,340,0,PA,PA,Inf,-Inf,0
"KALAMAZOO-PORTAGE, MICH",1974,1298,1298,692,82,48,476,0,28,27460,27460,19742,1150,822,5747,0,MI,MI,Inf,-Inf,0
"KANSAS CITY, MO-KANS",1974,5689,5689,4310,416,267,696,0,62,132565,132565,110285,6825,4859,10596,0,MO-KS,MO,Inf,-Inf,0
"KENOSHA, WIS",1974,740,740,358,60,6,316,0,17,14292,14292,9911,951,95,3335,0,WI,WI,1972,2,1
"KILLEEN-TEMPLE, TEX",1974,1488,1488,638,34,23,793,0,27,24775,24775,16520,396,224,7635,0,TX,TX,Inf,-Inf,0
"KINGSPORT-BRISTOL, TENN-VA",1974,779,779,611,2,20,146,0,20,17283,17283,13895,25,286,3077,0,TN-VA,TN,1973,1,1
"KNOXVILLE, TENN",1974,2169,2142,1670,58,83,331,27,39,42288,41505,33650,798,1016,6041,783,TN,TN,Inf,-Inf,0
"LACROSSE, WIS",1974,469,429,306,34,24,65,40,8,11436,10135,8874,378,315,568,1301,WI,WI,1972,2,1
"LAFAYETTE-WEST LAFAYETTE, IND",1974,331,331,303,12,0,16,0,2,7943,7943,7668,115,0,160,0,IN,IN,1972,2,1
"LAFAYETTE, LA",1974,311,311,311,0,0,0,0,0,7329,7329,7329,0,0,0,0,LA,LA,Inf,-Inf,0
"LAKE CHARLES, LA",1974,428,360,230,6,0,124,68,16,9088,7889,6820,68,0,1000,1199,LA,LA,Inf,-Inf,0
"LAKELAND-WINTER HAVEN, FLA",1974,889,889,340,102,27,420,0,39,14910,14910,8414,1193,234,5070,0,FL,FL,Inf,-Inf,0
"LANCASTER, PA",1974,1886,1886,1415,20,10,441,0,37,46607,46607,40564,437,76,5531,0,PA,PA,Inf,-Inf,0
"LANSING-EAST LANSING, MICH",1974,2452,2452,1495,132,20,805,0,60,53726,53726,39002,2500,343,11882,0,MI,MI,Inf,-Inf,0
"LAREDO, TEX",1974,97,97,97,0,0,0,0,0,861,861,861,0,0,0,0,TX,TX,Inf,-Inf,0
"LAS VEGAS, NEV",1974,3745,3745,2372,12,15,1346,0,84,104379,104379,74746,190,180,29263,0,NV,NV,Inf,-Inf,0
"LAWRENCE-HAVERHILL, MASS-NH",1974,686,686,609,62,3,12,0,1,17611,17611,16570,927,18,96,0,MA-NH,MA,1977,-3,0
"LAWTON, OKLA",1974,176,176,102,2,0,72,0,6,3303,3303,2897,6,0,400,0,OK,OK,Inf,-Inf,0
"LEWISTON-AUBURN, MAINE",1974,335,335,328,0,7,0,0,0,6024,6024,5932,0,92,0,0,MN,MN,1973,1,1
"LEXINGTON-FAYETTE, KY",1974,2223,2223,1574,112,7,530,0,30,52804,52804,45548,1592,161,5502,0,KY,KY,Inf,-Inf,0
"LIMA, OHIO",1974,685,685,477,34,61,113,0,13,15926,15926,12727,530,1363,1305,0,OH,OH,Inf,-Inf,0
"LINCOLN, NEBR",1974,1235,1235,683,44,87,421,0,41,16297,16297,10550,549,1182,4016,0,NE,NE,Inf,-Inf,0
"LITTLE ROCK-NORTH LITTLE ROCK, ARK",1974,1878,1709,1257,64,8,380,169,18,48545,45591,40816,1118,85,3571,2954,AR,AR,Inf,-Inf,0
"LONG BRANCH-ASBURY PARK, NJ",1974,1483,1483,967,2,0,514,0,43,46118,46118,36615,28,0,9474,0,NJ,NJ,1989,-15,0
"LORAIN-ELYRIA, OHIO",1974,1078,1078,803,48,35,192,0,12,27397,27397,24087,730,452,2128,0,OH,OH,Inf,-Inf,0
"LOS ANGELES-LONG BEACH, CALIF",1974,20127,20127,5988,446,1126,12567,0,928,560346,560346,217180,10285,22934,309947,0,CA,CA,1970,4,1
"LOUISVILLE, KY-IND",1974,4763,4599,3206,48,79,1266,164,94,114374,110830,90613,824,1007,18387,3544,KY-IN,KY,1972,2,1
"LOWELL, MASS-NH",1974,1154,1154,493,12,4,645,0,44,20034,20034,11896,129,32,7978,0,MA-NH,MA,1977,-3,0
"LUBBOCK, TEX",1974,1781,1781,934,74,0,773,0,38,39594,39594,30712,1537,0,7346,0,TX,TX,Inf,-Inf,0
"LYNCHBURG, VA",1974,1132,1132,853,32,11,236,0,6,25840,25840,21784,416,118,3523,0,VA,VA,1973,1,1
"MCALLEN-PHARR-EDINBURG, TEX",1974,1428,1428,793,70,83,482,0,27,21445,21445,14606,1122,957,4761,0,TX,TX,Inf,-Inf,0
"MACON, GA",1974,1335,1335,1020,14,35,266,0,25,24823,24823,21519,156,596,2553,0,GA,GA,1991,-17,0
"MADISON, WIS",1974,2613,2613,1260,172,50,1131,0,60,51461,51461,34766,2749,841,13105,0,WI,WI,1972,2,1
"MANCHESTER, NH",1974,1557,1557,479,48,4,1026,0,87,27212,27212,13890,744,40,12539,0,NH,NH,Inf,-Inf,0
"MANSFIELD, OHIO",1974,870,870,390,58,18,404,0,33,17906,17906,12066,958,300,4581,0,OH,OH,Inf,-Inf,0
"MELBOURNE-TITUSVILLE-COCOA, FLA",1974,3638,3638,1335,42,6,2255,0,74,106431,106431,40317,768,93,65254,0,FL,FL,Inf,-Inf,0
"MEMPHIS, TENN-ARK-MISS",1974,3905,3905,3187,208,11,499,0,56,92796,92796,83169,2653,121,6854,0,TN-AR-MS,TN,Inf,-Inf,0
"MERIDEN, CONN",1974,172,172,71,8,12,81,0,7,3006,3006,1580,109,160,1157,0,CT,CT,1973,1,1
"MIAMI, FLA",1974,19086,18902,5754,724,468,11956,184,336,429286,424895,158388,11002,9882,245622,4391,FL,FL,Inf,-Inf,0
"MIDLAND, TEX",1974,179,179,137,42,0,0,0,0,6401,6401,5626,775,0,0,0,TX,TX,Inf,-Inf,0
"MILWAUKEE, WIS",1974,6110,6110,3445,352,256,2057,0,99,143677,143677,106467,7350,5600,24260,0,WI,WI,1972,2,1
"MINNEAPOLIS-ST PAUL, MN-WI",1974,12263,11911,8384,180,86,3261,352,93,321191,313918,257467,4366,1718,50367,7273,MN-WI,MN,1972,2,1
"MOBILE, ALA",1974,2415,2281,980,4,51,1246,134,111,30191,28221,16103,28,512,11578,1970,AL,AL,Inf,-Inf,0
"MODESTO, CALIF",1974,2236,2236,1861,138,30,207,0,15,47005,47005,42005,2116,331,2552,0,CA,CA,1970,4,1
"MONROE, LA",1974,388,388,110,0,4,274,0,28,6425,6425,3488,0,25,2912,0,LA,LA,Inf,-Inf,0
"MONTGOMERY, ALA",1974,1358,1358,1236,4,4,114,0,16,27789,27789,26480,90,128,1091,0,AL,AL,Inf,-Inf,0
"MUNCIE, IND",1974,266,266,249,6,3,8,0,1,7672,7672,7485,87,30,70,0,IN,IN,1972,2,1
"MUSKEGON-NORTON SHORES-MUSKEGON HEIGHTS, MICH",1974,723,723,501,22,12,188,0,4,11796,11796,10290,243,227,1036,0,MI,MI,Inf,-Inf,0
"NASHUA, NH",1974,842,842,514,8,6,314,0,16,19300,19300,16779,185,120,2216,0,NH,NH,Inf,-Inf,0
"NASHVILLE-DAVIDSON, TENN",1974,5859,5859,2310,208,34,3307,0,49,95200,95200,51662,2184,270,41084,0,TN,TN,Inf,-Inf,0
"NEW YORK, NY-NJ",1974,29847,29847,11064,2046,273,16464,0,326,658020,658020,257060,37168,3472,360320,0,NY-NJ,NY,1975,-1,0
"NEWARK, NJ",1974,4089,4089,2023,176,19,1871,0,85,100082,100082,67009,2724,388,29961,0,NJ,NJ,1989,-15,0
"NEW BEDFORD, MASS",1974,480,480,400,24,4,52,0,5,10869,10869,10010,395,50,415,0,MA,MA,1977,-3,0
"NEW BRITAIN, CONN",1974,550,550,265,68,8,209,0,5,8512,8512,5894,820,37,1761,0,CT,CT,1973,1,1
"NEW BRUNSWICK-PERTH AMBOY-SAYREVILLE, NJ",1974,1272,1272,939,54,0,279,0,15,27353,27353,23324,1072,0,2958,0,NJ,NJ,1989,-15,0
"NEW HAVEN-WEST HAVEN, CONN",1974,1521,1521,907,86,52,476,0,32,30716,30716,23439,1135,700,5442,0,CT,CT,1973,1,1
"NEW LONDON-GROTON-NORWICH, CONN",1974,1251,1251,762,20,42,427,0,33,25681,25681,20469,247,327,4638,0,CT,CT,1973,1,1
"NEW ORLEANS, LA",1974,4986,4786,3407,228,152,999,200,26,124139,118111,100934,3723,1702,11752,6029,LA,LA,Inf,-Inf,0
"NEWPORT NEWS-HAMPTON, VA",1974,1768,1268,942,130,163,33,500,4,40617,29854,25269,675,3370,540,10763,VA,VA,1973,1,1
"NORFOLK-VIRGINIA BEACH-PORTSMOUTH, VA-NC",1974,4773,4773,2616,134,27,1996,0,230,114046,114046,74028,1579,309,38131,0,VA-NC,VA,1971,3,1
"NORTHEAST PENNSYLVANIA, PA",1974,2666,2567,2043,2,32,490,99,13,56314,53855,46318,22,1112,6403,2459,PA,PA,Inf,-Inf,0
"NORWALK, CONN",1974,369,369,215,14,4,136,0,8,12531,12531,10123,263,52,2093,0,CT,CT,1973,1,1
"ODESSA, TEX",1974,361,361,181,16,12,152,0,11,7401,7401,5531,360,110,1400,0,TX,TX,Inf,-Inf,0
"OKLAHOMA CITY, OKLA",1974,4350,4260,3463,82,27,688,90,41,106986,105440,97701,1906,263,5570,1546,OK,OK,Inf,-Inf,0
"OMAHA, NEBR-IOWA",1974,3182,3182,1686,46,24,1426,0,55,37004,37004,24555,427,296,11726,0,NE-IA,NE,Inf,-Inf,0
"ORLANDO, FLA",1974,6109,5809,3368,142,118,2181,300,127,112191,105673,73331,1598,2079,28665,6518,FL,FL,Inf,-Inf,0
"OWENSBORO, KY",1974,405,405,381,0,4,20,0,3,8064,8064,7871,0,42,152,0,KY,KY,Inf,-Inf,0
"OXNARD-SIMI VALLEY- VENTURA, CALIF",1974,2696,2696,1808,166,132,590,0,56,75607,75607,58514,4139,3134,9820,0,CA,CA,1970,4,1
"PARKERSBURG-MARIETTA, WVA-OHIO",1974,209,209,149,12,16,32,0,5,4779,4779,4104,141,201,333,0,WV-OH,WV,Inf,-Inf,0
"PATERSON-CLIFTON-PASSAIC, NJ",1974,647,647,335,48,0,264,0,4,15353,15353,9088,845,0,5420,0,NJ,NJ,1989,-15,0
"PENSACOLA, FLA",1974,1682,1557,1391,48,44,74,125,6,39298,36081,33390,925,751,1015,3216,FL,FL,Inf,-Inf,0
"PEORIA, ILL",1974,1959,1959,1257,148,80,474,0,35,48066,48066,38628,2673,1154,5611,0,IL,IL,Inf,-Inf,0
"PETERSBURG-COLONIAL HEIGHTS-HOPEWELL, VA",1974,1010,1010,645,30,130,205,0,19,16625,16625,13029,216,1250,2130,0,VA,VA,1973,1,1
"PHILADELPHIA, PA-NJ",1974,16661,16661,10334,318,149,5860,0,270,358847,358847,260277,4650,3086,90833,0,PA-NJ,PA,1989,-15,0
"PHOENIX, ARIZ",1974,20765,20765,12508,382,377,7498,0,313,324421,324421,228884,6501,5334,83703,0,AZ,AZ,Inf,-Inf,0
"PINE BLUFF, ARK",1974,108,108,71,4,15,18,0,2,1710,1710,1103,56,443,108,0,AR,AR,Inf,-Inf,0
"PITTSBURGH, PA",1974,6827,6827,4468,68,65,2226,0,113,145262,145262,114970,965,774,28552,0,PA,PA,Inf,-Inf,0
"PITTSFIELD, MASS",1974,352,352,229,8,40,75,0,7,8328,8328,6513,105,230,1480,0,MA,MA,1977,-3,0
"PORTLAND, MAINE",1974,830,830,578,22,22,208,0,9,19719,19719,15264,371,308,3775,0,MN,MN,1973,1,1
"PORTLAND, OREG-WASH",1974,9116,9109,6161,628,602,1718,7,166,201683,201503,163697,8681,8043,21082,180,OR-WA,OR,1971,3,1
"POUGHKEEPSIE, NY",1974,1704,1704,940,2,9,753,0,14,42991,42991,25853,30,138,16970,0,NY,NY,1975,-1,0
"PROVIDENCE-PAWTUCKET-WARWICK, RI-MASS",1974,3249,3249,2262,110,38,839,0,74,64376,64376,53340,1439,574,9023,0,RI-MA,RI,1977,-3,0
"PROVO-OREM, UTAH",1974,1736,1736,1258,124,190,164,0,13,37365,37365,30639,1628,2388,2711,0,UT,UT,Inf,-Inf,0
"PUEBLO, COLO",1974,1024,1024,608,22,0,394,0,8,15033,15033,12893,244,0,1896,0,CO,CO,Inf,-Inf,0
"RACINE, WIS",1974,613,613,379,76,4,154,0,8,13870,13870,11003,1189,45,1633,0,WI,WI,1972,2,1
"RALEIGH-DURHAM, NC",1974,3251,3201,2368,90,148,595,50,72,74286,73286,63237,1163,2296,6589,1000,NC,NC,1971,3,1
"READING, PA",1974,1006,1006,803,10,7,186,0,16,24955,24955,22288,175,132,2360,0,PA,PA,Inf,-Inf,0
"RENO, NEV",1974,1168,1123,622,34,12,455,45,41,30150,29372,23538,629,321,4884,778,NV,NV,Inf,-Inf,0
"RICHLAND-KENNEWICK-PASCO, WASH",1974,1631,1631,868,68,259,436,0,32,35286,35286,25872,1101,3023,5290,0,WA,WA,1971,3,1
"RICHMOND, VA",1974,5766,5766,3400,6,410,1950,0,191,91495,91495,73475,107,3332,14581,0,VA,VA,1973,1,1
"RIVERSIDE-SAN BERNARDINO-ONTARIO, CALIF",1974,8219,8019,6790,134,305,790,200,67,213173,208231,190561,2171,4868,10631,4942,CA,CA,1970,4,1
"ROANOKE, VA",1974,1329,1329,936,86,0,307,0,19,28858,28858,25785,810,0,2262,0,VA,VA,1973,1,1
"ROCHESTER, MINN",1974,892,892,463,8,0,421,0,15,21143,21143,15486,128,0,5528,0,MN,MN,1973,1,1
"ROCHESTER, NY",1974,4766,4766,3356,230,159,1021,0,104,106418,106418,87806,3639,2132,12841,0,NY,NY,1975,-1,0
"ROCKFORD, ILL",1974,1369,1369,1040,38,28,263,0,16,28959,28959,25264,624,341,2730,0,IL,IL,Inf,-Inf,0
"SACRAMENTO, CALIF",1974,8835,8835,5786,654,295,2100,0,168,170617,170617,135101,9888,4472,21156,0,CA,CA,1970,4,1
"SAGINAW, MICH",1974,1183,1183,802,32,31,318,0,43,24905,24905,20619,414,365,3507,0,MI,MI,Inf,-Inf,0
"ST CLOUD, MINN",1974,1089,1089,633,12,0,444,0,18,23937,23937,16618,174,0,7145,0,MN,MN,1973,1,1
"ST JOSEPH, MO",1974,200,200,165,12,7,16,0,3,3750,3750,3410,105,130,105,0,MO,MO,Inf,-Inf,0
"ST LOUIS, MO-ILL",1974,7932,7932,5360,74,146,2352,0,144,167094,167094,134925,1269,2627,28273,0,MO-IL,MO,Inf,-Inf,0
"SALEM, OREG",1974,1733,1671,1371,122,109,69,62,9,36980,35430,31344,2017,1422,648,1550,OR,OR,Inf,-Inf,0
"SALINAS-SEASIDE-MONTEREY, CALIF",1974,1556,1556,1085,46,79,346,0,33,45596,45596,38109,1022,1764,4701,0,CA,CA,1970,4,1
"SALT LAKE CITY-OGDEN, UTAH",1974,8353,8353,5781,354,320,1898,0,112,167806,167806,128079,5500,4848,29379,0,UT,UT,Inf,-Inf,0
"SAN ANGELO, TEX",1974,423,423,170,4,0,249,0,12,5111,5111,3367,82,0,1662,0,TX,TX,Inf,-Inf,0
"SAN ANTONIO, TEX",1974,6568,6568,2395,146,23,4004,0,98,82524,82524,49832,1150,225,31316,0,TX,TX,Inf,-Inf,0
"SAN DIEGO, CALIF",1974,16066,14941,7409,628,744,6160,1125,457,397915,368932,219498,12246,18619,118568,28983,CA,CA,1970,4,1
"SAN FRANCISCO-OAKLAND, CALIF",1974,11985,11985,7870,414,514,3187,0,250,388420,388420,298556,10005,11893,67966,0,CA,CA,1970,4,1
"SAN JOSE, CALIF",1974,9038,9038,5824,124,443,2647,0,233,236292,236292,183345,2839,8838,41271,0,CA,CA,1970,4,1
"SANTA BARBARA-SANTA MARIA-LOMPOC, CALIF",1974,1610,1610,759,30,46,775,0,71,41344,41344,28494,623,842,11385,0,CA,CA,1970,4,1
"SANTA CRUZ, CALIF",1974,1120,1120,1029,28,39,24,0,3,30916,30916,29483,451,631,351,0,CA,CA,1970,4,1
"SANTA ROSA, CALIF",1974,3689,3689,2355,134,297,903,0,74,87994,87994,68543,2472,4831,12149,0,CA,CA,1970,4,1
"SARASOTA, FLA",1974,3417,3417,1382,174,127,1734,0,93,75913,75913,33451,2655,2001,37806,0,FL,FL,Inf,-Inf,0
"SAVANNAH, GA",1974,1127,1127,675,4,16,432,0,5,24781,24781,20509,80,152,4040,0,GA,GA,1991,-17,0
"SEATTLE-EVERETT, WASH",1974,8021,8021,5599,120,220,2082,0,110,215903,215903,172558,2170,4445,36730,0,WA,WA,1971,3,1
"SHERMAN-DENISON, TEX",1974,273,273,111,2,8,152,0,1,4059,4059,2691,18,50,1300,0,TX,TX,Inf,-Inf,0
"SHREVEPORT, LA",1974,1940,1940,1005,0,3,932,0,28,40548,40548,30137,0,50,10361,0,LA,LA,Inf,-Inf,0
"SIOUX CITY, IOWA-NEBR",1974,490,490,314,32,82,62,0,7,8315,8315,6337,460,792,726,0,IA-NE,IA,Inf,-Inf,0
"SIOUX FALLS, SDAK",1974,563,563,274,24,24,241,0,19,9924,9924,6521,337,342,2724,0,SD,SD,1974,0,1
"SOUTH BEND, IND",1974,1306,1306,782,24,36,464,0,24,26288,26288,21087,286,466,4449,0,IN,IN,1972,2,1
"SPOKANE, WASH",1974,1848,1848,1305,174,52,317,0,22,49721,49721,42469,3017,566,3668,0,WA,WA,1971,3,1
"SPRINGFIELD, ILL",1974,313,313,293,8,0,12,0,1,10379,10379,10101,128,0,150,0,IL,IL,Inf,-Inf,0
"SPRINGFIELD, MO",1974,1415,1415,889,36,22,468,0,35,26037,26037,20907,462,219,4450,0,MO,MO,Inf,-Inf,0
"SPRINGFIELD, OHIO",1974,357,357,291,6,12,48,0,7,7567,7567,6933,84,98,452,0,OH,OH,Inf,-Inf,0
"SPRINGFIELD-CHICOPEE-HOLYOKE, MASS-CONN",1974,2104,2104,1067,78,38,921,0,71,43874,43874,26530,907,914,15524,0,MA-CT,MA,1973,1,1
"STAMFORD, CONN",1974,688,688,304,34,19,331,0,21,25046,25046,16128,761,426,7731,0,CT,CT,1973,1,1
"STEUBENVILLE-WEIRTON, OHIO-WVA",1974,263,263,220,12,3,28,0,5,6579,6579,5880,180,105,414,0,OH-WV,OH,Inf,-Inf,0
"STOCKTON, CALIF",1974,3070,3030,1749,206,216,859,40,20,67652,66836,49660,3937,3361,9879,816,CA,CA,1970,4,1
"SYRACUSE, NY",1974,2427,2427,1588,48,28,763,0,26,52158,52158,38739,696,530,12193,0,NY,NY,1975,-1,0
"TACOMA, WASH",1974,4087,4087,1744,216,282,1845,0,123,70043,70043,45239,3682,3296,17827,0,WA,WA,1971,3,1
"TALLAHASSEE, FLA",1974,1223,1223,706,36,4,477,0,8,26617,26617,21102,325,49,5140,0,FL,FL,Inf,-Inf,0
"TAMPA-ST PETERSBURG, FLA",1974,13294,13294,6215,622,727,5730,0,409,230787,230787,135807,6937,10937,77106,0,FL,FL,Inf,-Inf,0
"TERRE HAUTE, IND",1974,76,76,66,10,0,0,0,0,1595,1595,1450,145,0,0,0,IN,IN,1972,2,1
"TEXARKANA, TEX-ARK",1974,1353,382,128,16,16,222,971,3,29145,5534,3111,278,240,1905,23611,TX-AR,TX,Inf,-Inf,0
"TOLEDO, OHIO-MICH",1974,3776,3776,2010,48,74,1644,0,59,70482,70482,50901,690,1340,17551,0,OH-MI,OH,Inf,-Inf,0
"TOPEKA, KANS",1974,668,668,607,10,27,24,0,1,17573,17573,16471,229,573,300,0,KS,KS,Inf,-Inf,0
"TRENTON, NJ",1974,645,645,533,16,0,96,0,1,21634,21634,20120,362,0,1152,0,NJ,NJ,1989,-15,0
"TUCSON, ARIZ",1974,6445,6045,3966,160,384,1535,400,122,149857,140287,98309,2638,8553,30788,9570,AZ,AZ,Inf,-Inf,0
"TULSA, OKLA",1974,4814,4814,2115,320,89,2290,0,316,77060,77060,45439,4247,1762,25612,0,OK,OK,Inf,-Inf,0
"TUSCALOOSA, ALA",1974,456,456,356,6,36,58,0,4,8171,8171,7284,63,424,400,0,AL,AL,Inf,-Inf,0
"TYLER, TEX",1974,676,676,234,12,0,430,0,6,14520,14520,8458,222,0,5840,0,TX,TX,Inf,-Inf,0
"UTICA-ROME, NY",1974,761,761,381,4,24,352,0,38,11209,11209,7162,58,272,3717,0,NY,NY,1975,-1,0
"VALLEJO-FAIRFIELD-NAPA, CALIF",1974,1466,1466,1323,16,29,98,0,13,43278,43278,40533,340,587,1818,0,CA,CA,1970,4,1
"VINELAND-MILLVILLE-BRIDGETON, NJ",1974,597,597,408,26,3,160,0,30,12181,12181,9816,345,20,2000,0,NJ,NJ,1989,-15,0
"WACO, TEX",1974,983,983,346,2,0,635,0,14,17122,17122,10521,35,0,6566,0,TX,TX,Inf,-Inf,0
"WASHINGTON, DC-MD-VA",1974,16887,15232,8651,4,316,6261,1655,155,391210,347262,236105,55,4869,106234,43947,DC-MD-VA,DC,1973,1,1
"WATERBURY, CONN",1974,964,964,555,20,11,378,0,32,20038,20038,14971,256,156,4655,0,CT,CT,1973,1,1
"WATERLOO-CEDAR FALLS, IOWA",1974,1254,1254,376,18,8,852,0,52,22284,22284,9794,321,157,12011,0,IA,IA,Inf,-Inf,0
"WEST PALM BEACH-BOCA RATON, FLA",1974,9464,9464,2065,312,979,6108,0,191,296451,296451,72860,5034,18600,199958,0,FL,FL,Inf,-Inf,0
"WHEELING, WVA-OHIO",1974,295,295,94,2,0,199,0,17,6023,6023,2700,22,0,3300,0,WV-OH,WV,Inf,-Inf,0
"WICHITA, KANS",1974,2025,2025,1174,92,60,699,0,53,45687,45687,32800,1802,1158,9927,0,KS,KS,Inf,-Inf,0
"WICHITA FALLS, TEX",1974,493,493,253,0,0,240,0,2,8001,8001,5701,0,0,2300,0,TX,TX,Inf,-Inf,0
"WILLIAMSPORT, PA",1974,342,342,205,2,0,135,0,4,6803,6803,5533,20,0,1250,0,PA,PA,Inf,-Inf,0
"WILMINGTON, DEL-NJ-MD",1974,2087,2087,1287,76,12,712,0,63,44594,44594,32433,594,171,11396,0,DEL-NJ-MD,DE,1973,1,1
"WILMINGTON, NC",1974,1097,1097,649,22,0,426,0,29,21406,21406,15327,370,0,5710,0,NC,NC,1971,3,1
"WORCESTER, MASS",1974,2402,2402,791,40,74,1497,0,57,43252,43252,20071,510,727,21945,0,MA,MA,1977,-3,0
"YAKIMA, WASH",1974,578,578,409,18,18,133,0,9,11451,11451,9621,325,252,1253,0,WA,WA,1971,3,1
"YORK, PA",1974,1754,1754,1450,4,42,258,0,26,41066,41066,38014,55,534,2463,0,PA,PA,Inf,-Inf,0
"YOUNGSTOWN-WARREN, OHIO",1974,2216,2216,1640,68,96,412,0,17,53285,53285,47279,1214,1378,3414,0,OH,OH,Inf,-Inf,0
"ABILENE, TEX",1975,404,404,364,24,0,16,0,1,13402,13402,12703,569,0,130,0,TX,TX,Inf,-Inf,0
"AKRON, OHIO",1975,2382,2382,1734,118,83,447,0,29,78543,78543,66878,2738,1646,7282,0,OH,OH,Inf,-Inf,0
"ALBANY, GA",1975,372,372,304,40,28,0,0,0,7762,7762,7117,447,198,0,0,GA,GA,1991,-16,0
"ALBANY-SCHENECTADY-TROY, NY",1975,1751,1751,1353,98,60,240,0,20,42813,42813,37661,1440,659,3053,0,NY,NY,1975,0,1
"ALBUQUERQUE, NMEX",1975,2323,2323,1616,32,87,588,0,40,70245,70245,61941,951,1293,6061,0,NM,NM,Inf,-Inf,0
"ALEXANDRIA, LA",1975,153,153,140,8,0,5,0,1,4343,4343,4236,66,0,40,0,LA,LA,Inf,-Inf,0
"ALLENTOWN-BETHLEHEM-EASTON, PA-NJ",1975,2324,2324,1888,76,55,305,0,16,60943,60943,55620,1238,1529,2557,0,PA-NJ,PA,1989,-14,0
"ALTOONA, PA",1975,335,335,194,0,8,133,0,9,5940,5940,4664,0,128,1148,0,PA,PA,Inf,-Inf,0
"AMARILLO, TEX",1975,1597,1597,976,42,40,539,0,9,41981,41981,34131,1392,763,5695,0,TX,TX,Inf,-Inf,0
"ANAHEIM-SANTA ANA-GARDEN GROVE, CALIF",1975,15428,15428,10131,372,1233,3692,0,373,555751,555751,442722,10823,29788,72418,0,CA,CA,1970,5,1
"ANCHORAGE, ALASKA",1975,1251,1251,151,134,207,759,0,49,33711,33711,7716,4257,5417,16320,0,AK,AK,Inf,-Inf,0
"ANDERSON, IND",1975,510,510,404,16,0,90,0,1,14752,14752,11409,243,0,3100,0,IN,IN,1972,3,1
"ANN ARBOR, MICH",1975,633,633,556,8,0,69,0,8,21405,21405,20165,154,0,1086,0,MI,MI,Inf,-Inf,0
"ANNISTON, ALA",1975,257,257,253,4,0,0,0,0,7032,7032,6997,35,0,0,0,AL,AL,Inf,-Inf,0
"APPLETON-OSHKOSH, WIS",1975,2053,2053,1250,264,52,487,0,40,44470,44470,34810,4063,590,5007,0,WI,WI,1972,3,1
"ASHEVILLE, NC",1975,170,120,110,10,0,0,50,0,4430,2734,2628,106,0,0,1695,NC,NC,1971,4,1
"ATLANTA, GA",1975,11506,11506,10636,90,16,764,0,44,294645,294645,283020,1115,295,10215,0,GA,GA,1991,-16,0
"ATLANTIC CITY, NJ",1975,1045,1045,764,8,0,273,0,2,21315,21315,17210,165,0,3941,0,NJ,NJ,1989,-14,0
"AUGUSTA, GA-SC",1975,1732,1732,1580,92,12,48,0,4,31555,31555,30296,754,265,240,0,GA-SC,GA,1991,-16,0
"AUSTIN, TEX",1975,2109,2109,1823,180,11,95,0,6,61010,61010,55880,3955,280,895,0,TX,TX,Inf,-Inf,0
"BAKERSFIELD, CALIF",1975,2602,2602,1526,326,218,532,0,45,59860,59860,44645,6157,3682,5377,0,CA,CA,1970,5,1
"BALTIMORE, MD",1975,10618,10618,7257,50,0,3311,0,89,240114,240114,198048,805,0,41261,0,MD,MD,1973,2,1
"BATON ROUGE, LA",1975,2641,2641,2471,60,3,107,0,9,58652,58652,56904,568,30,1150,0,LA,LA,Inf,-Inf,0
"BATTLE CREEK, MICH",1975,654,654,418,6,0,230,0,8,12259,12259,10436,118,0,1706,0,MI,MI,Inf,-Inf,0
"BAY CITY, MICH",1975,481,481,403,6,0,72,0,3,10387,10387,9342,123,0,922,0,MI,MI,Inf,-Inf,0
"BEAUMONT-PORT ARTHUR-ORANGE, TEX",1975,1218,1218,995,12,12,199,0,19,29968,29968,27717,226,101,1924,0,TX,TX,Inf,-Inf,0
"BILLINGS, MONT",1975,987,987,680,62,67,178,0,25,20930,20930,16497,972,708,2753,0,MT,MT,1971,4,1
"BILOXI-GULFPORT, MISS",1975,754,754,730,2,14,8,0,1,16855,16855,16736,19,76,25,0,MS,MS,Inf,-Inf,0
"BINGHAMTON, NY-PA",1975,530,530,454,34,12,30,0,3,15614,15614,14422,617,140,436,0,NY-PA,NY,1975,0,1
"BIRMINGHAM, ALA",1975,4304,4248,3006,54,40,1148,56,74,90134,88624,77024,843,603,10154,1510,AL,AL,Inf,-Inf,0
"BLOOMINGTON, IND",1975,173,173,159,2,12,0,0,0,5444,5444,5312,23,109,0,0,IN,IN,1972,3,1
"BLOOMINGTON-NORMAL, ILL",1975,868,868,535,28,40,265,0,30,22001,22001,16869,588,831,3713,0,IL,IL,Inf,-Inf,0
"BOISE CITY, IDAHO",1975,2814,2814,2327,122,109,256,0,22,62942,62942,56649,1940,1490,2863,0,ID,ID,Inf,-Inf,0
"BOSTON, MASS",1975,7265,7265,3030,284,97,3854,0,120,174310,174310,97818,4756,1660,70075,0,MA,MA,1977,-2,0
"BRIDGEPORT, CONN",1975,1041,1041,647,164,50,180,0,9,28616,28616,22683,3490,927,1516,0,CT,CT,1973,2,1
"BRISTOL, CONN",1975,383,383,228,4,102,49,0,1,8490,8490,6565,80,1345,500,0,CT,CT,1973,2,1
"BROCKTON, MASS",1975,430,430,378,8,4,40,0,4,10328,10328,9112,241,117,858,0,MA,MA,1977,-2,0
"BROWNSVILLE-HARLINGEN-SAN BENITO, TEX",1975,551,551,533,14,4,0,0,0,9347,9347,9174,109,64,0,0,TX,TX,Inf,-Inf,0
"BRYAN-COLLEGE STATION, TEX",1975,867,867,315,118,30,404,0,28,11978,11978,7079,1264,300,3335,0,TX,TX,Inf,-Inf,0
"BUFFALO, NY",1975,2782,2782,2281,148,56,297,0,29,72562,72562,65440,2367,769,3986,0,NY,NY,1975,0,1
"BURLINGTON, NC",1975,398,398,394,4,0,0,0,0,10900,10900,10828,73,0,0,0,NC,NC,1971,4,1
"CANTON, OHIO",1975,2464,2464,1663,292,95,414,0,26,64258,64258,53019,5284,1596,4359,0,OH,OH,Inf,-Inf,0
"CEDAR RAPIDS, IOWA",1975,1318,1318,730,16,36,536,0,38,22636,22636,16559,271,531,5275,0,IA,IA,Inf,-Inf,0
"CHAMPAIGN-URBANA-RANTOUL, ILL",1975,616,616,267,104,19,226,0,14,9762,9762,6799,1106,337,1520,0,IL,IL,Inf,-Inf,0
"CHARLESTON-NORTH CHARLESTON, SC",1975,2998,2798,2085,16,0,697,200,60,65023,59997,53635,231,0,6131,5026,SC,SC,Inf,-Inf,0
"CHARLESTON, WVA",1975,403,403,206,4,61,132,0,11,10263,10263,7701,70,1116,1376,0,WV,WV,Inf,-Inf,0
"CHARLOTTE-GASTONIA, NC",1975,2952,2772,2587,18,24,143,180,21,85147,80347,77030,249,514,2554,4800,NC,NC,1971,4,1
"CHATTANOOGA, TENN-GA",1975,2159,1881,1388,166,16,311,278,8,41094,36349,29046,1720,150,5433,4745,TN-GA,TN,1991,-16,0
"CHICAGO, ILL",1975,23654,23318,14940,362,698,7318,336,369,684094,675715,531550,8248,14625,121292,8379,IL,IL,Inf,-Inf,0
"CINCINNATI, OHIO-KY-IND",1975,6096,6096,3989,102,151,1854,0,128,148120,148120,121944,1821,2782,21572,0,OH-KY-IN,OH,1972,3,1
"CLARKSVILLE-HOPKINSVILLE, TENN-KY",1975,548,548,447,8,47,46,0,6,12887,12887,11446,67,799,576,0,TN-KY,TN,Inf,-Inf,0
"CLEVELAND, OHIO",1975,5810,5810,4545,54,321,890,0,50,222834,222834,198362,1308,7182,15982,0,OH,OH,Inf,-Inf,0
"COLORADO SPRINGS, COLO",1975,994,994,968,12,8,6,0,1,21334,21334,20972,188,104,70,0,CO,CO,Inf,-Inf,0
"COLUMBIA, MO",1975,425,425,199,54,24,148,0,15,10549,10549,7646,847,316,1740,0,MO,MO,Inf,-Inf,0
"COLUMBIA, SC",1975,1146,1146,996,24,0,126,0,5,27590,27590,24827,268,0,2495,0,SC,SC,Inf,-Inf,0
"COLUMBUS, GA-ALA",1975,802,802,636,4,25,137,0,6,21997,21997,19567,73,440,1917,0,GA-AL,GA,1991,-16,0
"COLUMBUS, OHIO",1975,4694,4694,2954,206,298,1236,0,108,123536,123536,102650,3786,4511,12589,0,OH,OH,Inf,-Inf,0
"CORPUS CHRISTI, TEX",1975,995,957,798,2,27,130,38,17,20415,19608,17555,108,738,1207,807,TX,TX,Inf,-Inf,0
"DALLAS-FORT WORTH, TEX",1975,16983,16955,12713,216,136,3890,28,186,411420,410893,366160,4180,2027,38526,527,TX,TX,Inf,-Inf,0
"DANBURY, CONN",1975,1004,1004,729,16,15,244,0,3,25128,25128,22603,224,196,2105,0,CT,CT,1973,2,1
"DAVENPORT-ROCK ISLAND-MOLINE, IOWA-ILL",1975,2487,2487,1556,136,55,740,0,55,54780,54780,41231,2108,811,10630,0,IA-IL,IA,Inf,-Inf,0
"DAYTON, OHIO",1975,3126,3126,2389,128,205,404,0,53,78734,78734,69443,2384,2655,4251,0,OH,OH,Inf,-Inf,0
"DAYTONA BEACH, FLA",1975,1882,1882,1759,76,3,44,0,3,45425,45425,43817,1172,30,406,0,FL,FL,Inf,-Inf,0
"DECATUR, ILL",1975,565,565,488,0,0,77,0,8,20732,20732,19987,0,0,745,0,IL,IL,Inf,-Inf,0
"DENVER-BOULDER, COLO",1975,9610,9410,8099,232,384,695,200,44,267849,264671,245273,4314,7288,7796,3178,CO,CO,Inf,-Inf,0
"DES MOINES, IOWA",1975,2353,2353,1367,56,60,870,0,42,62369,62369,46383,1216,1325,13446,0,IA,IA,Inf,-Inf,0
"DETROIT, MICH",1975,14099,14004,9964,74,165,3801,95,138,422499,420849,344864,1236,2471,72278,1650,MI,MI,Inf,-Inf,0
"DUBUQUE, IOWA",1975,434,434,262,8,60,104,0,12,8794,8794,6475,117,942,1260,0,IA,IA,Inf,-Inf,0
"DULUTH-SUPERIOR, MINN-WIS",1975,1393,1393,844,32,4,513,0,15,28499,28499,20383,390,45,7681,0,MN-WI,MN,1972,3,1
"EAU CLAIRE, WIS",1975,760,760,594,54,36,76,0,8,20749,20749,18198,1048,515,987,0,WI,WI,1972,3,1
"EL PASO, TEX",1975,2453,2453,2018,96,158,181,0,17,60613,60613,53078,1851,3057,2628,0,TX,TX,Inf,-Inf,0
"ELMIRA, NY",1975,250,250,242,4,4,0,0,0,7159,7159,7068,27,64,0,0,NY,NY,1975,0,1
"ERIE, PA",1975,998,998,699,44,40,215,0,6,20030,20030,16285,597,388,2760,0,PA,PA,Inf,-Inf,0
"EUGENE-SPRINGFIELD, OREG",1975,2042,2042,1393,258,19,372,0,14,52886,52886,43069,4740,334,4744,0,OR,OR,Inf,-Inf,0
"EVANSVILLE, IND-KY",1975,1346,1346,808,26,0,512,0,48,25944,25944,21473,444,0,4027,0,IN-KY,IN,1972,3,1
"FALL RIVER, MASS-RI",1975,307,307,305,2,0,0,0,0,8589,8589,8564,25,0,0,0,MA-RI,MA,1977,-2,0
"FARGO-MOORHEAD, ND-MN",1975,1608,1608,661,70,95,782,0,44,40452,40452,24826,1655,1701,12271,0,ND-MN,ND,1973,2,1
"FAYETTEVILLE, NC",1975,1033,897,362,0,22,513,136,43,19928,16001,9906,0,400,5695,3927,NC,NC,1971,4,1
"FAYETTEVILLE-SPRINGDALE, ARK",1975,844,844,749,38,38,19,0,2,18947,18947,17881,434,447,185,0,AR,AR,Inf,-Inf,0
"FITCHBURG-LEOMINSTER, MASS",1975,201,201,189,12,0,0,0,0,4693,4693,4520,173,0,0,0,MA,MA,1977,-2,0
"FLINT, MICH",1975,1485,1485,1206,4,11,264,0,10,35929,35929,33005,64,194,2667,0,MI,MI,Inf,-Inf,0
"FLORENCE, ALA",1975,512,412,312,18,7,75,100,10,10065,7308,6494,168,58,589,2756,AL,AL,Inf,-Inf,0
"FORT COLLINS, COLO",1975,1443,1393,1150,96,45,102,50,7,36160,34464,31072,1620,660,1111,1696,CO,CO,Inf,-Inf,0
"FORT LAUDERDALE-HOLLYWOOD, FLA",1975,5452,5452,3424,372,219,1437,0,86,155955,155955,121927,6815,3834,23379,0,FL,FL,Inf,-Inf,0
"FORT MEYERS-CAPE CORAL, FLA",1975,2366,2366,1629,110,52,575,0,30,60071,60071,45255,1629,700,12488,0,FL,FL,Inf,-Inf,0
"FORT SMITH, ARK-OKLA",1975,731,731,491,100,52,88,0,6,17396,17396,14277,1622,724,774,0,AR-OK,AR,Inf,-Inf,0
"FORT WAYNE, IND",1975,1614,1614,1445,18,0,151,0,18,50980,50980,48732,302,0,1946,0,IN,IN,1972,3,1
"FRESNO, CALIF",1975,4335,4335,2865,180,366,924,0,101,77463,77463,60526,3546,4215,9176,0,CA,CA,1970,5,1
"GADSDEN, ALA",1975,66,66,62,0,4,0,0,0,1431,1431,1391,0,40,0,0,AL,AL,Inf,-Inf,0
"GAINESVILLE, FLA",1975,1437,1437,1011,16,63,347,0,14,28983,28983,24548,231,671,3533,0,FL,FL,Inf,-Inf,0
"GALVESTON-TEXAS CITY, TEX",1975,567,567,413,2,0,152,0,6,14295,14295,12954,35,0,1307,0,TX,TX,Inf,-Inf,0
"GARY-HAMMOND-EAST CHICAGO, IND",1975,3430,3430,2460,254,132,584,0,30,96304,96304,80536,3561,3560,8647,0,IN,IN,1972,3,1
"GRAND RAPIDS, MICH",1975,3427,3427,2141,184,96,1006,0,49,78233,78233,63566,3144,1293,10231,0,MI,MI,Inf,-Inf,0
"GREAT FALLS, MONT",1975,206,206,142,0,4,60,0,4,4352,4352,3675,0,63,615,0,MT,MT,1971,4,1
"GREELEY, COLO",1975,1000,1000,892,14,62,32,0,5,24130,24130,22410,265,1036,419,0,CO,CO,Inf,-Inf,0
"GREEN BAY, WIS",1975,1558,1558,1030,254,51,223,0,16,39604,39604,31868,4642,599,2495,0,WI,WI,1972,3,1
"GREENSBORO-WINSTON-SALEM-HIGH POINT, NC",1975,3671,3671,2929,72,94,576,0,58,88907,88907,81240,1217,647,5803,0,NC,NC,1971,4,1
"GREENVILLE-SPARTANBURG, SC",1975,3750,3671,2699,114,65,793,79,56,84728,82901,74824,1199,759,6118,1827,SC,SC,Inf,-Inf,0
"HAMILTON-MIDDLETOWN, OHIO",1975,1835,1835,1404,12,108,311,0,31,44381,44381,39406,223,1942,2811,0,OH,OH,Inf,-Inf,0
"HARRISBURG, PA",1975,2454,2454,1833,22,30,569,0,70,51962,51962,44601,291,319,6751,0,PA,PA,Inf,-Inf,0
"HARTFORD, CONN",1975,2790,2730,2082,98,73,477,60,39,64899,63544,55489,1476,1419,5159,1355,CT,CT,1973,2,1
"HONOLULU, HAWAII",1975,7003,5547,1079,74,361,4033,1456,96,245701,198761,40245,1978,9957,146581,46940,HI,HI,1974,1,1
"HOUSTON, TEX",1975,13732,13732,5140,48,132,8412,0,616,252512,252512,181949,940,2843,66779,0,TX,TX,Inf,-Inf,0
"HUNTINGTON-ASHLAND, WVA-KY-OHIO",1975,594,594,360,2,23,209,0,9,11850,11850,8140,36,252,3421,0,WV-KY-OH,WV,Inf,-Inf,0
"HUNTSVILLE, ALA",1975,912,912,725,8,26,153,0,13,15085,15085,13747,107,144,1087,0,AL,AL,Inf,-Inf,0
"INDIANAPOLIS, IND",1975,6247,6247,4013,136,32,2066,0,60,170074,170074,139346,1801,897,28030,0,IN,IN,1972,3,1
"JACKSON, MICH",1975,890,890,427,4,10,449,0,27,15408,15408,9592,80,167,5569,0,MI,MI,Inf,-Inf,0
"JACKSON, MISS",1975,1022,1022,829,18,0,175,0,23,24663,24663,22751,222,0,1690,0,MS,MS,Inf,-Inf,0
"JACKSONVILLE, FLA",1975,4415,3815,3110,26,53,626,600,41,111433,95664,80488,450,661,14065,15769,FL,FL,Inf,-Inf,0
"JERSEY CITY, NJ",1975,984,984,132,174,7,671,0,18,15381,15381,2078,3426,76,9801,0,NJ,NJ,1989,-14,0
"JOHNSON CITY-KINGSPORT-BRISTOL, TENN-VA",1975,928,928,812,16,72,28,0,4,21336,21336,19884,242,919,291,0,TN-VA,TN,1973,2,1
"JOHNSTOWN, PA",1975,590,590,303,14,8,265,0,12,11762,11762,8033,152,85,3492,0,PA,PA,Inf,-Inf,0
"KALAMAZOO-PORTAGE, MICH",1975,1655,1655,823,34,43,755,0,36,36940,36940,27097,632,729,8482,0,MI,MI,Inf,-Inf,0
"KANKAKEE, ILL",1975,516,516,383,18,71,44,0,5,12688,12688,11006,383,921,379,0,IL,IL,Inf,-Inf,0
"KANSAS CITY, MO-KANS",1975,7573,7573,4991,396,681,1505,0,90,188881,188881,145567,8099,13195,22020,0,MO-KS,MO,Inf,-Inf,0
"KENOSHA, WIS",1975,538,538,353,10,3,172,0,11,13183,13183,10813,210,60,2100,0,WI,WI,1972,3,1
"KILLEEN-TEMPLE, TEX",1975,1662,1662,1039,26,80,517,0,32,37248,37248,31590,289,907,4463,0,TX,TX,Inf,-Inf,0
"KNOXVILLE, TENN",1975,2083,1983,1750,22,27,184,100,9,49891,47979,45631,273,259,1816,1911,TN,TN,Inf,-Inf,0
"LACROSSE, WIS",1975,612,536,327,84,7,118,76,14,13736,12107,9555,1393,100,1059,1629,WI,WI,1972,3,1
"LAFAYETTE, LA",1975,340,340,340,0,0,0,0,0,9428,9428,8937,0,0,0,0,LA,LA,Inf,-Inf,0
"LAFAYETTE-WEST LAFAYETTE, IND",1975,699,699,485,24,28,162,0,6,19032,19032,13835,437,615,4145,0,IN,IN,1972,3,1
"LAKE CHARLES, LA",1975,222,222,194,4,16,8,0,1,5909,5909,5636,31,170,72,0,LA,LA,Inf,-Inf,0
"LAKELAND-WINTER HAVEN, FLA",1975,514,514,386,68,12,48,0,8,10485,10485,9002,797,141,545,0,FL,FL,Inf,-Inf,0
"LANCASTER, PA",1975,1337,1337,1216,20,7,94,0,10,39734,39734,37946,286,145,1356,0,PA,PA,Inf,-Inf,0
"LANSING-EAST LANSING, MICH",1975,1865,1865,1266,84,31,484,0,25,46709,46709,38452,1705,789,5762,0,MI,MI,Inf,-Inf,0
"LAREDO, TEX",1975,363,363,360,0,3,0,0,0,5838,5838,5748,0,90,0,0,TX,TX,Inf,-Inf,0
"LAS VEGAS, NEV",1975,4847,4847,2657,60,61,2069,0,147,118472,118472,86448,1407,1436,29181,0,NV,NV,Inf,-Inf,0
"LAWRENCE-HAVERHILL, MASS-NH",1975,1034,959,696,44,124,95,75,2,26253,25058,20523,661,1959,1915,1195,MA-NH,MA,1977,-2,0
"LAWTON, OKLA",1975,258,258,220,2,4,32,0,1,6576,6576,6287,20,20,250,0,OK,OK,Inf,-Inf,0
"LEWISTON-AUBURN, MAINE",1975,175,175,138,2,11,24,0,3,4158,4158,3639,39,165,315,0,MN,MN,1973,2,1
"LEXINGTON-FAYETTE, KY",1975,2256,2240,1558,174,14,494,16,48,57109,56750,46367,3153,425,6803,359,KY,KY,Inf,-Inf,0
"LIMA, OHIO",1975,666,666,470,32,9,155,0,7,17434,17434,14649,574,320,1891,0,OH,OH,Inf,-Inf,0
"LINCOLN, NEBR",1975,1621,1621,1101,84,51,385,0,34,22474,22474,17586,879,372,3637,0,NE,NE,Inf,-Inf,0
"LITTLE ROCK-NORTH LITTLE ROCK, ARK",1975,1441,1441,1286,52,3,100,0,9,47264,47264,44819,774,106,1565,0,AR,AR,Inf,-Inf,0
"LONG BRANCH-ASBURY PARK, NJ",1975,964,964,901,4,0,59,0,8,35402,35402,34454,68,0,880,0,NJ,NJ,1989,-14,0
"LONGVIEW, TEX",1975,645,645,439,64,0,142,0,4,18332,18332,15296,1125,0,1911,0,TX,TX,Inf,-Inf,0
"LORAIN-ELYRIA, OHIO",1975,1325,1325,868,70,16,371,0,24,34999,34999,29236,1364,206,4193,0,OH,OH,Inf,-Inf,0
"LOS ANGELES-LONG BEACH, CALIF",1975,17681,17681,8830,406,677,7768,0,498,565430,565430,360246,12414,17305,175464,0,CA,CA,1970,5,1
"LOUISVILLE, KY-IND",1975,3944,3944,3328,4,89,523,0,45,115922,115922,105467,97,1095,9264,0,KY-IN,KY,1972,3,1
"LOWELL, MASS-NH",1975,786,786,588,24,0,174,0,9,17263,17263,14939,258,0,2066,0,MA-NH,MA,1977,-2,0
"LUBBOCK, TEX",1975,1758,1758,1035,44,0,679,0,16,45587,45587,38830,1165,0,5592,0,TX,TX,Inf,-Inf,0
"LYNCHBURG, VA",1975,1260,1260,1005,36,25,194,0,11,28845,28845,26424,403,270,1748,0,VA,VA,1973,2,1
"MACON, GA",1975,978,978,906,10,18,44,0,6,20353,20353,19568,73,203,509,0,GA,GA,1991,-16,0
"MADISON, WIS",1975,2468,2468,1452,214,45,757,0,38,58188,58188,42804,4096,1166,10122,0,WI,WI,1972,3,1
"MANCHESTER, NH",1975,574,574,540,34,0,0,0,0,16797,16797,16269,528,0,0,0,NH,NH,Inf,-Inf,0
"MANSFIELD, OHIO",1975,551,551,335,18,62,136,0,21,14020,14020,10350,358,1410,1902,0,OH,OH,Inf,-Inf,0
"MCALLEN-PHARR-EDINBURG, TEX",1975,1295,1215,953,46,64,152,80,8,23659,21861,19082,671,637,1471,1798,TX,TX,Inf,-Inf,0
"MELBOURNE-TITUSVILLE-COCOA, FLA",1975,948,948,714,32,160,42,0,4,30689,30689,28504,624,1011,551,0,FL,FL,Inf,-Inf,0
"MEMPHIS, TENN-ARK-MISS",1975,3673,3673,3019,92,109,453,0,11,100253,100253,91308,1116,1588,6241,0,TN-AR-MS,TN,Inf,-Inf,0
"MERIDEN, CONN",1975,115,115,76,12,6,21,0,3,2279,2279,1619,168,96,396,0,CT,CT,1973,2,1
"MIAMI, FLA",1975,6465,5716,2820,496,177,2223,749,130,191797,173178,104093,7987,4148,56051,18619,FL,FL,Inf,-Inf,0
"MIDLAND, TEX",1975,661,661,415,40,6,200,0,1,18441,18441,15415,861,65,2100,0,TX,TX,Inf,-Inf,0
"MILWAUKEE, WIS",1975,6819,6819,3838,418,330,2233,0,115,186767,186767,139362,9663,6531,31211,0,WI,WI,1972,3,1
"MINNEAPOLIS-ST PAUL, MN-WI",1975,9664,9664,8155,240,78,1191,0,36,320744,320744,282361,6483,2344,29555,0,MN-WI,MN,1972,3,1
"MOBILE, ALA",1975,1572,1572,1138,18,102,314,0,30,22930,22930,19811,164,745,2210,0,AL,AL,Inf,-Inf,0
"MODESTO, CALIF",1975,2182,2182,2004,84,44,50,0,7,54477,54477,51425,1496,703,854,0,CA,CA,1970,5,1
"MONROE, LA",1975,140,140,120,0,20,0,0,0,4293,4293,4093,0,200,0,0,LA,LA,Inf,-Inf,0
"MONTGOMERY, ALA",1975,1253,1253,1226,14,0,13,0,1,28183,28183,27880,217,0,86,0,AL,AL,Inf,-Inf,0
"MUNCIE, IND",1975,354,354,293,10,9,42,0,2,9525,9525,8899,119,94,413,0,IN,IN,1972,3,1
"MUSKEGON-NORTON SHORES-MUSKEGON HEIGHTS, MICH",1975,639,639,639,0,0,0,0,0,15146,15146,15146,0,0,0,0,MI,MI,Inf,-Inf,0
"NASHUA, NH",1975,718,718,615,30,8,65,0,3,21652,21652,20376,526,150,600,0,NH,NH,Inf,-Inf,0
"NASHVILLE-DAVIDSON, TENN",1975,3187,3187,1924,340,15,908,0,27,60503,60503,46141,3928,143,10291,0,TN,TN,Inf,-Inf,0
"NEW YORK, NY-NJ",1975,16887,16663,10954,2026,315,3368,224,257,361136,354845,252826,38588,4839,58591,6291,NY-NJ,NY,1975,0,1
"NEW BEDFORD, MASS",1975,1057,1057,408,296,0,353,0,4,17203,17203,10695,3112,0,3396,0,MA,MA,1977,-2,0
"NEW BRITAIN, CONN",1975,380,380,294,38,3,45,0,3,7271,7271,5872,552,54,793,0,CT,CT,1973,2,1
"NEW BRUNSWICK-PERTH AMBOY-SAYREVILLE, NJ",1975,2129,2129,981,112,0,1036,0,59,43671,43671,26887,4220,0,12565,0,NJ,NJ,1989,-14,0
"NEW HAVEN-WEST HAVEN, CONN",1975,1658,1658,837,42,47,732,0,30,30395,30395,21807,701,955,6932,0,CT,CT,1973,2,1
"NEW LONDON-GROTON-NORWICH, CONN",1975,1042,1042,808,18,4,212,0,11,23823,23823,21964,201,50,1608,0,CT,CT,1973,2,1
"NEW ORLEANS, LA",1975,4747,4547,3802,190,141,414,200,20,140981,135361,126183,3181,1946,4051,5620,LA,LA,Inf,-Inf,0
"NEWARK, NJ",1975,3736,3736,2202,160,12,1362,0,55,106441,106441,78104,2814,190,25333,0,NJ,NJ,1989,-14,0
"NEWPORT NEWS-HAMPTON, VA",1975,1405,1405,893,4,4,504,0,56,31777,31777,27889,65,48,3775,0,VA,VA,1973,2,1
"NORFOLK-VIRGINIA BEACH-PORTSMOUTH, VA-NC",1975,4211,4211,2873,166,49,1123,0,142,114766,114766,90987,2882,882,20016,0,VA-NC,VA,1971,4,1
"NORTHEAST PENNSYLVANIA, PA",1975,2171,2171,1316,2,109,744,0,33,43193,43193,32979,30,2110,8074,0,PA,PA,Inf,-Inf,0
"NORWALK, CONN",1975,444,444,265,20,0,159,0,11,16233,16233,13585,339,0,2309,0,CT,CT,1973,2,1
"ODESSA, TEX",1975,1398,1398,356,6,6,1030,0,14,21788,21788,10505,130,53,11101,0,TX,TX,Inf,-Inf,0
"OKLAHOMA CITY, OKLA",1975,3477,3477,3295,132,20,30,0,2,105733,105733,102998,2112,367,256,0,OK,OK,Inf,-Inf,0
"OMAHA, NEBR-IOWA",1975,2711,2711,2516,58,8,129,0,5,42061,42061,39114,1064,97,1786,0,NE-IA,NE,Inf,-Inf,0
"ORLANDO, FLA",1975,3017,3017,2653,34,29,301,0,38,66209,66209,61347,421,480,3962,0,FL,FL,Inf,-Inf,0
"OWENSBORO, KY",1975,517,517,326,46,11,134,0,12,9313,9313,7244,687,217,1165,0,KY,KY,Inf,-Inf,0
"OXNARD-SIMI VALLEY- VENTURA, CALIF",1975,5045,5045,3608,134,501,802,0,56,176916,176916,144719,3709,11411,17077,0,CA,CA,1970,5,1
"PARKERSBURG-MARIETTA, WVA-OHIO",1975,249,249,181,8,52,8,0,1,6609,6609,5656,138,755,60,0,WV-OH,WV,Inf,-Inf,0
"PASCAGOULA-MOSS POINT, MISS",1975,705,705,680,2,0,23,0,2,10583,10583,10451,17,0,115,0,MS,MS,Inf,-Inf,0
"PATERSON-CLIFTON-PASSAIC, NJ",1975,588,588,266,66,10,246,0,7,14073,14073,8609,1332,141,3990,0,NJ,NJ,1989,-14,0
"PENSACOLA, FLA",1975,1460,1460,1319,104,31,6,0,1,34943,34943,33270,1226,342,105,0,FL,FL,Inf,-Inf,0
"PEORIA, ILL",1975,2883,2883,1487,152,103,1141,0,71,68782,68782,49760,2982,1814,14225,0,IL,IL,Inf,-Inf,0
"PETERSBURG-COLONIAL HEIGHTS-HOPEWELL, VA",1975,764,764,629,22,7,106,0,11,16772,16772,14453,174,90,2055,0,VA,VA,1973,2,1
"PHILADELPHIA, PA-NJ",1975,14000,14000,10605,722,105,2568,0,155,332704,332704,285723,8734,2034,36213,0,PA-NJ,PA,1989,-14,0
"PHOENIX, ARIZ",1975,10303,10303,9256,54,97,896,0,30,209361,209361,197560,664,1436,9702,0,AZ,AZ,Inf,-Inf,0
"PINE BLUFF, ARK",1975,160,160,61,2,4,93,0,9,1564,1564,888,24,30,622,0,AR,AR,Inf,-Inf,0
"PITTSBURGH, PA",1975,6095,6095,4564,110,79,1342,0,112,154674,154674,133377,1973,1157,18167,0,PA,PA,Inf,-Inf,0
"PITTSFIELD, MASS",1975,159,159,143,12,4,0,0,0,4504,4504,4315,164,25,0,0,MA,MA,1977,-2,0
"PORTLAND, MAINE",1975,639,639,585,4,28,22,0,2,16134,16134,15519,58,362,195,0,MN,MN,1973,2,1
"PORTLAND, OREG-WASH",1975,10526,10526,7658,664,472,1732,0,160,275294,275294,234831,11452,6987,22024,0,OR-WA,OR,1971,4,1
"POUGHKEEPSIE, NY",1975,931,931,823,10,16,82,0,7,24513,24513,23013,173,323,1004,0,NY,NY,1975,0,1
"PROVIDENCE-PAWTUCKET-WARWICK, RI-MASS",1975,3242,2956,2036,112,23,785,286,35,65607,60301,50840,1525,259,7678,5305,RI-MA,RI,1977,-2,0
"PROVO-OREM, UTAH",1975,2489,2489,1408,162,443,476,0,28,51001,51001,35811,2525,5576,7090,0,UT,UT,Inf,-Inf,0
"PUEBLO, COLO",1975,489,489,487,2,0,0,0,0,11058,11058,11017,42,0,0,0,CO,CO,Inf,-Inf,0
"RACINE, WIS",1975,609,609,424,34,0,151,0,13,15806,15806,13617,590,0,1599,0,WI,WI,1972,3,1
"RALEIGH-DURHAM, NC",1975,3177,2999,2767,26,20,186,178,19,84588,79093,76292,292,341,2168,5495,NC,NC,1971,4,1
"READING, PA",1975,1074,1074,840,8,16,210,0,19,25692,25692,18375,70,215,7032,0,PA,PA,Inf,-Inf,0
"RENO, NEV",1975,1330,1330,992,24,62,252,0,37,44339,44339,40366,594,608,2771,0,NV,NV,Inf,-Inf,0
"RICHLAND-KENNEWICK-PASCO, WASH",1975,2801,2801,1194,82,279,1246,0,71,65703,65703,43786,1525,4025,16367,0,WA,WA,1971,4,1
"RICHMOND, VA",1975,5328,5328,4010,4,16,1298,0,161,101764,101764,89378,29,73,12284,0,VA,VA,1973,2,1
"RIVERSIDE-SAN BERNARDINO-ONTARIO, CALIF",1975,10516,10516,9410,198,330,578,0,46,340815,340815,319256,4178,6292,11090,0,CA,CA,1970,5,1
"ROANOKE, VA",1975,1123,1123,978,20,0,125,0,4,25904,25904,23525,184,0,2195,0,VA,VA,1973,2,1
"ROCHESTER, MINN",1975,524,524,456,0,0,68,0,3,17983,17983,16684,0,0,1299,0,MN,MN,1973,2,1
"ROCHESTER, NY",1975,3057,3057,2476,44,59,478,0,35,87332,87332,79705,740,915,5972,0,NY,NY,1975,0,1
"ROCKFORD, ILL",1975,1341,1341,1086,52,28,175,0,12,32256,32256,29356,995,297,1608,0,IL,IL,Inf,-Inf,0
"SACRAMENTO, CALIF",1975,10093,10053,6183,1004,311,2555,40,227,203004,201897,150774,15918,5341,29864,1107,CA,CA,1970,5,1
"SAGINAW, MICH",1975,899,885,660,66,32,127,14,12,22884,22511,19327,1204,386,1595,373,MI,MI,Inf,-Inf,0
"ST CLOUD, MINN",1975,1237,1237,766,32,4,435,0,20,27513,27513,21568,345,92,5508,0,MN,MN,1973,2,1
"ST JOSEPH, MO",1975,301,301,226,52,4,19,0,1,5239,5239,4496,583,35,125,0,MO,MO,Inf,-Inf,0
"ST LOUIS, MO-ILL",1975,8120,8120,6645,108,150,1217,0,82,224996,224996,202769,1650,2466,18111,0,MO-IL,MO,Inf,-Inf,0
"SALEM, OREG",1975,2893,2893,1936,290,308,359,0,41,56753,56753,45855,4146,3251,3502,0,OR,OR,Inf,-Inf,0
"SALINAS-SEASIDE-MONTEREY, CALIF",1975,2154,2154,1514,42,131,467,0,65,70709,70709,57310,1421,2919,9060,0,CA,CA,1970,5,1
"SALT LAKE CITY-OGDEN, UTAH",1975,8125,8125,6696,438,376,615,0,49,198403,198403,175930,8050,6143,8280,0,UT,UT,Inf,-Inf,0
"SAN ANGELO, TEX",1975,774,774,284,20,0,470,0,14,13863,13863,8576,253,0,5034,0,TX,TX,Inf,-Inf,0
"SAN ANTONIO, TEX",1975,3542,3516,2006,42,22,1446,26,162,59966,59284,46426,543,161,12154,681,TX,TX,Inf,-Inf,0
"SAN DIEGO, CALIF",1975,13866,13366,8477,468,770,3651,500,280,419265,405567,317786,11124,18618,58040,13698,CA,CA,1970,5,1
"SAN FRANCISCO-OAKLAND, CALIF",1975,12117,12117,9041,294,440,2342,0,186,455345,455345,378034,9146,11579,56586,0,CA,CA,1970,5,1
"SAN JOSE, CALIF",1975,8170,8170,5699,238,193,2040,0,127,245650,245650,203278,6354,4140,31878,0,CA,CA,1970,5,1
"SANTA BARBARA-SANTA MARIA-LOMPOC, CALIF",1975,1270,1270,932,44,103,191,0,26,49217,49217,41611,1181,2374,4051,0,CA,CA,1970,5,1
"SANTA CRUZ, CALIF",1975,1289,1289,1191,30,25,43,0,5,46036,46036,43858,805,430,943,0,CA,CA,1970,5,1
"SANTA ROSA, CALIF",1975,2826,2826,2228,78,56,464,0,69,84799,84799,75469,1543,976,6810,0,CA,CA,1970,5,1
"SARASOTA, FLA",1975,1453,1453,1297,58,33,65,0,6,36171,36171,33407,1058,584,1121,0,FL,FL,Inf,-Inf,0
"SAVANNAH, GA",1975,776,776,713,8,7,48,0,3,22288,22288,21621,99,94,473,0,GA,GA,1991,-16,0
"SEATTLE-EVERETT, WASH",1975,11961,11961,7834,284,379,3464,0,207,330608,330608,264510,5517,7729,52853,0,WA,WA,1971,4,1
"SHERMAN-DENISON, TEX",1975,155,155,131,0,4,20,0,2,3584,3584,3428,0,17,140,0,TX,TX,Inf,-Inf,0
"SHREVEPORT, LA",1975,1246,1246,938,50,0,258,0,11,32479,32479,27288,1169,0,4022,0,LA,LA,Inf,-Inf,0
"SIOUX CITY, IOWA-NEBR",1975,927,927,502,38,26,361,0,27,16862,16862,11338,473,282,4769,0,IA-NE,IA,Inf,-Inf,0
"SIOUX FALLS, SDAK",1975,804,804,372,12,54,366,0,29,15475,15475,10030,228,814,4403,0,SD,SD,1974,1,1
"SOUTH BEND, IND",1975,1512,1512,842,0,32,638,0,43,34543,34543,27377,0,1087,6080,0,IN,IN,1972,3,1
"SPOKANE, WASH",1975,2345,2345,1559,216,84,486,0,33,67968,67968,56904,4528,891,5646,0,WA,WA,1971,4,1
"SPRINGFIELD, ILL",1975,898,898,437,30,38,393,0,20,23753,23753,15340,764,537,7112,0,IL,IL,Inf,-Inf,0
"SPRINGFIELD, MO",1975,1286,1286,990,96,4,196,0,8,29143,29143,26478,1243,30,1393,0,MO,MO,Inf,-Inf,0
"SPRINGFIELD, OHIO",1975,289,289,224,8,15,42,0,7,5712,5712,5233,87,173,219,0,OH,OH,Inf,-Inf,0
"SPRINGFIELD-CHICOPEE-HOLYOKE, MASS-CONN",1975,1179,1179,962,66,12,139,0,19,29336,29336,26848,818,130,1539,0,MA-CT,MA,1973,2,1
"STAMFORD, CONN",1975,719,719,398,44,25,252,0,25,28519,28519,22211,968,559,4781,0,CT,CT,1973,2,1
"STEUBENVILLE-WEIRTON, OHIO-WVA",1975,288,288,193,8,27,60,0,6,6562,6562,5284,133,445,700,0,OH-WV,OH,Inf,-Inf,0
"STOCKTON, CALIF",1975,2708,2708,1633,386,201,488,0,17,80383,80383,58235,9391,4609,8148,0,CA,CA,1970,5,1
"SYRACUSE, NY",1975,1957,1957,1402,48,20,487,0,30,43378,43378,36942,806,448,5182,0,NY,NY,1975,0,1
"TACOMA, WASH",1975,5160,5160,2494,338,274,2054,0,149,102220,102220,69113,6326,3407,23374,0,WA,WA,1971,4,1
"TALLAHASSEE, FLA",1975,854,815,722,40,12,41,39,3,24617,23714,22179,607,280,648,903,FL,FL,Inf,-Inf,0
"TAMPA-ST PETERSBURG, FLA",1975,5891,5891,4243,318,222,1108,0,73,122970,122970,102205,3771,3919,13075,0,FL,FL,Inf,-Inf,0
"TERRE HAUTE, IND",1975,141,141,118,14,9,0,0,0,3363,3363,3148,158,57,0,0,IN,IN,1972,3,1
"TEXARKANA, TEX-ARK",1975,204,204,183,8,0,13,0,1,4980,4980,4663,197,0,120,0,TX-AR,TX,Inf,-Inf,0
"TOLEDO, OHIO-MICH",1975,3553,3553,2123,74,73,1283,0,53,80614,80614,64031,1256,1776,13551,0,OH-MI,OH,Inf,-Inf,0
"TOPEKA, KANS",1975,863,863,691,24,98,50,0,7,25234,25234,22267,527,1831,609,0,KS,KS,Inf,-Inf,0
"TRENTON, NJ",1975,706,706,466,20,0,220,0,16,26513,26513,22128,498,0,3887,0,NJ,NJ,1989,-14,0
"TUCSON, ARIZ",1975,3859,3859,2467,106,146,1140,0,49,81477,81477,65474,1577,2310,12116,0,AZ,AZ,Inf,-Inf,0
"TULSA, OKLA",1975,3124,3124,2437,140,63,484,0,76,78445,78445,66848,3114,1394,7088,0,OK,OK,Inf,-Inf,0
"TUSCALOOSA, ALA",1975,774,774,475,2,244,53,0,5,14399,14399,11018,17,2885,479,0,AL,AL,Inf,-Inf,0
"TYLER, TEX",1975,437,437,305,22,4,106,0,4,13305,13305,11751,634,30,890,0,TX,TX,Inf,-Inf,0
"UTICA-ROME, NY",1975,548,548,268,4,0,276,0,11,10170,10170,6575,80,0,3515,0,NY,NY,1975,0,1
"VALLEJO-FAIRFIELD-NAPA, CALIF",1975,3133,3133,2476,102,121,434,0,32,93599,93599,82054,2383,2028,7134,0,CA,CA,1970,5,1
"VINELAND-MILLVILLE-BRIDGETON, NJ",1975,374,374,366,8,0,0,0,0,9346,9346,9218,128,0,0,0,NJ,NJ,1989,-14,0
"WACO, TEX",1975,441,441,361,0,0,80,0,1,12535,12535,11885,0,0,650,0,TX,TX,Inf,-Inf,0
"WASHINGTON, DC-MD-VA",1975,9821,9789,7284,30,31,2444,32,54,286047,285247,231044,432,522,53249,800,DC-MD-VA,DC,1973,2,1
"WATERBURY, CONN",1975,690,690,576,26,0,88,0,10,17300,17300,15805,401,0,1094,0,CT,CT,1973,2,1
"WATERLOO-CEDAR FALLS, IOWA",1975,1114,1114,503,64,36,511,0,47,23071,23071,15114,1455,561,5941,0,IA,IA,Inf,-Inf,0
"WEST PALM BEACH-BOCA RATON, FLA",1975,4103,4103,2230,610,297,966,0,86,122354,122354,85670,11025,5225,20434,0,FL,FL,Inf,-Inf,0
"WHEELING, WVA-OHIO",1975,276,276,108,0,4,164,0,2,6262,6262,3496,0,40,2725,0,WV-OH,WV,Inf,-Inf,0
"WICHITA, KANS",1975,3415,3329,1538,172,243,1376,86,75,79810,77216,50665,4137,6155,16258,2594,KS,KS,Inf,-Inf,0
"WICHITA FALLS, TEX",1975,608,608,410,0,0,198,0,1,10931,10931,9156,0,0,1775,0,TX,TX,Inf,-Inf,0
"WILLIAMSPORT, PA",1975,216,216,170,4,15,27,0,1,6089,6089,5268,52,210,560,0,PA,PA,Inf,-Inf,0
"WILMINGTON, DEL-NJ-MD",1975,2146,2146,1684,2,0,460,0,28,43812,43812,38743,28,0,5040,0,DEL-NJ-MD,DE,1973,2,1
"WILMINGTON, NC",1975,643,643,634,4,0,5,0,1,16684,16684,16571,53,0,60,0,NC,NC,1971,4,1
"WORCESTER, MASS",1975,1074,1074,621,8,0,445,0,10,24630,24630,15871,98,0,8661,0,MA,MA,1977,-2,0
"YAKIMA, WASH",1975,797,757,498,62,50,147,40,5,19643,18836,13961,1003,770,3103,806,WA,WA,1971,4,1
"YORK, PA",1975,1533,1533,1391,16,24,102,0,5,36968,36968,35428,209,622,708,0,PA,PA,Inf,-Inf,0
"YOUNGSTOWN-WARREN, OHIO",1975,2598,2598,1835,72,100,591,0,48,66376,66376,57019,1329,1313,6715,0,OH,OH,Inf,-Inf,0
"ABILENE, TEX",1976,889,889,465,86,50,288,0,36,23296,23296,16462,2273,891,3670,0,TX,TX,Inf,-Inf,0
"AKRON, OHIO",1976,2485,2485,1784,116,49,536,0,32,87473,87473,78380,2808,1255,5030,0,OH,OH,Inf,-Inf,0
"ALBANY, GA",1976,655,655,405,114,60,76,0,10,13307,13307,10465,1412,562,868,0,GA,GA,1991,-15,0
"ALBANY-SCHENECTADY-TROY, NY",1976,1975,1975,1495,72,88,320,0,12,49763,49763,42864,1137,1210,4552,0,NY,NY,1975,1,1
"ALBUQUERQUE, NMEX",1976,4188,4188,2511,34,402,1241,0,92,117052,117052,97497,497,5318,13740,0,NM,NM,Inf,-Inf,0
"ALEXANDRIA, LA",1976,134,134,132,2,0,0,0,0,4276,4276,4239,37,0,0,0,LA,LA,Inf,-Inf,0
"ALLENTOWN-BETHLEHEM-EASTON, PA-NJ",1976,3168,3168,2271,90,85,722,0,46,83866,83866,73207,1538,1403,7719,0,PA-NJ,PA,1989,-13,0
"ALTOONA, PA",1976,515,515,330,12,11,162,0,9,13061,13061,9427,146,105,3383,0,PA,PA,Inf,-Inf,0
"AMARILLO, TEX",1976,2277,2277,1157,28,84,1008,0,11,62650,62650,45937,943,1670,14100,0,TX,TX,Inf,-Inf,0
"ANAHEIM-SANTA ANA-GARDEN GROVE, CALIF",1976,30239,30239,17243,1212,3096,8688,0,845,1188181,1188181,869295,43512,84920,190453,0,CA,CA,1970,6,1
"ANCHORAGE, ALASKA",1976,3168,3168,1061,306,86,1715,0,173,96111,96111,46046,7586,2112,40367,0,AK,AK,Inf,-Inf,0
"ANDERSON, IND",1976,765,765,458,38,56,213,0,12,21829,21829,14489,451,1100,5789,0,IN,IN,1972,4,1
"ANN ARBOR, MICH",1976,1105,1105,821,4,0,280,0,13,32179,32179,28613,58,0,3507,0,MI,MI,Inf,-Inf,0
"ANNISTON, ALA",1976,341,341,317,0,0,24,0,3,9693,9693,9343,0,0,350,0,AL,AL,Inf,-Inf,0
"APPLETON-OSHKOSH, WIS",1976,2764,2764,1773,280,79,632,0,40,65184,65184,51094,4870,952,8268,0,WI,WI,1972,4,1
"ASHEVILLE, NC",1976,405,291,165,4,0,122,114,2,9172,5976,4026,43,0,1907,3197,NC,NC,1971,5,1
"ATLANTA, GA",1976,13130,13130,12030,98,65,937,0,56,347468,347468,331929,1293,1255,12992,0,GA,GA,1991,-15,0
"ATLANTIC CITY, NJ",1976,1193,1193,913,74,0,206,0,1,26927,26927,21735,1342,0,3850,0,NJ,NJ,1989,-13,0
"AUGUSTA, GA-SC",1976,2434,2434,2204,32,16,182,0,24,47236,47236,44446,266,445,2079,0,GA-SC,GA,1991,-15,0
"AUSTIN, TEX",1976,3222,3222,1940,240,58,984,0,15,101649,101649,80196,6793,1302,13358,0,TX,TX,Inf,-Inf,0
"BAKERSFIELD, CALIF",1976,4378,4378,2355,218,534,1271,0,139,101849,101849,72297,4124,9404,16024,0,CA,CA,1970,6,1
"BALTIMORE, MD",1976,14748,14748,11569,24,0,3155,0,105,373336,373336,331732,423,0,41181,0,MD,MD,1973,3,1
"BATON ROUGE, LA",1976,4072,4072,3704,64,24,280,0,14,81493,81493,77189,645,337,3323,0,LA,LA,Inf,-Inf,0
"BATTLE CREEK, MICH",1976,961,961,651,10,0,300,0,16,22170,22170,18812,218,0,3140,0,MI,MI,Inf,-Inf,0
"BAY CITY, MICH",1976,822,822,458,2,12,350,0,2,15636,15636,12122,30,185,3299,0,MI,MI,Inf,-Inf,0
"BEAUMONT-PORT ARTHUR-ORANGE, TEX",1976,2620,2620,1317,30,8,1265,0,69,55638,55638,42732,538,100,12267,0,TX,TX,Inf,-Inf,0
"BILLINGS, MONT",1976,1419,1419,799,128,177,315,0,27,26262,26262,18308,2042,1981,3931,0,MT,MT,1971,5,1
"BILOXI-GULFPORT, MISS",1976,883,883,810,12,10,51,0,2,19969,19969,19050,196,113,611,0,MS,MS,Inf,-Inf,0
"BINGHAMTON, NY-PA",1976,615,615,523,32,0,60,0,5,19424,19424,17971,524,0,930,0,NY-PA,NY,1975,1,1
"BIRMINGHAM, ALA",1976,5130,5130,3760,62,29,1279,0,82,121784,121784,103606,964,287,16928,0,AL,AL,Inf,-Inf,0
"BLOOMINGTON, IND",1976,270,270,225,0,45,0,0,0,9013,9013,8298,0,715,0,0,IN,IN,1972,4,1
"BLOOMINGTON-NORMAL, ILL",1976,1408,1408,749,38,55,566,0,38,36285,36285,27097,844,943,7400,0,IL,IL,Inf,-Inf,0
"BOISE CITY, IDAHO",1976,2949,2949,2267,314,193,175,0,18,89587,89587,78253,6219,2923,2193,0,ID,ID,Inf,-Inf,0
"BOSTON, MASS",1976,6579,6579,3845,324,96,2314,0,111,174547,174547,123249,5385,2121,43793,0,MA,MA,1977,-1,0
"BRIDGEPORT, CONN",1976,1560,1560,984,276,31,269,0,15,47898,47898,38372,6182,633,2711,0,CT,CT,1973,3,1
"BRISTOL, CONN",1976,238,238,219,0,13,6,0,1,7688,7688,7368,0,140,180,0,CT,CT,1973,3,1
"BROCKTON, MASS",1976,655,655,407,10,0,238,0,5,12681,12681,10325,225,0,2131,0,MA,MA,1977,-1,0
"BROWNSVILLE-HARLINGEN-SAN BENITO, TEX",1976,883,883,649,16,0,218,0,7,14689,14689,11717,132,0,2840,0,TX,TX,Inf,-Inf,0
"BRYAN-COLLEGE STATION, TEX",1976,1732,1732,507,472,301,452,0,37,30254,30254,15136,7050,3692,4375,0,TX,TX,Inf,-Inf,0
"BUFFALO, NY",1976,3819,3819,2635,106,48,1030,0,59,97619,97619,81047,1899,579,14094,0,NY,NY,1975,1,1
"BURLINGTON, NC",1976,380,380,380,0,0,0,0,0,11738,11738,11738,0,0,0,0,NC,NC,1971,5,1
"CANTON, OHIO",1976,1901,1901,1360,166,88,287,0,26,54808,54808,47068,2829,1385,3527,0,OH,OH,Inf,-Inf,0
"CEDAR RAPIDS, IOWA",1976,1492,1492,913,40,120,419,0,30,29627,29627,21881,721,1562,5462,0,IA,IA,Inf,-Inf,0
"CHAMPAIGN-URBANA-RANTOUL, ILL",1976,1332,1332,449,24,40,819,0,50,22920,22920,13007,406,622,8884,0,IL,IL,Inf,-Inf,0
"CHARLESTON-NORTH CHARLESTON, SC",1976,2970,2970,2434,18,103,415,0,47,76942,76942,67453,219,1739,7530,0,SC,SC,Inf,-Inf,0
"CHARLESTON, WVA",1976,902,902,431,6,65,400,0,27,18074,18074,12659,71,863,4481,0,WV,WV,Inf,-Inf,0
"CHARLOTTE-GASTONIA, NC",1976,3680,3516,3273,34,9,200,164,12,104732,101734,99193,538,52,1952,2998,NC,NC,1971,5,1
"CHATTANOOGA, TENN-GA",1976,2585,2585,1903,84,12,586,0,14,48334,48334,39482,931,208,7713,0,TN-GA,TN,1991,-15,0
"CHICAGO, ILL",1976,36538,36538,24017,716,1078,10727,0,707,1153153,1153153,933222,17143,19995,182794,0,IL,IL,Inf,-Inf,0
"CINCINNATI, OHIO-KY-IND",1976,8059,8059,5343,184,172,2360,0,199,206305,206305,172610,3763,2893,27039,0,OH-KY-IN,OH,1972,4,1
"CLARKSVILLE-HOPKINSVILLE, TENN-KY",1976,1156,1156,835,20,113,188,0,16,26390,26390,22986,290,754,2360,0,TN-KY,TN,Inf,-Inf,0
"CLEVELAND, OHIO",1976,6890,6890,5071,168,77,1574,0,66,275166,275166,239199,4943,1558,29466,0,OH,OH,Inf,-Inf,0
"COLORADO SPRINGS, COLO",1976,1381,1381,1373,8,0,0,0,0,33808,33808,33656,152,0,0,0,CO,CO,Inf,-Inf,0
"COLUMBIA, MO",1976,491,491,161,88,52,190,0,23,10283,10283,5942,1584,601,2157,0,MO,MO,Inf,-Inf,0
"COLUMBIA, SC",1976,2692,2614,2200,38,96,280,78,19,99527,98505,92207,717,2123,3458,1022,SC,SC,Inf,-Inf,0
"COLUMBUS, GA-ALA",1976,1127,1127,675,50,14,388,0,29,26998,26998,22684,647,201,3465,0,GA-AL,GA,1991,-15,0
"COLUMBUS, OHIO",1976,6280,6280,3890,308,249,1833,0,107,186303,186303,148214,7203,3336,27550,0,OH,OH,Inf,-Inf,0
"CORPUS CHRISTI, TEX",1976,1791,1791,1069,50,34,638,0,77,36353,36353,29269,801,552,5732,0,TX,TX,Inf,-Inf,0
"DALLAS-FORT WORTH, TEX",1976,27240,27240,17129,434,88,9589,0,267,672452,672452,551547,11051,1620,108234,0,TX,TX,Inf,-Inf,0
"DANBURY, CONN",1976,1334,1334,896,14,12,412,0,13,37622,37622,32284,207,155,4976,0,CT,CT,1973,3,1
"DAVENPORT-ROCK ISLAND-MOLINE, IOWA-ILL",1976,3657,3657,1945,164,97,1451,0,94,87845,87845,61308,3220,1949,21369,0,IA-IL,IA,Inf,-Inf,0
"DAYTON, OHIO",1976,4540,4540,2920,156,593,871,0,76,114567,114567,92071,2609,7098,12789,0,OH,OH,Inf,-Inf,0
"DAYTONA BEACH, FLA",1976,2505,2505,2285,148,16,56,0,8,60883,60883,57552,2495,192,644,0,FL,FL,Inf,-Inf,0
"DECATUR, ILL",1976,917,917,623,2,0,292,0,17,31260,31260,26624,34,0,4602,0,IL,IL,Inf,-Inf,0
"DENVER-BOULDER, COLO",1976,14819,14769,11722,270,413,2364,50,166,431146,429891,383880,5959,7828,32224,1255,CO,CO,Inf,-Inf,0
"DES MOINES, IOWA",1976,3852,3852,1657,226,68,1901,0,91,97670,97670,57248,5405,1438,33580,0,IA,IA,Inf,-Inf,0
"DETROIT, MICH",1976,18214,18214,13070,80,300,4764,0,228,586039,586039,487264,1390,6662,90723,0,MI,MI,Inf,-Inf,0
"DUBUQUE, IOWA",1976,414,414,221,0,47,146,0,13,8510,8510,6362,0,682,1466,0,IA,IA,Inf,-Inf,0
"DULUTH-SUPERIOR, MINN-WIS",1976,1497,1497,1088,20,7,382,0,11,33101,33101,28323,262,93,4423,0,MN-WI,MN,1972,4,1
"EAU CLAIRE, WIS",1976,1389,1389,829,116,22,422,0,21,34932,34932,26131,2346,360,6094,0,WI,WI,1972,4,1
"EL PASO, TEX",1976,3401,3401,2708,192,76,425,0,48,84334,84334,74104,4292,1408,4530,0,TX,TX,Inf,-Inf,0
"ELMIRA, NY",1976,205,205,197,4,4,0,0,0,6536,6536,6424,56,55,0,0,NY,NY,1975,1,1
"ERIE, PA",1976,1209,1209,858,16,44,291,0,17,25037,25037,20954,266,478,3339,0,PA,PA,Inf,-Inf,0
"EUGENE-SPRINGFIELD, OREG",1976,2926,2926,1918,354,63,591,0,42,78948,78948,61780,7348,972,8849,0,OR,OR,Inf,-Inf,0
"EVANSVILLE, IND-KY",1976,2162,2162,1357,28,20,757,0,64,51860,51860,43766,454,387,7253,0,IN-KY,IN,1972,4,1
"FALL RIVER, MASS-RI",1976,392,392,374,8,0,10,0,2,12239,12239,12109,60,0,70,0,MA-RI,MA,1977,-1,0
"FARGO-MOORHEAD, ND-MN",1976,2199,2199,766,142,32,1259,0,64,57384,57384,32451,3886,625,20422,0,ND-MN,ND,1973,3,1
"FAYETTEVILLE, NC",1976,566,566,408,2,4,152,0,4,13720,13720,12088,29,40,1563,0,NC,NC,1971,5,1
"FAYETTEVILLE-SPRINGDALE, ARK",1976,1206,1206,894,108,60,144,0,15,24822,24822,21444,1581,519,1279,0,AR,AR,Inf,-Inf,0
"FITCHBURG-LEOMINSTER, MASS",1976,268,268,264,4,0,0,0,0,5727,5727,5636,91,0,0,0,MA,MA,1977,-1,0
"FLINT, MICH",1976,1861,1861,1447,8,8,398,0,8,47302,47302,40549,248,96,6409,0,MI,MI,Inf,-Inf,0
"FLORENCE, ALA",1976,533,533,406,6,16,105,0,15,9751,9751,8665,75,148,863,0,AL,AL,Inf,-Inf,0
"FORT COLLINS, COLO",1976,2414,2414,2013,174,56,171,0,7,66142,66142,59803,3313,828,2197,0,CO,CO,Inf,-Inf,0
"FORT LAUDERDALE-HOLLYWOOD, FLA",1976,8266,8266,4828,462,215,2761,0,139,247201,247201,177620,10058,4401,55122,0,FL,FL,Inf,-Inf,0
"FORT MEYERS-CAPE CORAL, FLA",1976,3270,3270,2330,208,74,658,0,35,96452,96452,74512,4120,1892,15928,0,FL,FL,Inf,-Inf,0
"FORT SMITH, ARK-OKLA",1976,1233,1233,716,112,107,298,0,25,30519,30519,24106,2074,1466,2874,0,AR-OK,AR,Inf,-Inf,0
"FORT WAYNE, IND",1976,2381,2381,2110,26,0,245,0,30,74154,74154,69983,380,0,3790,0,IN,IN,1972,4,1
"FRESNO, CALIF",1976,6829,6829,3551,178,654,2446,0,328,131931,131931,94013,3452,7611,26855,0,CA,CA,1970,6,1
"GADSDEN, ALA",1976,180,180,74,2,4,100,0,1,3232,3232,1807,20,33,1372,0,AL,AL,Inf,-Inf,0
"GAINESVILLE, FLA",1976,2054,2054,1055,36,64,899,0,22,41686,41686,30646,603,752,9685,0,FL,FL,Inf,-Inf,0
"GALVESTON-TEXAS CITY, TEX",1976,1141,1141,807,14,33,287,0,9,27519,27519,24178,166,220,2955,0,TX,TX,Inf,-Inf,0
"GARY-HAMMOND-EAST CHICAGO, IND",1976,4971,4971,3164,212,334,1261,0,95,138619,138619,112346,3581,5993,16699,0,IN,IN,1972,4,1
"GRAND RAPIDS, MICH",1976,3811,3811,2325,274,65,1147,0,74,94791,94791,74150,4848,1129,14664,0,MI,MI,Inf,-Inf,0
"GREAT FALLS, MONT",1976,523,523,224,8,11,280,0,20,9679,9679,6017,139,183,3340,0,MT,MT,1971,5,1
"GREELEY, COLO",1976,1241,1241,903,20,55,263,0,12,29538,29538,25360,597,1069,2512,0,CO,CO,Inf,-Inf,0
"GREEN BAY, WIS",1976,1661,1661,861,262,36,502,0,19,41514,41514,29875,5274,433,5932,0,WI,WI,1972,4,1
"GREENSBORO-WINSTON-SALEM-HIGH POINT, NC",1976,4119,3735,3197,58,82,398,384,43,113188,102593,97096,735,1090,3673,10595,NC,NC,1971,5,1
"GREENVILLE-SPARTANBURG, SC",1976,3576,3576,3008,120,24,424,0,41,94007,94007,86403,1607,293,5705,0,SC,SC,Inf,-Inf,0
"HAMILTON-MIDDLETOWN, OHIO",1976,2415,2415,2014,10,66,325,0,43,67042,67042,60668,158,652,5565,0,OH,OH,Inf,-Inf,0
"HARRISBURG, PA",1976,2337,2337,1444,28,40,825,0,41,60806,60806,45391,610,510,14294,0,PA,PA,Inf,-Inf,0
"HARTFORD, CONN",1976,3309,3309,2317,110,111,771,0,40,82338,82338,66567,2060,2210,11501,0,CT,CT,1973,3,1
"HONOLULU, HAWAII",1976,5872,4525,1327,56,140,3002,1347,68,196057,151071,49726,1556,4108,95680,44986,HI,HI,1974,2,1
"HOUSTON, TEX",1976,25725,25725,7993,162,112,17458,0,1260,451121,451121,301696,3684,1964,143777,0,TX,TX,Inf,-Inf,0
"HUNTINGTON-ASHLAND, WVA-KY-OHIO",1976,600,600,482,6,22,90,0,12,12592,12592,11213,55,278,1046,0,WV-KY-OH,WV,Inf,-Inf,0
"HUNTSVILLE, ALA",1976,1519,1519,997,8,27,487,0,47,29292,29292,23612,118,297,5265,0,AL,AL,Inf,-Inf,0
"INDIANAPOLIS, IND",1976,7790,7790,4769,74,20,2927,0,171,216081,216081,181218,1115,615,33133,0,IN,IN,1972,4,1
"JACKSON, MICH",1976,916,916,612,36,18,250,0,4,18997,18997,14511,476,272,3738,0,MI,MI,Inf,-Inf,0
"JACKSON, MISS",1976,1608,1608,1184,24,26,374,0,52,40908,40908,35483,512,477,4437,0,MS,MS,Inf,-Inf,0
"JACKSONVILLE, FLA",1976,4604,4306,3843,20,35,408,298,35,117352,110076,104652,263,525,4636,7276,FL,FL,Inf,-Inf,0
"JERSEY CITY, NJ",1976,1136,1136,324,260,8,544,0,16,19836,19836,6497,3750,125,9464,0,NJ,NJ,1989,-13,0
"JOHNSON CITY-KINGSPORT-BRISTOL, TENN-VA",1976,974,974,893,18,18,45,0,4,26339,26339,25274,232,290,544,0,TN-VA,TN,1973,3,1
"JOHNSTOWN, PA",1976,751,751,459,46,35,211,0,4,19127,19127,14425,763,499,3440,0,PA,PA,Inf,-Inf,0
"KALAMAZOO-PORTAGE, MICH",1976,1972,1972,937,34,75,926,0,34,47816,47816,32420,708,1342,13346,0,MI,MI,Inf,-Inf,0
"KANKAKEE, ILL",1976,612,612,417,22,32,141,0,19,13140,13140,9933,467,731,2008,0,IL,IL,Inf,-Inf,0
"KANSAS CITY, MO-KANS",1976,8481,8481,6756,490,463,772,0,33,245941,245941,216331,10446,7796,11368,0,MO-KS,MO,Inf,-Inf,0
"KENOSHA, WIS",1976,941,941,458,70,7,406,0,21,22339,22339,15445,1444,119,5330,0,WI,WI,1972,4,1
"KILLEEN-TEMPLE, TEX",1976,2238,2238,940,52,139,1107,0,77,41508,41508,29170,1103,1531,9703,0,TX,TX,Inf,-Inf,0
"KNOXVILLE, TENN",1976,2700,2700,2059,24,42,575,0,37,62379,62379,54449,310,470,7150,0,TN,TN,Inf,-Inf,0
"LACROSSE, WIS",1976,946,946,418,48,19,461,0,41,21382,21382,14822,789,264,5507,0,WI,WI,1972,4,1
"LAFAYETTE, LA",1976,1196,1196,1067,4,20,105,0,3,31818,31818,30047,59,130,1582,0,LA,LA,Inf,-Inf,0
"LAFAYETTE-WEST LAFAYETTE, IND",1976,647,647,461,38,26,122,0,13,17225,17225,15120,732,333,1041,0,IN,IN,1972,4,1
"LAKE CHARLES, LA",1976,484,456,350,4,0,102,28,8,14094,13508,12200,52,0,1256,586,LA,LA,Inf,-Inf,0
"LAKELAND-WINTER HAVEN, FLA",1976,678,678,442,128,13,95,0,11,11517,11517,8686,1592,133,1106,0,FL,FL,Inf,-Inf,0
"LANCASTER, PA",1976,1684,1684,1383,16,8,277,0,11,47326,47326,43097,323,137,3770,0,PA,PA,Inf,-Inf,0
"LANSING-EAST LANSING, MICH",1976,2509,2509,1620,136,55,698,0,28,65749,65749,52967,3563,1222,7996,0,MI,MI,Inf,-Inf,0
"LAREDO, TEX",1976,527,527,432,0,0,95,0,1,8811,8811,7961,0,0,850,0,TX,TX,Inf,-Inf,0
"LAS VEGAS, NEV",1976,7948,7948,4764,50,321,2813,0,271,249884,249884,189809,668,7408,51998,0,NV,NV,Inf,-Inf,0
"LAWRENCE-HAVERHILL, MASS-NH",1976,1038,1038,926,52,0,60,0,3,30087,30087,28931,841,0,315,0,MA-NH,MA,1977,-1,0
"LAWTON, OKLA",1976,525,525,519,6,0,0,0,0,14420,14420,14355,65,0,0,0,OK,OK,Inf,-Inf,0
"LEWISTON-AUBURN, MAINE",1976,295,295,146,2,24,123,0,4,7579,7579,4407,30,440,2702,0,MN,MN,1973,3,1
"LEXINGTON-FAYETTE, KY",1976,3516,3516,2131,244,129,1012,0,76,87170,87170,68428,4943,2292,11508,0,KY,KY,Inf,-Inf,0
"LIMA, OHIO",1976,1168,1168,540,26,46,556,0,29,28056,28056,18715,538,667,8136,0,OH,OH,Inf,-Inf,0
"LINCOLN, NEBR",1976,2402,2402,1630,52,155,565,0,55,32218,32218,24206,542,1206,6264,0,NE,NE,Inf,-Inf,0
"LITTLE ROCK-NORTH LITTLE ROCK, ARK",1976,1987,1987,1465,42,38,442,0,17,60136,60136,52406,726,744,6260,0,AR,AR,Inf,-Inf,0
"LONG BRANCH-ASBURY PARK, NJ",1976,2220,2220,1836,0,8,376,0,33,64245,64245,59070,0,264,4910,0,NJ,NJ,1989,-13,0
"LONGVIEW, TEX",1976,927,927,585,90,14,238,0,11,27740,27740,22878,2027,314,2521,0,TX,TX,Inf,-Inf,0
"LORAIN-ELYRIA, OHIO",1976,1804,1804,1362,68,52,322,0,31,53860,53860,47186,1488,1818,3367,0,OH,OH,Inf,-Inf,0
"LOS ANGELES-LONG BEACH, CALIF",1976,29266,29266,14259,582,1491,12934,0,882,1045866,1045866,668948,16994,37984,321939,0,CA,CA,1970,6,1
"LOUISVILLE, KY-IND",1976,4437,4437,3952,20,23,442,0,26,131171,131171,124070,355,206,6540,0,KY-IN,KY,1972,4,1
"LOWELL, MASS-NH",1976,766,766,506,20,0,240,0,8,17886,17886,13880,356,0,3650,0,MA-NH,MA,1977,-1,0
"LUBBOCK, TEX",1976,2045,2045,1211,90,32,712,0,69,55517,55517,45724,2346,377,7070,0,TX,TX,Inf,-Inf,0
"LYNCHBURG, VA",1976,779,779,741,16,4,18,0,1,23115,23115,22559,186,50,320,0,VA,VA,1973,3,1
"MACON, GA",1976,1357,1257,1075,8,36,138,100,16,27644,25408,24016,91,331,971,2236,GA,GA,1991,-15,0
"MADISON, WIS",1976,3370,3370,2171,448,65,686,0,54,90465,90465,71128,9433,1060,8844,0,WI,WI,1972,4,1
"MANCHESTER, NH",1976,1171,1171,962,22,4,183,0,5,37209,37209,33747,331,33,3098,0,NH,NH,Inf,-Inf,0
"MANSFIELD, OHIO",1976,760,760,465,48,15,232,0,18,18229,18229,14407,905,250,2668,0,OH,OH,Inf,-Inf,0
"MCALLEN-PHARR-EDINBURG, TEX",1976,1639,1639,1251,58,66,264,0,20,33918,33918,29809,949,833,2328,0,TX,TX,Inf,-Inf,0
"MELBOURNE-TITUSVILLE-COCOA, FLA",1976,1685,1685,1477,26,24,158,0,13,58441,58441,54150,687,559,3046,0,FL,FL,Inf,-Inf,0
"MEMPHIS, TENN-ARK-MISS",1976,4210,4210,4148,14,4,44,0,1,138505,138505,137713,194,44,555,0,TN-AR-MS,TN,Inf,-Inf,0
"MERIDEN, CONN",1976,161,161,58,6,0,97,0,3,2310,2310,1309,84,0,917,0,CT,CT,1973,3,1
"MIAMI, FLA",1976,8848,8697,5690,708,256,2043,151,108,269147,265363,209436,13329,6065,36532,3784,FL,FL,Inf,-Inf,0
"MIDLAND, TEX",1976,1132,1132,386,36,3,707,0,6,24238,24238,15698,834,35,7671,0,TX,TX,Inf,-Inf,0
"MILWAUKEE, WIS",1976,10021,10021,5349,664,171,3837,0,192,286052,286052,208063,14612,3455,59921,0,WI,WI,1972,4,1
"MINNEAPOLIS-ST PAUL, MN-WI",1976,14051,14051,10919,710,100,2322,0,42,492455,492455,419127,16874,1990,54464,0,MN-WI,MN,1972,4,1
"MOBILE, ALA",1976,2253,2138,1365,16,32,725,115,68,35478,34257,25271,149,313,8524,1221,AL,AL,Inf,-Inf,0
"MODESTO, CALIF",1976,3876,3876,2916,320,287,353,0,35,109133,109133,91157,6620,5398,5957,0,CA,CA,1970,6,1
"MONROE, LA",1976,240,240,202,2,36,0,0,0,7279,7279,6814,45,420,0,0,LA,LA,Inf,-Inf,0
"MONTGOMERY, ALA",1976,1944,1944,1364,2,10,568,0,50,41017,41017,34838,14,335,5831,0,AL,AL,Inf,-Inf,0
"MUNCIE, IND",1976,404,404,360,36,0,8,0,1,11754,11754,11117,527,0,110,0,IN,IN,1972,4,1
"MUSKEGON-NORTON SHORES-MUSKEGON HEIGHTS, MICH",1976,1163,1163,662,36,24,441,0,12,22008,22008,16471,431,360,4745,0,MI,MI,Inf,-Inf,0
"NASHUA, NH",1976,1144,1144,1008,60,0,76,0,9,39064,39064,36408,1041,0,1615,0,NH,NH,Inf,-Inf,0
"NASHVILLE-DAVIDSON, TENN",1976,5180,5060,2909,300,38,1813,120,30,101831,98381,71364,3864,405,22748,3450,TN,TN,Inf,-Inf,0
"NEW YORK, NY-NJ",1976,16055,16055,11553,2078,316,2108,0,129,391031,391031,303166,40689,5306,41871,0,NY-NJ,NY,1975,1,1
"NEW BEDFORD, MASS",1976,512,512,440,4,0,68,0,4,13317,13317,12051,66,0,1200,0,MA,MA,1977,-1,0
"NEW BRITAIN, CONN",1976,560,560,363,38,6,153,0,3,9667,9667,7318,541,88,1720,0,CT,CT,1973,3,1
"NEW BRUNSWICK-PERTH AMBOY-SAYREVILLE, NJ",1976,3188,3188,1412,48,4,1724,0,79,60662,60662,38259,790,54,21559,0,NJ,NJ,1989,-13,0
"NEW HAVEN-WEST HAVEN, CONN",1976,1515,1515,1073,30,92,320,0,10,33861,33861,29116,490,1321,2933,0,CT,CT,1973,3,1
"NEW LONDON-GROTON-NORWICH, CONN",1976,878,878,796,12,12,58,0,8,24668,24668,23410,257,165,836,0,CT,CT,1973,3,1
"NEW ORLEANS, LA",1976,6702,6702,4964,618,575,545,0,25,195381,195381,169031,10681,9794,5875,0,LA,LA,Inf,-Inf,0
"NEWARK, NJ",1976,5815,5815,3250,206,15,2344,0,128,166878,166878,117852,3748,402,44876,0,NJ,NJ,1989,-13,0
"NEWPORT NEWS-HAMPTON, VA",1976,1745,1745,1240,8,12,485,0,49,48094,48094,42676,92,175,5150,0,VA,VA,1973,3,1
"NORFOLK-VIRGINIA BEACH-PORTSMOUTH, VA-NC",1976,7016,6156,4086,208,157,1705,860,221,212863,186489,148195,3985,4027,30282,26374,VA-NC,VA,1971,5,1
"NORTHEAST PENNSYLVANIA, PA",1976,2497,2497,1668,16,20,793,0,8,56477,56477,41784,173,235,14285,0,PA,PA,Inf,-Inf,0
"NORWALK, CONN",1976,680,680,407,16,0,257,0,26,25505,25505,21153,283,0,4070,0,CT,CT,1973,3,1
"ODESSA, TEX",1976,1101,1101,519,38,0,544,0,11,26473,26473,19166,1274,0,6033,0,TX,TX,Inf,-Inf,0
"OKLAHOMA CITY, OKLA",1976,5384,5384,4838,154,24,368,0,19,171144,171144,163028,3634,325,4157,0,OK,OK,Inf,-Inf,0
"OMAHA, NEBR-IOWA",1976,3269,3269,2930,100,3,236,0,5,51975,51975,47884,1704,12,2375,0,NE-IA,NE,Inf,-Inf,0
"ORLANDO, FLA",1976,3875,3875,3435,38,20,382,0,32,90131,90131,86022,512,243,3353,0,FL,FL,Inf,-Inf,0
"OWENSBORO, KY",1976,686,686,388,48,28,222,0,26,13452,13452,10175,540,284,2452,0,KY,KY,Inf,-Inf,0
"OXNARD-SIMI VALLEY- VENTURA, CALIF",1976,8537,8537,6022,248,701,1566,0,153,316614,316614,262829,5016,16041,32728,0,CA,CA,1970,6,1
"PARKERSBURG-MARIETTA, WVA-OHIO",1976,246,246,189,6,39,12,0,1,6157,6157,5575,90,432,60,0,WV-OH,WV,Inf,-Inf,0
"PASCAGOULA-MOSS POINT, MISS",1976,868,868,862,0,6,0,0,0,14239,14239,14196,0,43,0,0,MS,MS,Inf,-Inf,0
"PATERSON-CLIFTON-PASSAIC, NJ",1976,702,702,431,100,12,159,0,5,19253,19253,14195,2058,200,2800,0,NJ,NJ,1989,-13,0
"PENSACOLA, FLA",1976,1733,1733,1425,62,28,218,0,8,43653,43653,39671,639,319,3023,0,FL,FL,Inf,-Inf,0
"PEORIA, ILL",1976,4208,4208,2155,240,129,1684,0,102,112714,112714,79477,5194,2113,25930,0,IL,IL,Inf,-Inf,0
"PETERSBURG-COLONIAL HEIGHTS-HOPEWELL, VA",1976,849,849,732,22,95,0,0,0,18958,18958,17796,297,866,0,0,VA,VA,1973,3,1
"PHILADELPHIA, PA-NJ",1976,17516,17516,13307,466,106,3637,0,147,448321,448321,380860,6001,1450,60010,0,PA-NJ,PA,1989,-13,0
"PHOENIX, ARIZ",1976,13878,13878,11301,84,233,2260,0,87,307234,307234,277814,1344,2740,25336,0,AZ,AZ,Inf,-Inf,0
"PINE BLUFF, ARK",1976,77,77,65,0,0,12,0,1,1093,1093,993,0,0,100,0,AR,AR,Inf,-Inf,0
"PITTSBURGH, PA",1976,8149,8149,5634,134,121,2260,0,148,225529,225529,188835,1926,2395,32373,0,PA,PA,Inf,-Inf,0
"PITTSFIELD, MASS",1976,217,217,154,14,4,45,0,1,5043,5043,4328,185,30,500,0,MA,MA,1977,-1,0
"PORTLAND, MAINE",1976,901,901,582,18,39,262,0,9,23246,23246,18397,389,889,3570,0,MN,MN,1973,3,1
"PORTLAND, OREG-WASH",1976,15452,15452,10161,1056,1016,3219,0,305,418978,418978,339290,18656,16458,44573,0,OR-WA,OR,1971,5,1
"POUGHKEEPSIE, NY",1976,747,747,729,4,0,14,0,1,22522,22522,22336,48,0,138,0,NY,NY,1975,1,1
"PROVIDENCE-PAWTUCKET-WARWICK, RI-MASS",1976,4449,4449,2808,162,12,1467,0,35,94277,94277,73646,2440,154,18038,0,RI-MA,RI,1977,-1,0
"PROVO-OREM, UTAH",1976,3166,3166,1950,162,569,485,0,27,86503,86503,67087,3408,8890,7119,0,UT,UT,Inf,-Inf,0
"PUEBLO, COLO",1976,567,567,541,14,0,12,0,2,13902,13902,13589,213,0,100,0,CO,CO,Inf,-Inf,0
"RACINE, WIS",1976,1006,1006,583,60,28,335,0,19,28809,28809,22306,1098,329,5075,0,WI,WI,1972,4,1
"RALEIGH-DURHAM, NC",1976,3691,3649,3232,66,8,343,42,33,104303,103365,99002,707,59,3597,939,NC,NC,1971,5,1
"READING, PA",1976,1782,1782,1079,12,7,684,0,31,40633,40633,31587,112,102,8832,0,PA,PA,Inf,-Inf,0
"RENO, NEV",1976,4281,4281,2074,50,61,2096,0,175,115574,115574,79915,1115,866,33678,0,NV,NV,Inf,-Inf,0
"RICHLAND-KENNEWICK-PASCO, WASH",1976,3301,3301,1532,94,119,1556,0,99,81890,81890,55791,2212,2088,21799,0,WA,WA,1971,5,1
"RICHMOND, VA",1976,5334,5334,4495,52,24,763,0,51,116766,116766,106396,697,432,9241,0,VA,VA,1973,3,1
"RIVERSIDE-SAN BERNARDINO-ONTARIO, CALIF",1976,19789,19789,17170,404,683,1532,0,158,694200,694200,640989,10290,13739,29182,0,CA,CA,1970,6,1
"ROANOKE, VA",1976,1284,1284,1027,22,15,220,0,18,29838,29838,27486,260,162,1930,0,VA,VA,1973,3,1
"ROCHESTER, MINN",1976,809,809,592,6,44,167,0,10,28993,28993,23926,110,723,4234,0,MN,MN,1973,3,1
"ROCHESTER, NY",1976,2835,2835,2744,36,55,0,0,0,95343,95343,93559,613,1172,0,0,NY,NY,1975,1,1
"ROCKFORD, ILL",1976,2046,2046,1333,56,23,634,0,27,47985,47985,38981,1026,260,7718,0,IL,IL,Inf,-Inf,0
"SACRAMENTO, CALIF",1976,15692,15692,9350,2292,738,3312,0,283,322724,322724,236972,35406,10457,39889,0,CA,CA,1970,6,1
"SAGINAW, MICH",1976,1041,1041,776,122,8,135,0,3,27546,27546,24027,2081,108,1330,0,MI,MI,Inf,-Inf,0
"ST CLOUD, MINN",1976,1311,1311,809,10,0,492,0,23,31458,31458,24430,212,0,6816,0,MN,MN,1973,3,1
"JOSEPH, MO",1976,960,960,309,54,11,586,0,20,14911,14911,7114,621,290,6885,0,MO,MO,Inf,-Inf,0
"ST LOUIS, MO-ILL",1976,11712,11712,9361,262,272,1817,0,97,332001,332001,294518,5554,4978,26951,0,MO-IL,MO,Inf,-Inf,0
"SALEM, OREG",1976,3651,3651,2401,384,402,464,0,58,82283,82283,65116,5973,5446,5749,0,OR,OR,Inf,-Inf,0
"SALINAS-SEASIDE-MONTEREY, CALIF",1976,3301,2951,1512,80,220,1139,350,119,102696,90982,63503,2487,5664,19327,11714,CA,CA,1970,6,1
"SALT LAKE CITY-OGDEN, UTAH",1976,11597,11597,8498,744,613,1742,0,156,317188,317188,264752,15658,9565,27213,0,UT,UT,Inf,-Inf,0
"SAN ANGELO, TEX",1976,894,894,482,20,0,392,0,11,18691,18691,13154,440,0,5097,0,TX,TX,Inf,-Inf,0
"SAN ANTONIO, TEX",1976,3730,3581,2647,114,86,734,149,69,84155,80230,70283,1716,1348,6883,3925,TX,TX,Inf,-Inf,0
"SAN DIEGO, CALIF",1976,29105,29105,15644,830,1711,10920,0,960,940549,940549,650892,23985,49325,216348,0,CA,CA,1970,6,1
"SAN FRANCISCO-OAKLAND, CALIF",1976,16789,16789,12059,536,977,3217,0,252,696321,696321,564254,18077,27898,86091,0,CA,CA,1970,6,1
"SAN JOSE, CALIF",1976,13159,13159,9303,166,419,3271,0,310,464165,464165,387220,5664,11052,60230,0,CA,CA,1970,6,1
"SANTA BARBARA-SANTA MARIA-LOMPOC, CALIF",1976,2033,1931,1211,70,253,397,102,37,82920,79469,62842,2223,6060,8344,3451,CA,CA,1970,6,1
"SANTA CRUZ, CALIF",1976,2334,2334,1785,158,131,260,0,29,84090,84090,71831,4024,2964,5271,0,CA,CA,1970,6,1
"SANTA ROSA, CALIF",1976,3775,3775,3165,72,130,408,0,43,127479,127479,116544,1534,2570,6831,0,CA,CA,1970,6,1
"SARASOTA, FLA",1976,2221,2221,1990,46,40,145,0,15,57586,57586,53016,810,751,3008,0,FL,FL,Inf,-Inf,0
"SAVANNAH, GA",1976,1484,1484,1041,46,72,325,0,13,36291,36291,30599,631,1001,4059,0,GA,GA,1991,-15,0
"SEATTLE-EVERETT, WASH",1976,17377,17377,10433,344,650,5950,0,440,518804,518804,395706,7025,14498,101576,0,WA,WA,1971,5,1
"SHERMAN-DENISON, TEX",1976,172,172,150,22,0,0,0,0,4846,4846,4596,250,0,0,0,TX,TX,Inf,-Inf,0
"SHREVEPORT, LA",1976,2208,2208,984,0,4,1220,0,38,47744,47744,31331,0,42,16371,0,LA,LA,Inf,-Inf,0
"SIOUX CITY, IOWA-NEBR",1976,816,816,499,38,107,172,0,21,18005,18005,12869,558,1506,3072,0,IA-NE,IA,Inf,-Inf,0
"SIOUX FALLS, SDAK",1976,1514,1514,424,74,139,877,0,60,30282,30282,14119,1472,2415,12277,0,SD,SD,1974,2,1
"SOUTH BEND, IND",1976,1877,1877,1316,6,8,547,0,30,55986,55986,47841,82,100,7963,0,IN,IN,1972,4,1
"SPOKANE, WASH",1976,3720,3700,2307,486,172,735,20,63,118427,117600,93669,11787,2397,9747,827,WA,WA,1971,5,1
"SPRINGFIELD, ILL",1976,970,970,600,62,101,207,0,21,28555,28555,20787,1425,2710,3634,0,IL,IL,Inf,-Inf,0
"SPRINGFIELD, MO",1976,2497,2497,1548,170,54,725,0,47,58848,58848,45442,2598,811,9998,0,MO,MO,Inf,-Inf,0
"SPRINGFIELD, OHIO",1976,712,712,315,6,31,360,0,15,16720,16720,10146,48,527,5999,0,OH,OH,Inf,-Inf,0
"SPRINGFIELD-CHICOPEE-HOLYOKE, MASS-CONN",1976,1646,1646,1087,44,12,503,0,12,43282,43282,30736,527,216,11803,0,MA-CT,MA,1973,3,1
"STAMFORD, CONN",1976,1014,1014,655,62,10,287,0,17,47702,47702,39476,1470,390,6367,0,CT,CT,1973,3,1
"STEUBENVILLE-WEIRTON, OHIO-WVA",1976,432,432,246,18,66,102,0,11,10848,10848,8361,345,812,1330,0,OH-WV,OH,Inf,-Inf,0
"STOCKTON, CALIF",1976,4368,4368,2247,638,348,1135,0,27,128921,128921,85323,17181,8320,18097,0,CA,CA,1970,6,1
"SYRACUSE, NY",1976,2093,2093,1583,60,53,397,0,29,50619,50619,44410,878,815,4517,0,NY,NY,1975,1,1
"TACOMA, WASH",1976,6070,6070,3121,620,398,1931,0,147,139329,139329,99467,12567,5775,21520,0,WA,WA,1971,5,1
"TALLAHASSEE, FLA",1976,1215,1215,974,74,28,139,0,10,34094,34094,31149,1184,270,1491,0,FL,FL,Inf,-Inf,0
"TAMPA-ST PETERSBURG, FLA",1976,8309,8309,6565,366,141,1237,0,87,197633,197633,167794,5183,2748,21908,0,FL,FL,Inf,-Inf,0
"TERRE HAUTE, IND",1976,135,135,129,6,0,0,0,0,3356,3356,3277,79,0,0,0,IN,IN,1972,4,1
"TEXARKANA, TEX-ARK",1976,391,391,185,14,0,192,0,33,7553,7553,4862,295,0,2396,0,TX-AR,TX,Inf,-Inf,0
"TOLEDO, OHIO-MICH",1976,4658,4658,2529,102,51,1976,0,77,110867,110867,88271,2280,1036,19280,0,OH-MI,OH,Inf,-Inf,0
"TOPEKA, KANS",1976,1344,1344,1025,62,69,188,0,7,41426,41426,35823,1716,1325,2562,0,KS,KS,Inf,-Inf,0
"TRENTON, NJ",1976,831,831,589,12,0,230,0,19,31166,31166,26968,344,0,3855,0,NJ,NJ,1989,-13,0
"TUCSON, ARIZ",1976,5470,5470,3605,106,75,1684,0,38,122702,122702,100736,1287,983,19696,0,AZ,AZ,Inf,-Inf,0
"TULSA, OKLA",1976,5392,5392,3594,198,186,1414,0,110,118116,118116,99260,4146,2665,12045,0,OK,OK,Inf,-Inf,0
"TUSCALOOSA, ALA",1976,1227,1227,668,0,174,385,0,37,22296,22296,16441,0,2142,3714,0,AL,AL,Inf,-Inf,0
"TYLER, TEX",1976,884,884,436,48,0,400,0,4,23723,23723,18321,1412,0,3990,0,TX,TX,Inf,-Inf,0
"UTICA-ROME, NY",1976,447,447,322,10,0,115,0,16,8058,8058,7369,79,0,610,0,NY,NY,1975,1,1
"VALLEJO-FAIRFIELD-NAPA, CALIF",1976,3972,3972,3578,82,81,231,0,16,137314,137314,129345,1981,2363,3625,0,CA,CA,1970,6,1
"VINELAND-MILLVILLE-BRIDGETON, NJ",1976,307,307,293,14,0,0,0,0,8694,8694,8464,231,0,0,0,NJ,NJ,1989,-13,0
"WACO, TEX",1976,895,895,582,38,4,271,0,8,23027,23027,19725,543,25,2734,0,TX,TX,Inf,-Inf,0
"WASHINGTON, DC-MD-VA",1976,17962,17750,13642,148,132,3828,212,105,520553,514398,442158,1899,3188,67152,6155,DC-MD-VA,DC,1973,3,1
"WATERBURY, CONN",1976,804,804,610,18,12,164,0,11,22780,22780,19410,356,199,2816,0,CT,CT,1973,3,1
"WATERLOO-CEDAR FALLS, IOWA",1976,1175,1175,615,118,72,370,0,20,30744,30744,21555,2851,1313,5024,0,IA,IA,Inf,-Inf,0
"WEST PALM BEACH-BOCA RATON, FLA",1976,6696,6696,3778,618,804,1496,0,108,207790,207790,142383,11649,14887,38872,0,FL,FL,Inf,-Inf,0
"WHEELING, WVA-OHIO",1976,139,139,131,0,0,8,0,1,4601,4601,4430,0,0,171,0,WV-OH,WV,Inf,-Inf,0
"WICHITA, KANS",1976,3898,3898,1736,426,333,1403,0,86,101383,101383,68726,10616,5933,16108,0,KS,KS,Inf,-Inf,0
"WICHITA FALLS, TEX",1976,871,871,573,2,0,296,0,3,15248,15248,12525,45,0,2678,0,TX,TX,Inf,-Inf,0
"WILLIAMSPORT, PA",1976,264,264,249,2,3,10,0,1,7953,7953,7833,40,10,70,0,PA,PA,Inf,-Inf,0
"WILMINGTON, DEL-NJ-MD",1976,2011,2011,1963,4,0,44,0,3,52493,52493,51964,55,0,474,0,DEL-NJ-MD,DE,1973,3,1
"WILMINGTON, NC",1976,766,766,749,12,0,5,0,1,20448,20448,20196,202,0,50,0,NC,NC,1971,5,1
"WORCESTER, MASS",1976,949,949,868,10,11,60,0,4,26830,26830,25508,169,242,911,0,MA,MA,1977,-1,0
"YAKIMA, WASH",1976,1295,1295,586,94,111,504,0,25,29674,29674,19348,1975,1674,6677,0,WA,WA,1971,5,1
"YORK, PA",1976,1816,1816,1443,14,66,293,0,18,48979,48979,43169,171,1357,4282,0,PA,PA,Inf,-Inf,0
"YOUNGSTOWN-WARREN, OHIO",1976,1997,1997,1351,36,49,561,0,60,50363,50363,42107,734,813,6710,0,OH,OH,Inf,-Inf,0
"ABILENE, TEX",1977,1143,1143,550,88,35,470,0,7,31419,31419,22236,2356,932,5896,0,TX,TX,Inf,-Inf,0
"AKRON, OHIO",1977,3945,3945,2396,256,120,1173,0,77,149593,149593,117874,6626,2416,22677,0,OH,OH,Inf,-Inf,0
"ALBANY, GA",1977,683,683,477,64,72,70,0,11,15731,15731,13515,771,563,882,0,GA,GA,1991,-14,0
"ALBANY-SCHENECTADY-TROY, NY",1977,2496,2496,1778,56,222,440,0,14,65523,65523,53308,1129,3258,7828,0,NY,NY,1975,2,1
"ALBUQUERQUE, NMEX",1977,7207,7207,3439,34,838,2896,0,78,181812,181812,130803,649,12005,38354,0,NM,NM,Inf,-Inf,0
"ALEXANDRIA, LA",1977,159,159,153,6,0,0,0,0,6161,6161,6068,93,0,0,0,LA,LA,Inf,-Inf,0
"ALLENTOWN-BETHLEHEM-EASTON, PA-NJ",1977,3792,3792,2666,72,39,1015,0,55,105481,105481,89126,1343,609,14403,0,PA-NJ,PA,1989,-12,0
"ALTOONA, PA",1977,726,726,434,8,52,232,0,11,17816,17816,12121,100,1215,4380,0,PA,PA,Inf,-Inf,0
"AMARILLO, TEX",1977,1766,1766,1532,136,34,64,0,5,71678,71678,66171,3899,662,947,0,TX,TX,Inf,-Inf,0
"ANAHEIM-SANTA ANA-GARDEN GROVE, CALIF",1977,27473,27473,15539,1268,2338,8328,0,771,1137940,1137940,844739,49943,63381,179877,0,CA,CA,1970,7,1
"ANCHORAGE, ALASKA",1977,4233,4233,1269,486,339,2139,0,207,146537,146537,63522,16085,9403,57527,0,AK,AK,Inf,-Inf,0
"ANDERSON, IND",1977,986,986,509,46,74,357,0,25,26802,26802,17686,647,1153,7315,0,IN,IN,1972,5,1
"ANN ARBOR, MICH",1977,1670,1670,1266,18,0,386,0,34,55749,55749,48267,357,0,7125,0,MI,MI,Inf,-Inf,0
"ANNISTON, ALA",1977,400,400,356,6,8,30,0,4,11031,11031,10536,50,95,350,0,AL,AL,Inf,-Inf,0
"APPLETON-OSHKOSH, WIS",1977,2697,2697,1911,250,146,390,0,18,79173,79173,66364,5346,2160,5304,0,WI,WI,1972,5,1
"ASHEVILLE, NC",1977,132,132,126,2,4,0,0,0,3688,3688,3593,30,65,0,0,NC,NC,1971,6,1
"ATLANTA, GA",1977,17891,17884,14995,76,43,2770,7,170,477169,476948,436159,1130,860,38799,222,GA,GA,1991,-14,0
"ATLANTIC CITY, NJ",1977,1044,1044,906,122,0,16,0,1,26805,26805,24218,2351,0,235,0,NJ,NJ,1989,-12,0
"AUGUSTA, GA-SC",1977,2707,2707,2529,30,16,132,0,1,58994,58994,56514,336,238,1907,0,GA-SC,GA,1991,-14,0
"AUSTIN, TEX",1977,4590,4590,2606,668,40,1276,0,35,156257,156257,118937,18444,752,18124,0,TX,TX,Inf,-Inf,0
"BAKERSFIELD, CALIF",1977,5119,5119,3237,446,460,976,0,121,136984,136984,105759,8835,8054,14336,0,CA,CA,1970,7,1
"BALTIMORE, MD",1977,15021,15021,11583,4,24,3410,0,119,439482,439482,390216,95,314,48857,0,MD,MD,1973,4,1
"BATON ROUGE, LA",1977,5109,5109,3981,306,57,765,0,18,108285,108285,94764,3637,840,9044,0,LA,LA,Inf,-Inf,0
"BATTLE CREEK, MICH",1977,845,845,554,4,20,267,0,16,20818,20818,17257,85,364,3112,0,MI,MI,Inf,-Inf,0
"BAY CITY, MICH",1977,527,527,525,2,0,0,0,0,16074,16074,16049,25,0,0,0,MI,MI,Inf,-Inf,0
"BEAUMONT-PORT ARTHUR-ORANGE, TEX",1977,2760,2760,1472,34,18,1236,0,80,80458,80458,60534,756,415,18753,0,TX,TX,Inf,-Inf,0
"BILLINGS, MONT",1977,1339,1339,953,146,51,189,0,23,26688,26688,21394,2311,688,2294,0,MT,MT,1971,6,1
"BILOXI-GULFPORT, MISS",1977,1178,1178,966,6,13,193,0,29,28191,28191,26340,98,120,1633,0,MS,MS,Inf,-Inf,0
"BINGHAMTON, NY-PA",1977,1027,1027,634,60,6,327,0,15,31121,31121,24416,1320,78,5307,0,NY-PA,NY,1975,2,1
"BIRMINGHAM, ALA",1977,6979,6979,4116,58,78,2727,0,176,148918,148918,121141,1169,1398,25210,0,AL,AL,Inf,-Inf,0
"BLOOMINGTON, IND",1977,244,244,229,6,4,5,0,1,8719,8719,8335,157,27,200,0,IN,IN,1972,5,1
"BLOOMINGTON-NORMAL, ILL",1977,1570,1570,970,28,93,479,0,34,46175,46175,36378,829,1712,7256,0,IL,IL,Inf,-Inf,0
"BOISE CITY, IDAHO",1977,4166,4166,2595,546,369,656,0,50,127363,127363,100230,11641,5734,9757,0,ID,ID,Inf,-Inf,0
"BOSTON, MASS",1977,8450,8450,4238,188,126,3898,0,112,218060,218060,145815,3799,3123,65323,0,MA,MA,1977,0,1
"BRADENTON, FLA",1977,2653,2653,1246,552,163,692,0,51,61196,61196,33516,8801,2834,16046,0,FL,FL,Inf,-Inf,0
"BRIDGEPORT, CONN",1977,1729,1729,1295,50,55,329,0,23,60673,60673,53580,1021,1081,4992,0,CT,CT,1973,4,1
"BRISTOL, CONN",1977,324,324,255,2,6,61,0,3,10110,10110,9315,40,105,650,0,CT,CT,1973,4,1
"BROCKTON, MASS",1977,645,645,461,2,4,178,0,10,17200,17200,14157,10,83,2950,0,MA,MA,1977,0,1
"BROWNSVILLE-HARLINGEN-SAN BENITO, TEX",1977,1204,1204,979,50,32,143,0,7,27594,27594,24458,590,467,2079,0,TX,TX,Inf,-Inf,0
"BRYAN-COLLEGE STATION, TEX",1977,2442,2442,750,104,124,1464,0,139,37880,37880,20558,1670,1543,14109,0,TX,TX,Inf,-Inf,0
"BUFFALO, NY",1977,3832,3832,2870,110,90,762,0,57,116649,116649,96785,2075,1813,15976,0,NY,NY,1975,2,1
"BURLINGTON, NC",1977,565,565,423,18,12,112,0,14,15862,15862,14347,343,170,1001,0,NC,NC,1971,6,1
"CANTON, OHIO",1977,3024,3024,1922,198,57,847,0,73,94585,94585,72881,4832,1852,15019,0,OH,OH,Inf,-Inf,0
"CEDAR RAPIDS, IOWA",1977,1755,1755,981,42,142,590,0,42,37922,37922,27434,563,2142,7783,0,IA,IA,Inf,-Inf,0
"CHAMPAIGN-URBANA-RANTOUL, ILL",1977,1617,1617,560,52,49,956,0,51,33244,33244,18407,702,672,13462,0,IL,IL,Inf,-Inf,0
"CHARLESTON-NORTH CHARLESTON, SC",1977,3632,3632,2606,6,92,928,0,117,92984,92984,78271,101,1065,13548,0,SC,SC,Inf,-Inf,0
"CHARLESTON, WVA",1977,924,924,551,14,20,339,0,16,26252,26252,18947,204,286,6815,0,WV,WV,Inf,-Inf,0
"CHARLOTTE-GASTONIA, NC",1977,4839,4666,3923,34,98,611,173,58,142486,136554,127559,671,1052,7272,5931,NC,NC,1971,6,1
"CHATTANOOGA, TENN-GA",1977,2562,2562,1831,92,26,613,0,26,50016,50016,41402,1257,296,7061,0,TN-GA,TN,1991,-14,0
"CHICAGO, ILL",1977,49222,49222,31892,1078,1409,14843,0,1113,1712283,1712283,1379941,29609,30895,271838,0,IL,IL,Inf,-Inf,0
"CINCINNATI, OHIO-KY-IND",1977,10431,10431,7005,192,217,3017,0,240,290991,290991,243115,3588,3268,41019,0,OH-KY-IN,OH,1972,5,1
"CLARKSVILLE-HOPKINSVILLE, TENN-KY",1977,833,833,726,28,42,37,0,5,24903,24903,23217,749,479,458,0,TN-KY,TN,Inf,-Inf,0
"CLEVELAND, OHIO",1977,10251,10251,6400,168,457,3226,0,123,399012,399012,321709,4940,11881,60482,0,OH,OH,Inf,-Inf,0
"COLORADO SPRINGS, COLO",1977,2585,2585,2547,16,0,22,0,3,71190,71190,70444,346,0,400,0,CO,CO,Inf,-Inf,0
"COLUMBIA, MO",1977,523,523,217,28,43,235,0,24,12581,12581,8915,570,502,2594,0,MO,MO,Inf,-Inf,0
"COLUMBIA, SC",1977,2719,2719,2405,8,76,230,0,24,112393,112393,108497,120,914,2862,0,SC,SC,Inf,-Inf,0
"COLUMBUS, GA-ALA",1977,1635,1635,857,18,31,729,0,38,43276,43276,33410,366,368,9132,0,GA-AL,GA,1991,-14,0
"COLUMBUS, OHIO",1977,8506,8506,5668,372,322,2144,0,174,282107,282107,231275,9374,5886,35571,0,OH,OH,Inf,-Inf,0
"CORPUS CHRISTI, TEX",1977,2624,2624,1634,22,78,890,0,72,66238,66238,52766,429,1598,11444,0,TX,TX,Inf,-Inf,0
"DALLAS-FORT WORTH, TEX",1977,44340,44340,23741,766,693,19140,0,609,1129937,1129937,871340,23263,12887,222447,0,TX,TX,Inf,-Inf,0
"DANBURY, CONN",1977,1227,1173,1029,18,26,100,54,4,47804,45651,43232,298,387,1734,2153,CT,CT,1973,4,1
"DAVENPORT-ROCK ISLAND-MOLINE, IOWA-ILL",1977,3449,3449,2133,122,140,1054,0,89,103762,103762,78370,3305,2841,19245,0,IA-IL,IA,Inf,-Inf,0
"DAYTON, OHIO",1977,5083,5083,3531,284,458,810,0,103,158434,158434,129809,6434,8977,13214,0,OH,OH,Inf,-Inf,0
"DAYTONA BEACH, FLA",1977,3407,3407,2957,208,164,78,0,8,80912,80912,73277,4049,2362,1223,0,FL,FL,Inf,-Inf,0
"DECATUR, ILL",1977,1155,1155,671,20,4,460,0,26,37005,37005,30127,453,53,6372,0,IL,IL,Inf,-Inf,0
"DENVER-BOULDER, COLO",1977,23055,23055,19243,334,562,2916,0,171,726493,726493,659267,8249,12138,46839,0,CO,CO,Inf,-Inf,0
"DES MOINES, IOWA",1977,3961,3961,1943,468,115,1435,0,66,118223,118223,73827,11221,2736,30439,0,IA,IA,Inf,-Inf,0
"DETROIT, MICH",1977,24672,24672,18200,106,471,5895,0,355,895387,895387,754541,2261,11286,127298,0,MI,MI,Inf,-Inf,0
"DUBUQUE, IOWA",1977,388,388,292,8,88,0,0,0,12871,12871,10816,191,1864,0,0,IA,IA,Inf,-Inf,0
"DULUTH-SUPERIOR, MINN-WIS",1977,2274,2274,1275,16,20,963,0,30,53851,53851,35620,227,2017,15987,0,MN-WI,MN,1972,5,1
"EAU CLAIRE, WIS",1977,1567,1567,1011,150,91,315,0,25,45994,45994,36074,3311,1602,5006,0,WI,WI,1972,5,1
"EL PASO, TEX",1977,4555,4555,3463,184,166,742,0,81,121232,121232,104904,4325,3727,8277,0,TX,TX,Inf,-Inf,0
"ELMIRA, NY",1977,339,339,331,2,6,0,0,0,14141,14141,14010,35,96,0,0,NY,NY,1975,2,1
"ERIE, PA",1977,1637,1637,1061,28,91,457,0,19,35446,35446,28055,494,1010,5886,0,PA,PA,Inf,-Inf,0
"EUGENE-SPRINGFIELD, OREG",1977,4274,4274,2707,636,131,800,0,37,121320,121320,90967,14613,2211,13528,0,OR,OR,Inf,-Inf,0
"EVANSVILLE, IND-KY",1977,2953,2953,1460,36,19,1438,0,131,63887,63887,49479,705,279,13424,0,IN-KY,IN,1972,5,1
"FALL RIVER, MASS-RI",1977,458,458,452,2,4,0,0,0,14367,14367,14312,25,30,0,0,MA-RI,MA,1977,0,1
"FARGO-MOORHEAD, ND-MN",1977,2051,2001,797,136,48,1020,50,73,62298,59734,36420,3797,1101,18417,2564,ND-MN,ND,1973,4,1
"FAYETTEVILLE, NC",1977,457,457,396,0,4,57,0,6,13836,13836,12860,0,160,816,0,NC,NC,1971,6,1
"FAYETTEVILLE-SPRINGDALE, ARK",1977,1934,1934,1091,190,231,422,0,46,39983,39983,30726,2663,2295,4300,0,AR,AR,Inf,-Inf,0
"FITCHBURG-LEOMINSTER, MASS",1977,421,421,411,0,4,6,0,1,8490,8490,8410,0,32,48,0,MA,MA,1977,0,1
"FLINT, MICH",1977,3282,3282,2067,8,60,1147,0,42,80011,80011,65604,283,1169,12955,0,MI,MI,Inf,-Inf,0
"FLORENCE, ALA",1977,1127,1127,469,190,17,451,0,50,17439,17439,11996,1291,136,4016,0,AL,AL,Inf,-Inf,0
"FORT COLLINS, COLO",1977,3553,3553,2694,194,145,520,0,44,103207,103207,87698,4163,3008,8338,0,CO,CO,Inf,-Inf,0
"FORT LAUDERDALE-HOLLYWOOD, FLA",1977,13937,13937,7139,376,270,6152,0,252,402744,402744,265960,9001,6476,121306,0,FL,FL,Inf,-Inf,0
"FORT MEYERS-CAPE CORAL, FLA",1977,6564,6564,3361,498,108,2597,0,148,174313,174313,105171,11343,2912,54887,0,FL,FL,Inf,-Inf,0
"FORT SMITH, ARK-OKLA",1977,1755,1755,736,142,104,773,0,33,42979,42979,30854,2951,1554,7620,0,AR-OK,AR,Inf,-Inf,0
"FORT WAYNE, IND",1977,2793,2793,2469,82,46,196,0,21,107637,107637,102106,1809,1103,2619,0,IN,IN,1972,5,1
"FRESNO, CALIF",1977,6347,6347,3736,318,385,1908,0,245,174997,174997,130851,6078,7060,31009,0,CA,CA,1970,7,1
"GADSDEN, ALA",1977,372,372,115,0,4,253,0,34,4830,4830,2963,0,50,1817,0,AL,AL,Inf,-Inf,0
"GAINESVILLE, FLA",1977,1957,1957,1167,114,15,661,0,31,44568,44568,34081,2072,218,8197,0,FL,FL,Inf,-Inf,0
"GALVESTON-TEXAS CITY, TEX",1977,1443,1443,759,16,0,668,0,44,35532,35532,27888,281,0,7364,0,TX,TX,Inf,-Inf,0
"GARY-HAMMOND-EAST CHICAGO, IND",1977,5814,5814,3553,254,415,1592,0,102,178497,178497,139086,5489,10628,23293,0,IN,IN,1972,5,1
"GRAND FORKS, ND-MN",1977,1507,1457,568,86,36,767,50,48,36238,33633,19593,2092,725,11223,2605,ND-MN,ND,1973,4,1
"GRAND RAPIDS, MICH",1977,4563,4563,2775,280,58,1450,0,97,123106,123106,99326,5432,905,17443,0,MI,MI,Inf,-Inf,0
"GREAT FALLS, MONT",1977,716,716,225,18,87,386,0,26,15189,15189,6343,381,1287,7179,0,MT,MT,1971,6,1
"GREELEY, COLO",1977,1625,1625,1266,32,74,253,0,20,43048,43048,37060,790,1354,3843,0,CO,CO,Inf,-Inf,0
"GREEN BAY, WIS",1977,1784,1784,1187,302,60,235,0,20,58389,58389,47560,7216,826,2788,0,WI,WI,1972,5,1
"GREENSBORO-WINSTON-SALEM-HIGH POINT, NC",1977,5208,5208,3982,56,95,1075,0,94,143052,143052,129648,624,1274,11506,0,NC,NC,1971,6,1
"GREENVILLE-SPARTANBURG, SC",1977,4271,4271,3367,110,79,715,0,58,115324,115324,104331,1554,820,8619,0,SC,SC,Inf,-Inf,0
"HAMILTON-MIDDLETOWN, OHIO",1977,2866,2866,2370,78,31,387,0,28,84645,84645,77007,1793,364,5481,0,OH,OH,Inf,-Inf,0
"HARRISBURG, PA",1977,3315,3315,1831,64,71,1349,0,78,84721,84721,60413,1179,1104,22027,0,PA,PA,Inf,-Inf,0
"HARTFORD, CONN",1977,3654,3654,2674,130,214,636,0,25,96196,96196,81830,2721,3630,8014,0,CT,CT,1973,4,1
"HONOLULU, HAWAII",1977,4677,4677,2199,80,86,2312,0,51,166440,166440,80776,2418,3062,80185,0,HI,HI,1974,3,1
"HOUSTON, TEX",1977,33821,33821,9388,258,84,24091,0,1920,675838,675838,404112,5538,2375,263813,0,TX,TX,Inf,-Inf,0
"HUNTINGTON-ASHLAND, WVA-KY-OHIO",1977,994,994,545,16,30,403,0,21,22293,22293,14095,214,470,7514,0,WV-KY-OH,WV,Inf,-Inf,0
"HUNTSVILLE, ALA",1977,1948,1948,1306,8,50,584,0,55,39102,39102,31515,119,611,6857,0,AL,AL,Inf,-Inf,0
"INDIANAPOLIS, IND",1977,8971,8971,5774,148,232,2817,0,243,298351,298351,247395,2825,8410,39721,0,IN,IN,1972,5,1
"JACKSON, MICH",1977,1177,1177,544,0,3,630,0,22,23223,23223,15648,0,60,7515,0,MI,MI,Inf,-Inf,0
"JACKSON, MISS",1977,1727,1727,1281,52,78,316,0,23,52401,52401,44856,1349,1345,4851,0,MS,MS,Inf,-Inf,0
"JACKSONVILLE, FLA",1977,5813,5813,5020,70,92,631,0,34,157474,157474,146100,1154,1651,8570,0,FL,FL,Inf,-Inf,0
"JERSEY CITY, NJ",1977,433,433,44,272,16,101,0,6,6322,6322,1540,3428,226,1128,0,NJ,NJ,1989,-12,0
"JOHNSON CITY-KINGSPORT-BRISTOL, TENN-VA",1977,1323,1323,1128,26,55,114,0,12,33479,33479,30727,490,870,1392,0,TN-VA,TN,1973,4,1
"JOHNSTOWN, PA",1977,817,817,477,52,20,268,0,11,22568,22568,16310,1466,345,4447,0,PA,PA,Inf,-Inf,0
"KALAMAZOO-PORTAGE, MICH",1977,2640,2640,1271,18,154,1197,0,55,68831,68831,45280,472,2762,20318,0,MI,MI,Inf,-Inf,0
"KANKAKEE, ILL",1977,767,767,541,22,47,157,0,21,22988,22988,19195,397,967,2430,0,IL,IL,Inf,-Inf,0
"KANSAS CITY, MO-KANS",1977,10822,10822,9006,560,218,1038,0,56,351723,351723,317592,12960,4776,16395,0,MO-KS,MO,Inf,-Inf,0
"KENOSHA, WIS",1977,1169,1169,522,72,0,575,0,24,32766,32766,20736,2320,0,9710,0,WI,WI,1972,5,1
"KILLEEN-TEMPLE, TEX",1977,2067,2067,1282,96,187,502,0,36,50840,50840,42676,1649,2057,4458,0,TX,TX,Inf,-Inf,0
"KNOXVILLE, TENN",1977,3531,3531,2410,42,116,963,0,80,89345,89345,72812,653,2195,13685,0,TN,TN,Inf,-Inf,0
"KOKOMO, IND",1977,645,645,463,24,8,150,0,9,21235,21235,18997,590,101,1547,0,IN,IN,1972,5,1
"LACROSSE, WIS",1977,1198,1198,618,70,24,486,0,44,32224,32224,24523,1536,456,5708,0,WI,WI,1972,5,1
"LAFAYETTE, LA",1977,2001,2001,1410,18,46,527,0,34,55403,55403,47159,314,740,7190,0,LA,LA,Inf,-Inf,0
"LAFAYETTE-WEST LAFAYETTE, IND",1977,1311,1311,450,28,38,795,0,56,28401,28401,17292,382,644,10084,0,IN,IN,1972,5,1
"LAKE CHARLES, LA",1977,682,682,464,6,32,180,0,9,21635,21635,18390,71,475,2698,0,LA,LA,Inf,-Inf,0
"LAKELAND-WINTER HAVEN, FLA",1977,1073,1073,567,108,37,361,0,39,20243,20243,13642,1586,545,4470,0,FL,FL,Inf,-Inf,0
"LANCASTER, PA",1977,2300,2300,1799,24,66,411,0,23,71099,71099,62112,458,1262,7267,0,PA,PA,Inf,-Inf,0
"LANSING-EAST LANSING, MICH",1977,3800,3800,2144,100,78,1478,0,83,102512,102512,74916,2862,2668,22066,0,MI,MI,Inf,-Inf,0
"LAREDO, TEX",1977,606,606,528,6,0,72,0,2,11497,11497,10990,57,0,450,0,TX,TX,Inf,-Inf,0
"LAS VEGAS, NEV",1977,12705,12705,6504,88,480,5633,0,566,379825,379825,268513,1872,10295,99145,0,NV,NV,Inf,-Inf,0
"LAWRENCE, KANS",1977,862,862,522,54,80,206,0,7,27724,27724,21679,1387,1778,2880,0,KS,KS,Inf,-Inf,0
"LAWRENCE-HAVERHILL, MASS-NH",1977,1707,1707,1054,26,28,599,0,26,51364,51364,36823,428,532,13582,0,MA-NH,MA,1977,0,1
"LAWTON, OKLA",1977,1172,1172,733,10,3,426,0,23,27669,27669,23415,179,30,4045,0,OK,OK,Inf,-Inf,0
"LEWISTON-AUBURN, MAINE",1977,324,324,166,4,24,130,0,6,8249,8249,5683,90,386,2090,0,MN,MN,1973,4,1
"LEXINGTON-FAYETTE, KY",1977,4906,4906,2287,240,315,2064,0,135,119458,119458,83515,4442,4955,26547,0,KY,KY,Inf,-Inf,0
"LIMA, OHIO",1977,817,817,694,66,41,16,0,1,27545,27545,25506,1247,658,135,0,OH,OH,Inf,-Inf,0
"LINCOLN, NEBR",1977,2369,2369,1615,100,75,579,0,54,33610,33610,24469,1161,634,7346,0,NE,NE,Inf,-Inf,0
"LITTLE ROCK-NORTH LITTLE ROCK, ARK",1977,2263,2263,1637,74,14,538,0,32,76331,76331,64565,1388,368,10011,0,AR,AR,Inf,-Inf,0
"LONG BRANCH-ASBURY PARK, NJ",1977,2700,2700,2289,2,4,405,0,47,93287,93287,86040,38,64,7145,0,NJ,NJ,1989,-12,0
"LONGVIEW, TEX",1977,1672,1672,618,244,36,774,0,13,45117,45117,26956,5719,616,11825,0,TX,TX,Inf,-Inf,0
"LORAIN-ELYRIA, OHIO",1977,2407,2407,1698,114,163,432,0,30,77620,77620,67041,2784,2352,5443,0,OH,OH,Inf,-Inf,0
"LOS ANGELES-LONG BEACH, CALIF",1977,39322,39322,17965,880,1909,18568,0,1303,1515957,1515957,924386,28352,52066,511154,0,CA,CA,1970,7,1
"LOUISVILLE, KY-IND",1977,5711,5711,4500,6,10,1195,0,29,172660,172660,149916,97,152,22496,0,KY-IN,KY,1972,5,1
"LOWELL, MASS-NH",1977,803,803,703,12,4,84,0,5,23811,23811,22801,225,35,750,0,MA-NH,MA,1977,0,1
"LUBBOCK, TEX",1977,3624,3624,1789,144,56,1635,0,176,101952,101952,75228,4011,1045,21667,0,TX,TX,Inf,-Inf,0
"LYNCHBURG, VA",1977,1023,1023,807,32,32,152,0,2,31189,31189,28527,446,386,1830,0,VA,VA,1973,4,1
"MACON, GA",1977,1623,1623,1179,10,27,407,0,50,37217,37217,31336,107,363,5411,0,GA,GA,1991,-14,0
"MADISON, WIS",1977,3887,3887,2561,422,49,855,0,51,119025,119025,98321,9422,1022,10260,0,WI,WI,1972,5,1
"MANCHESTER, NH",1977,2039,2039,1147,54,8,830,0,79,53279,53279,45227,818,60,7175,0,NH,NH,Inf,-Inf,0
"MANSFIELD, OHIO",1977,691,691,527,56,3,105,0,9,22058,22058,19753,1215,95,995,0,OH,OH,Inf,-Inf,0
"MCALLEN-PHARR-EDINBURG, TEX",1977,2609,2609,1739,26,48,796,0,51,58210,58210,47907,428,769,9106,0,TX,TX,Inf,-Inf,0
"MELBOURNE-TITUSVILLE-COCOA, FLA",1977,4174,4174,2786,82,43,1263,0,57,130439,130439,101817,1793,1272,25557,0,FL,FL,Inf,-Inf,0
"MEMPHIS, TENN-ARK-MISS",1977,6614,6614,4874,74,85,1581,0,7,203137,203137,176159,1089,1317,24571,0,TN-AR-MS,TN,Inf,-Inf,0
"MERIDEN, CONN",1977,200,200,92,0,0,108,0,8,3743,3743,2269,0,0,1474,0,CT,CT,1973,4,1
"MIAMI, FLA",1977,12309,12309,7035,874,405,3995,0,115,441468,441468,284311,18412,9152,129592,0,FL,FL,Inf,-Inf,0
"MIDLAND, TEX",1977,1114,1114,639,74,8,393,0,3,36619,36619,29946,2107,144,4422,0,TX,TX,Inf,-Inf,0
"MILWAUKEE, WIS",1977,10543,10543,5773,822,340,3608,0,168,348510,348510,259622,22539,8688,57661,0,WI,WI,1972,5,1
"MINNEAPOLIS-ST PAUL, MN-WI",1977,21722,21722,15556,748,134,5284,0,101,809852,809852,651724,22524,2955,132649,0,MN-WI,MN,1972,5,1
"MOBILE, ALA",1977,4139,4139,1628,36,41,2434,0,261,65916,65916,33478,525,366,31548,0,AL,AL,Inf,-Inf,0
"MODESTO, CALIF",1977,5164,5164,3613,306,486,759,0,83,148908,148908,119979,6760,9256,12913,0,CA,CA,1970,7,1
"MONROE, LA",1977,570,570,219,0,36,315,0,41,14047,14047,8499,0,440,5108,0,LA,LA,Inf,-Inf,0
"MONTGOMERY, ALA",1977,1687,1687,1427,2,0,258,0,30,42262,42262,39413,36,0,2813,0,AL,AL,Inf,-Inf,0
"MUNCIE, IND",1977,614,614,432,22,24,136,0,3,19152,19152,16939,387,400,1426,0,IN,IN,1972,5,1
"MUSKEGON-NORTON SHORES-MUSKEGON HEIGHTS, MICH",1977,847,847,725,2,0,120,0,2,22197,22197,21162,35,0,1000,0,MI,MI,Inf,-Inf,0
"NASHUA, NH",1977,1052,1052,912,52,12,76,0,8,42070,42070,38959,1160,232,1719,0,NH,NH,Inf,-Inf,0
"NASHVILLE-DAVIDSON, TENN",1977,8182,7977,3947,410,30,3590,205,44,176961,172445,106593,6564,445,58844,4515,TN,TN,Inf,-Inf,0
"NEW YORK, NY-NJ",1977,22398,22398,12331,1938,339,7790,0,227,575241,575241,366071,37405,6126,165639,0,NY-NJ,NY,1975,2,1
"NEW BEDFORD, MASS",1977,806,806,580,0,0,226,0,10,21251,21251,15755,0,0,5496,0,MA,MA,1977,0,1
"NEW BRITAIN, CONN",1977,626,626,382,28,0,216,0,18,10542,10542,8244,372,0,1926,0,CT,CT,1973,4,1
"NEW BRUNSWICK-PERTH AMBOY-SAYREVILLE, NJ",1977,4057,4057,1884,50,3,2120,0,89,74272,74272,53483,974,42,19773,0,NJ,NJ,1989,-12,0
"NEW HAVEN-WEST HAVEN, CONN",1977,1787,1787,1320,22,3,442,0,19,47252,47252,39559,345,19,7329,0,CT,CT,1973,4,1
"NEW LONDON-GROTON-NORWICH, CONN",1977,1075,1075,867,6,12,190,0,11,29684,29684,27384,116,141,2044,0,CT,CT,1973,4,1
"NEW ORLEANS, LA",1977,12092,12092,6352,884,1279,3577,0,96,324249,324249,236777,17424,23046,47001,0,LA,LA,Inf,-Inf,0
"NEWARK, NJ",1977,6499,6499,3233,186,92,2988,0,59,197978,197978,131290,4001,2200,60487,0,NJ,NJ,1989,-12,0
"NEWPORT NEWS-HAMPTON, VA",1977,2068,2068,1727,68,43,230,0,29,64647,64647,60048,1274,821,2504,0,VA,VA,1973,4,1
"NORFOLK-VIRGINIA BEACH-PORTSMOUTH, VA-NC",1977,9494,9494,5489,270,418,3317,0,336,297249,297249,212381,6415,13185,65267,0,VA-NC,VA,1971,6,1
"NORTHEAST PENNSYLVANIA, PA",1977,2239,2239,1773,20,58,388,0,4,59172,59172,51293,294,908,6678,0,PA,PA,Inf,-Inf,0
"NORWALK, CONN",1977,794,794,437,22,0,335,0,22,33191,33191,26350,436,0,6405,0,CT,CT,1973,4,1
"ODESSA, TEX",1977,1394,1394,658,24,4,708,0,13,33239,33239,24733,880,100,7526,0,TX,TX,Inf,-Inf,0
"OKLAHOMA CITY, OKLA",1977,7824,7824,6890,418,49,467,0,7,292452,292452,271452,11464,1161,8375,0,OK,OK,Inf,-Inf,0
"OMAHA, NEBR-IOWA",1977,3879,3879,3373,60,14,432,0,8,85303,85303,79351,1209,421,4323,0,NE-IA,NE,Inf,-Inf,0
"ORLANDO, FLA",1977,5923,5923,5491,46,59,327,0,29,169677,169677,161360,1380,3050,3886,0,FL,FL,Inf,-Inf,0
"OWENSBORO, KY",1977,804,804,509,52,8,235,0,24,17822,17822,14708,707,100,2307,0,KY,KY,Inf,-Inf,0
"OXNARD-SIMI VALLEY- VENTURA, CALIF",1977,8456,8456,6860,360,287,949,0,112,359219,359219,320309,10424,7530,20956,0,CA,CA,1970,7,1
"PANAMA CITY, FLA",1977,660,660,334,32,78,216,0,1,13143,13143,8351,368,1030,3394,0,FL,FL,Inf,-Inf,0
"PARKERSBURG-MARIETTA, WVA-OHIO",1977,391,391,199,24,32,136,0,13,9498,9498,7341,293,300,1564,0,WV-OH,WV,Inf,-Inf,0
"PASCAGOULA-MOSS POINT, MISS",1977,799,799,799,0,0,0,0,0,15688,15688,15688,0,0,0,0,MS,MS,Inf,-Inf,0
"PATERSON-CLIFTON-PASSAIC, NJ",1977,721,721,452,54,3,212,0,9,20528,20528,16613,1215,60,2640,0,NJ,NJ,1989,-12,0
"PENSACOLA, FLA",1977,1829,1829,1382,130,78,239,0,18,44453,44453,39151,1632,930,2740,0,FL,FL,Inf,-Inf,0
"PEORIA, ILL",1977,4167,4167,2524,216,138,1289,0,41,130855,130855,105896,5183,2457,17319,0,IL,IL,Inf,-Inf,0
"PETERSBURG-COLONIAL HEIGHTS-HOPEWELL, VA",1977,835,835,803,22,4,6,0,1,22612,22612,22199,328,46,40,0,VA,VA,1973,4,1
"PHILADELPHIA, PA-NJ",1977,19799,19799,15907,718,61,3113,0,116,558365,558365,489649,9893,931,57891,0,PA-NJ,PA,1989,-12,0
"PHOENIX, ARIZ",1977,27955,27955,23225,236,302,4192,0,167,786473,786473,729623,3616,3420,49815,0,AZ,AZ,Inf,-Inf,0
"PINE BLUFF, ARK",1977,378,378,77,6,23,272,0,27,4263,4263,1463,28,150,2622,0,AR,AR,Inf,-Inf,0
"PITTSBURGH, PA",1977,9963,9963,6770,112,145,2936,0,143,303187,303187,250733,2288,2488,47677,0,PA,PA,Inf,-Inf,0
"PITTSFIELD, MASS",1977,127,127,118,0,4,5,0,1,3951,3951,3862,0,30,59,0,MA,MA,1977,0,1
"PORTLAND, MAINE",1977,1154,1154,664,14,29,447,0,33,29795,29795,23188,397,805,5405,0,MN,MN,1973,4,1
"PORTLAND, OREG-WASH",1977,19944,19944,12725,2080,1347,3792,0,384,593651,593651,467970,44163,23069,58450,0,OR-WA,OR,1971,6,1
"POUGHKEEPSIE, NY",1977,1118,1118,845,0,0,273,0,11,29101,29101,26218,0,0,2883,0,NY,NY,1975,2,1
"PROVIDENCE-PAWTUCKET-WARWICK, RI-MASS",1977,5104,5104,2653,116,28,2307,0,70,113338,113338,77434,1915,379,33610,0,RI-MA,RI,1977,0,1
"PROVO-OREM, UTAH",1977,3485,3485,2417,234,345,489,0,28,110003,110003,91751,5406,5883,6963,0,UT,UT,Inf,-Inf,0
"PUEBLO, COLO",1977,1106,1106,702,12,28,364,0,6,23536,23536,18378,182,314,4662,0,CO,CO,Inf,-Inf,0
"RACINE, WIS",1977,962,962,715,40,24,183,0,14,36789,36789,32687,920,367,2815,0,WI,WI,1972,5,1
"RALEIGH-DURHAM, NC",1977,5234,5234,4042,54,40,1098,0,78,154232,154232,137749,906,1000,14577,0,NC,NC,1971,6,1
"READING, PA",1977,1670,1670,1379,10,19,262,0,18,46981,46981,43567,200,464,2751,0,PA,PA,Inf,-Inf,0
"RENO, NEV",1977,5824,5824,3168,94,45,2517,0,116,164241,164241,124366,2666,1401,35808,0,NV,NV,Inf,-Inf,0
"RICHLAND-KENNEWICK-PASCO, WASH",1977,3464,3464,2068,130,125,1141,0,79,100945,100945,80430,3099,2085,15331,0,WA,WA,1971,6,1
"RICHMOND, VA",1977,7362,7362,5605,4,7,1746,0,101,156533,156533,139403,81,98,16951,0,VA,VA,1973,4,1
"RIVERSIDE-SAN BERNARDINO-ONTARIO, CALIF",1977,34673,34673,28905,782,1647,3339,0,337,1298121,1298121,1168892,23169,41267,64793,0,CA,CA,1970,7,1
"ROANOKE, VA",1977,1847,1847,1191,20,3,633,0,49,44081,44081,36905,234,36,6906,0,VA,VA,1973,4,1
"ROCHESTER, MINN",1977,1409,1409,731,26,16,636,0,32,45790,45790,31706,707,334,13042,0,MN,MN,1973,4,1
"ROCHESTER, NY",1977,3135,3135,2821,26,14,274,0,41,109952,109952,103891,624,406,5030,0,NY,NY,1975,2,1
"ROCKFORD, ILL",1977,2448,2448,1695,30,50,673,0,45,68379,68379,57490,770,773,9346,0,IL,IL,Inf,-Inf,0
"SACRAMENTO, CALIF",1977,20079,20079,12871,2792,861,3555,0,306,442735,442735,336681,44165,14486,47403,0,CA,CA,1970,7,1
"SAGINAW, MICH",1977,1343,1343,875,112,36,320,0,14,37510,37510,29251,1927,293,6039,0,MI,MI,Inf,-Inf,0
"ST CLOUD, MINN",1977,1605,1605,1104,22,11,468,0,19,46313,46313,37608,576,206,7923,0,MN,MN,1973,4,1
"ST JOSEPH, MO",1977,610,610,332,48,55,175,0,18,11291,11291,8233,679,770,1609,0,MO,MO,Inf,-Inf,0
"ST LOUIS, MO-ILL",1977,15857,15857,11880,140,412,3425,0,243,458602,458602,400766,3024,5640,49172,0,MO-IL,MO,Inf,-Inf,0
"SALEM, OREG",1977,5275,5275,3059,334,637,1245,0,136,121863,121863,94000,6102,8579,13183,0,OR,OR,Inf,-Inf,0
"SALINAS-SEASIDE-MONTEREY, CALIF",1977,2354,2354,1259,66,129,900,0,92,88908,88908,67800,1594,2494,17020,0,CA,CA,1970,7,1
"SALT LAKE CITY-OGDEN, UTAH",1977,15360,15360,11101,1246,1124,1889,0,150,470481,470481,386034,27391,21939,35117,0,UT,UT,Inf,-Inf,0
"SAN ANGELO, TEX",1977,1045,1045,503,20,0,522,0,12,21931,21931,15452,369,0,6110,0,TX,TX,Inf,-Inf,0
"SAN ANTONIO, TEX",1977,6261,6261,3762,58,75,2366,0,176,120693,120693,97666,997,979,21051,0,TX,TX,Inf,-Inf,0
"SAN DIEGO, CALIF",1977,36444,36444,18224,1102,2462,14656,0,1317,1228400,1228400,850319,34052,68844,275185,0,CA,CA,1970,7,1
"SAN FRANCISCO-OAKLAND, CALIF",1977,21926,21926,15923,770,709,4524,0,342,956456,956456,782463,29161,22813,122019,0,CA,CA,1970,7,1
"SAN JOSE, CALIF",1977,12901,12901,8468,302,683,3448,0,299,472120,472120,376993,8894,17744,68489,0,CA,CA,1970,7,1
"SANTA BARBARA-SANTA MARIA-LOMPOC, CALIF",1977,2476,2476,1692,222,137,425,0,48,111671,111671,91943,7125,3605,8997,0,CA,CA,1970,7,1
"SANTA CRUZ, CALIF",1977,2658,2658,1971,170,246,271,0,38,102547,102547,86245,4871,5380,6052,0,CA,CA,1970,7,1
"SANTA ROSA, CALIF",1977,4876,4876,3627,206,380,663,0,84,174251,174251,146316,5184,9266,13484,0,CA,CA,1970,7,1
"SARASOTA, FLA",1977,3785,3785,3210,116,86,373,0,27,102588,102588,90433,2264,1307,8584,0,FL,FL,Inf,-Inf,0
"SAVANNAH, GA",1977,2222,2222,1173,26,24,999,0,41,64713,64713,45232,335,425,18721,0,GA,GA,1991,-14,0
"SEATTLE-EVERETT, WASH",1977,24125,24026,14325,434,1375,7892,99,530,754912,751676,558615,9709,26716,156636,3235,WA,WA,1971,6,1
"SHERMAN-DENISON, TEX",1977,221,221,207,14,0,0,0,0,6889,6889,6687,202,0,0,0,TX,TX,Inf,-Inf,0
"SHREVEPORT, LA",1977,2073,2073,1312,2,3,756,0,9,63991,63991,52248,79,56,11608,0,LA,LA,Inf,-Inf,0
"SIOUX CITY, IOWA-NEBR",1977,746,746,526,30,31,159,0,9,18784,18784,15273,803,431,2276,0,IA-NE,IA,Inf,-Inf,0
"SIOUX FALLS, SDAK",1977,1726,1726,551,118,147,910,0,68,39555,39555,20789,2831,2490,13445,0,SD,SD,1974,3,1
"SOUTH BEND, IND",1977,1552,1552,1288,0,20,244,0,9,58931,58931,54566,0,320,4045,0,IN,IN,1972,5,1
"SPOKANE, WASH",1977,4982,4982,3107,684,249,942,0,65,177455,177455,138991,17786,4092,16586,0,WA,WA,1971,6,1
"SPRINGFIELD, ILL",1977,1314,1314,720,90,68,436,0,24,38443,38443,28403,2444,1559,6037,0,IL,IL,Inf,-Inf,0
"SPRINGFIELD, MO",1977,3067,3067,1715,224,60,1068,0,49,72120,72120,54973,3919,852,12376,0,MO,MO,Inf,-Inf,0
"SPRINGFIELD, OHIO",1977,474,474,348,0,64,62,0,5,12776,12776,10933,0,1073,770,0,OH,OH,Inf,-Inf,0
"SPRINGFIELD-CHICOPEE-HOLYOKE, MASS-CONN",1977,1344,1344,1170,70,16,88,0,8,38382,38382,35062,1250,790,1280,0,MA-CT,MA,1973,4,1
"STAMFORD, CONN",1977,1151,1151,566,58,45,482,0,25,54233,54233,41314,1577,1678,9664,0,CT,CT,1973,4,1
"STEUBENVILLE-WEIRTON, OHIO-WVA",1977,367,367,227,14,16,110,0,14,10861,10861,8775,248,210,1629,0,OH-WV,OH,Inf,-Inf,0
"STOCKTON, CALIF",1977,5482,5482,3643,536,303,1000,0,50,184258,184258,148616,15575,6469,13599,0,CA,CA,1970,7,1
"SYRACUSE, NY",1977,2781,2781,2076,34,53,618,0,21,73549,73549,58708,507,551,13784,0,NY,NY,1975,2,1
"TACOMA, WASH",1977,6699,6699,4139,708,422,1430,0,118,197933,197933,153912,16731,6542,20748,0,WA,WA,1971,6,1
"TALLAHASSEE, FLA",1977,1904,1904,1354,224,253,73,0,3,53271,53271,45322,3728,3400,822,0,FL,FL,Inf,-Inf,0
"TAMPA-ST PETERSBURG, FLA",1977,12944,12944,10149,632,326,1837,0,111,330286,330286,280615,9973,6063,33635,0,FL,FL,Inf,-Inf,0
"TERRE HAUTE, IND",1977,566,566,448,30,88,0,0,0,18966,18966,17069,549,1349,0,0,IN,IN,1972,5,1
"TEXARKANA, TEX-ARK",1977,296,296,202,54,12,28,0,3,6893,6893,5514,993,121,265,0,TX-AR,TX,Inf,-Inf,0
"TOLEDO, OHIO-MICH",1977,5240,5240,2856,106,67,2211,0,115,145591,145591,116957,2710,1296,24628,0,OH-MI,OH,Inf,-Inf,0
"TOPEKA, KANS",1977,1805,1805,1349,58,43,355,0,21,64316,64316,55786,1632,1170,5728,0,KS,KS,Inf,-Inf,0
"TRENTON, NJ",1977,1318,1318,500,12,8,798,0,17,42728,42728,24678,360,113,17577,0,NJ,NJ,1989,-12,0
"TUCSON, ARIZ",1977,7633,7633,4871,98,126,2538,0,78,174600,174600,141281,1417,1645,30256,0,AZ,AZ,Inf,-Inf,0
"TULSA, OKLA",1977,6965,6965,4805,224,18,1918,0,167,208039,208039,170697,10779,316,26246,0,OK,OK,Inf,-Inf,0
"TUSCALOOSA, ALA",1977,1758,1758,795,0,95,868,0,50,31073,31073,19727,0,1193,10152,0,AL,AL,Inf,-Inf,0
"TYLER, TEX",1977,1551,1551,495,114,0,942,0,10,43148,43148,23777,3224,0,16147,0,TX,TX,Inf,-Inf,0
"UTICA-ROME, NY",1977,525,525,337,12,0,176,0,6,10833,10833,8881,148,0,1804,0,NY,NY,1975,2,1
"VALLEJO-FAIRFIELD-NAPA, CALIF",1977,6492,6492,5475,116,194,707,0,97,236589,236589,216375,2958,4084,13172,0,CA,CA,1970,7,1
"VINELAND-MILLVILLE-BRIDGETON, NJ",1977,323,323,319,4,0,0,0,0,10194,10194,10128,66,0,0,0,NJ,NJ,1989,-12,0
"WACO, TEX",1977,1424,1424,823,106,28,467,0,15,38914,38914,31459,2812,218,4425,0,TX,TX,Inf,-Inf,0
"WASHINGTON, DC-MD-VA",1977,25468,25468,18715,122,125,6506,0,169,759487,759487,634589,1958,1801,121140,0,DC-MD-VA,DC,1973,4,1
"WATERBURY, CONN",1977,948,948,698,20,7,223,0,5,26768,26768,23879,400,110,2379,0,CT,CT,1973,4,1
"WATERLOO-CEDAR FALLS, IOWA",1977,1353,1353,789,156,70,338,0,31,40215,40215,29678,3823,1253,5461,0,IA,IA,Inf,-Inf,0
"WEST PALM BEACH-BOCA RATON, FLA",1977,14178,14178,7105,800,1730,4543,0,250,415207,415207,263278,16755,32876,102298,0,FL,FL,Inf,-Inf,0
"WHEELING, WVA-OHIO",1977,148,148,126,2,20,0,0,0,5400,5400,4925,40,435,0,0,WV-OH,WV,Inf,-Inf,0
"WICHITA, KANS",1977,3526,3526,1682,422,212,1210,0,70,99614,99614,70122,10589,3550,15354,0,KS,KS,Inf,-Inf,0
"WICHITA FALLS, TEX",1977,606,606,590,10,0,6,0,1,14180,14180,13967,153,0,60,0,TX,TX,Inf,-Inf,0
"WILLIAMSPORT, PA",1977,434,434,318,2,13,101,0,1,12849,12849,10405,30,208,2206,0,PA,PA,Inf,-Inf,0
"WILMINGTON, DEL-NJ-MD",1977,2943,2943,2208,4,0,731,0,30,73537,73537,60211,78,0,13248,0,DEL-NJ-MD,DE,1973,4,1
"WILMINGTON, NC",1977,1143,1143,956,14,3,170,0,23,28602,28602,25460,295,13,2835,0,NC,NC,1971,6,1
"WORCESTER, MASS",1977,1051,1051,989,38,0,24,0,2,31875,31875,30883,510,0,482,0,MA,MA,1977,0,1
"YAKIMA, WASH",1977,1309,1309,733,154,107,315,0,13,38869,38869,28703,3742,1577,4847,0,WA,WA,1971,6,1
"YORK, PA",1977,2053,2053,1776,30,75,172,0,21,63451,63451,60219,433,991,1809,0,PA,PA,Inf,-Inf,0
"YOUNGSTOWN-WARREN, OHIO",1977,2376,2376,1614,44,50,668,0,54,65606,65606,51640,1073,856,12038,0,OH,OH,Inf,-Inf,0
"ABILENE, TEX",1978,1144,1144,632,56,48,408,0,5,40729,40729,31157,1896,1371,6305,0,TX,TX,Inf,-Inf,0
"AKRON, OHIO",1978,3877,3877,2353,362,127,1035,0,50,165078,165078,131772,9119,3149,21038,0,OH,OH,Inf,-Inf,0
"ALBANY, GA",1978,1075,1075,637,68,74,296,0,27,25615,25615,20088,1102,654,3770,0,GA,GA,1991,-13,0
"ALBANY-SCHENECTADY-TROY, NY",1978,3551,3551,2200,88,252,1011,0,38,100599,100599,75752,1792,3499,19555,0,NY,NY,1975,3,1
"ALBUQUERQUE, NMEX",1978,7111,7111,4827,22,891,1371,0,46,235231,235231,197814,491,15747,21179,0,NM,NM,Inf,-Inf,0
"ALEXANDRIA, LA",1978,245,245,203,38,4,0,0,0,10493,10493,9341,605,54,0,0,LA,LA,Inf,-Inf,0
"ALLENTOWN-BETHLEHEM-EASTON, PA-NJ",1978,3246,3246,2598,90,34,524,0,22,109094,109094,96606,1978,515,9995,0,PA-NJ,PA,1989,-11,0
"ALTOONA, PA",1978,587,587,472,8,8,99,0,7,17060,17060,15328,166,152,1413,0,PA,PA,Inf,-Inf,0
"AMARILLO, TEX",1978,1681,1681,975,54,0,652,0,12,64679,64679,50290,1322,0,13067,0,TX,TX,Inf,-Inf,0
"ANAHEIM-SANTA ANA-GARDEN GROVE, CALIF",1978,19245,19245,9576,1130,2102,6437,0,708,871723,871723,569975,51741,69750,180258,0,CA,CA,1970,8,1
"ANCHORAGE, ALASKA",1978,2651,2651,1287,250,452,662,0,63,146490,146490,87695,13038,20732,25024,0,AK,AK,Inf,-Inf,0
"ANDERSON, IND",1978,624,624,401,36,13,174,0,13,25107,25107,17258,546,580,6723,0,IN,IN,1972,6,1
"ANN ARBOR, MICH",1978,2390,2390,1460,16,0,914,0,26,81242,81242,65889,391,0,14961,0,MI,MI,Inf,-Inf,0
"ANNISTON, ALA",1978,513,513,288,6,0,219,0,7,12740,12740,10137,53,0,2550,0,AL,AL,Inf,-Inf,0
"APPLETON-OSHKOSH, WIS",1978,2224,2224,1668,204,59,293,0,16,76981,76981,66200,4925,1616,4240,0,WI,WI,1972,6,1
"ASHEVILLE, NC",1978,1430,1430,1030,20,36,344,0,36,36668,36668,30231,319,510,5608,0,NC,NC,1971,7,1
"ATLANTA, GA",1978,19639,19639,16597,46,114,2882,0,264,570347,570347,526632,914,1831,40971,0,GA,GA,1991,-13,0
"ATLANTIC CITY, NJ",1978,1687,1687,1521,126,23,17,0,2,50486,50486,45704,3966,485,331,0,NJ,NJ,1989,-11,0
"AUGUSTA, GA-SC",1978,2913,2913,2466,52,15,380,0,48,62615,62615,58207,697,159,3552,0,GA-SC,GA,1991,-13,0
"AUSTIN, TEX",1978,9491,9491,4802,646,34,4009,0,66,325593,325593,244163,19649,1096,60685,0,TX,TX,Inf,-Inf,0
"BAKERSFIELD, CALIF",1978,4887,4887,3038,264,631,954,0,132,147110,147110,113285,5702,12198,15925,0,CA,CA,1970,8,1
"BALTIMORE, MD",1978,14815,14815,10561,12,24,4218,0,111,447003,447003,378377,264,550,67813,0,MD,MD,1973,5,1
"BATON ROUGE, LA",1978,4582,4582,3294,180,61,1047,0,27,103689,103689,83425,2212,1119,16933,0,LA,LA,Inf,-Inf,0
"BATTLE CREEK, MICH",1978,781,781,534,2,44,201,0,10,21844,21844,17562,72,1981,2230,0,MI,MI,Inf,-Inf,0
"BAY CITY, MICH",1978,500,500,494,6,0,0,0,0,17326,17326,17251,75,0,0,0,MI,MI,Inf,-Inf,0
"BEAUMONT-PORT ARTHUR-ORANGE, TEX",1978,2832,2832,2017,40,46,729,0,50,106096,106096,90171,808,1455,13663,0,TX,TX,Inf,-Inf,0
"BILLINGS, MONT",1978,1543,1543,860,104,46,533,0,47,31183,31183,21461,1618,603,7501,0,MT,MT,1971,7,1
"BILOXI-GULFPORT, MISS",1978,1177,1177,1045,16,64,52,0,7,33645,33645,31838,315,909,583,0,MS,MS,Inf,-Inf,0
"BINGHAMTON, NY-PA",1978,1296,1296,529,34,37,696,0,21,37940,37940,20325,869,945,15800,0,NY-PA,NY,1975,3,1
"BIRMINGHAM, ALA",1978,5297,5297,4103,10,13,1171,0,61,150319,150319,129207,155,380,20578,0,AL,AL,Inf,-Inf,0
"BLOOMINGTON, IND",1978,730,730,429,2,13,286,0,16,23820,23820,18230,40,210,5340,0,IN,IN,1972,6,1
"BLOOMINGTON-NORMAL, ILL",1978,1131,1131,533,26,82,490,0,32,36283,36283,24122,894,1820,9447,0,IL,IL,Inf,-Inf,0
"BOISE CITY, IDAHO",1978,3136,3136,2162,296,282,396,0,34,112191,112191,93756,6767,5183,6485,0,ID,ID,Inf,-Inf,0
"BOSTON, MASS",1978,8457,8457,3698,170,54,4535,0,118,233231,233231,150526,3248,1244,78213,0,MA,MA,1977,1,1
"BRADENTON, FLA",1978,3942,3942,1599,786,245,1312,0,125,95505,95505,47748,14686,4537,28534,0,FL,FL,Inf,-Inf,0
"BRIDGEPORT, CONN",1978,1477,1477,1092,70,84,231,0,21,59809,59809,52564,1502,2034,3710,0,CT,CT,1973,5,1
"BRISTOL, CONN",1978,277,277,277,0,0,0,0,0,11801,11801,11801,0,0,0,0,CT,CT,1973,5,1
"BROCKTON, MASS",1978,546,546,453,0,4,89,0,2,17752,17752,15275,0,114,2363,0,MA,MA,1977,1,1
"BROWNSVILLE-HARLINGEN-SAN BENITO, TEX",1978,1524,1524,831,18,72,603,0,19,36267,36267,23597,460,1084,11125,0,TX,TX,Inf,-Inf,0
"BRYAN-COLLEGE STATION, TEX",1978,1263,1263,747,148,216,152,0,26,27518,27518,21240,2127,2626,1525,0,TX,TX,Inf,-Inf,0
"BUFFALO, NY",1978,3490,3490,2393,52,56,989,0,53,115551,115551,95456,1219,853,18023,0,NY,NY,1975,3,1
"BURLINGTON, NC",1978,508,508,490,0,0,18,0,2,19235,19235,19052,0,0,183,0,NC,NC,1971,7,1
"CANTON, OHIO",1978,2987,2987,1648,382,41,916,0,45,99840,99840,73391,9799,836,15814,0,OH,OH,Inf,-Inf,0
"CEDAR RAPIDS, IOWA",1978,1713,1713,914,24,152,623,0,39,44512,44512,31031,568,2455,10458,0,IA,IA,Inf,-Inf,0
"CHAMPAIGN-URBANA-RANTOUL, ILL",1978,1192,1192,443,72,25,652,0,40,24963,24963,14732,1186,673,8372,0,IL,IL,Inf,-Inf,0
"CHARLESTON-NORTH CHARLESTON, SC",1978,4548,4548,3005,46,95,1402,0,150,123706,123706,103664,1039,3523,15480,0,SC,SC,Inf,-Inf,0
"CHARLESTON, WVA",1978,716,716,381,8,28,299,0,11,25443,25443,17701,196,542,7004,0,WV,WV,Inf,-Inf,0
"CHARLOTTE-GASTONIA, NC",1978,6454,6454,4714,52,288,1400,0,144,199637,199637,173746,1192,5744,18954,0,NC,NC,1971,7,1
"CHATTANOOGA, TENN-GA",1978,2928,2728,2213,112,11,392,200,15,65697,58347,52379,1399,224,4345,7350,TN-GA,TN,1991,-13,0
"CHICAGO, ILL",1978,47454,47454,29049,1086,1235,16084,0,1112,1921400,1921400,1464598,30995,32924,392884,0,IL,IL,Inf,-Inf,0
"CINCINNATI, OHIO-KY-IND",1978,11658,11658,6032,150,262,5214,0,335,346377,346377,247237,3412,5107,90622,0,OH-KY-IN,OH,1972,6,1
"CLARKSVILLE-HOPKINSVILLE, TENN-KY",1978,858,858,791,18,27,22,0,2,28617,28617,27529,372,352,365,0,TN-KY,TN,Inf,-Inf,0
"CLEVELAND, OHIO",1978,8690,8690,5938,146,226,2380,0,194,432285,432285,362743,5287,6470,57784,0,OH,OH,Inf,-Inf,0
"COLORADO SPRINGS, COLO",1978,3853,3853,3569,18,45,221,0,6,118252,118252,113012,506,825,3910,0,CO,CO,Inf,-Inf,0
"COLUMBIA, MO",1978,1023,1023,616,134,48,225,0,24,33879,33879,26965,3253,761,2900,0,MO,MO,Inf,-Inf,0
"COLUMBIA, SC",1978,3425,3425,2494,86,124,721,0,57,127121,127121,114559,1406,2522,8634,0,SC,SC,Inf,-Inf,0
"COLUMBUS, GA-ALA",1978,1144,1144,643,38,51,412,0,32,35335,35335,26604,759,1762,6210,0,GA-AL,GA,1991,-13,0
"COLUMBUS, OHIO",1978,7908,7908,5204,574,514,1616,0,171,295033,295033,244347,17563,12419,20704,0,OH,OH,Inf,-Inf,0
"CORPUS CHRISTI, TEX",1978,3177,3177,2194,80,146,757,0,20,94289,94289,77960,1573,3110,11646,0,TX,TX,Inf,-Inf,0
"DALLAS-FORT WORTH, TEX",1978,47228,47228,26199,802,228,19999,0,621,1379224,1379224,1094442,25392,3904,255485,0,TX,TX,Inf,-Inf,0
"DANBURY, CONN",1978,1373,1373,1135,8,45,185,0,18,54162,54162,49648,173,941,3400,0,CT,CT,1973,5,1
"DAVENPORT-ROCK ISLAND-MOLINE, IOWA-ILL",1978,2949,2949,1679,68,126,1076,0,62,93204,93204,71164,1736,3003,17301,0,IA-IL,IA,Inf,-Inf,0
"DAYTON, OHIO",1978,5087,5087,2892,226,583,1386,0,101,154942,154942,116730,5671,11927,20614,0,OH,OH,Inf,-Inf,0
"DAYTONA BEACH, FLA",1978,4908,4908,3723,330,101,754,0,51,130547,130547,105240,6216,1459,17632,0,FL,FL,Inf,-Inf,0
"DECATUR, ILL",1978,1030,1030,606,0,40,384,0,31,39780,39780,31863,0,1097,6820,0,IL,IL,Inf,-Inf,0
"DENVER-BOULDER, COLO",1978,28054,28004,20006,476,561,6961,50,336,916437,915182,772245,12077,12139,118721,1255,CO,CO,Inf,-Inf,0
"DES MOINES, IOWA",1978,3184,3184,1808,284,143,949,0,52,104192,104192,72780,7525,4091,19795,0,IA,IA,Inf,-Inf,0
"DETROIT, MICH",1978,26409,26409,18625,100,628,7056,0,390,1050470,1050470,877358,2337,14433,156341,0,MI,MI,Inf,-Inf,0
"DUBUQUE, IOWA",1978,460,460,365,0,8,87,0,2,16559,16559,14592,0,229,1738,0,IA,IA,Inf,-Inf,0
"DULUTH-SUPERIOR, MINN-WIS",1978,2073,2073,1483,22,8,560,0,17,58650,58650,48816,330,75,9430,0,MN-WI,MN,1972,6,1
"EAU CLAIRE, WIS",1978,1568,1568,932,114,15,507,0,29,47274,47274,35096,2405,351,9422,0,WI,WI,1972,6,1
"EL PASO, TEX",1978,4006,4006,3150,292,213,351,0,30,121885,121885,106323,7623,4307,3633,0,TX,TX,Inf,-Inf,0
"ELMIRA, NY",1978,197,197,181,16,0,0,0,0,7096,7096,6813,283,0,0,0,NY,NY,1975,3,1
"ERIE, PA",1978,1382,1382,997,26,64,295,0,27,35600,35600,30264,486,988,3863,0,PA,PA,Inf,-Inf,0
"EUGENE-SPRINGFIELD, OREG",1978,4212,4212,2852,472,103,785,0,26,147842,147842,119206,12322,2089,14226,0,OR,OR,Inf,-Inf,0
"EVANSVILLE, IND-KY",1978,2377,2377,1221,56,20,1080,0,71,64250,64250,48976,1163,738,13373,0,IN-KY,IN,1972,6,1
"FALL RIVER, MASS-RI",1978,433,433,417,0,4,12,0,1,15691,15691,15461,0,100,130,0,MA-RI,MA,1977,1,1
"FARGO-MOORHEAD, ND-MN",1978,2066,2066,614,168,90,1194,0,72,62014,62014,29711,5445,2320,24538,0,ND-MN,ND,1973,5,1
"FAYETTEVILLE, NC",1978,1883,1883,1378,144,36,325,0,11,45820,45820,38486,2833,330,4171,0,NC,NC,1971,7,1
"FAYETTEVILLE-SPRINGDALE, ARK",1978,1233,1233,956,94,86,97,0,10,33034,33034,29094,1756,1134,1050,0,AR,AR,Inf,-Inf,0
"FITCHBURG-LEOMINSTER, MASS",1978,309,309,307,2,0,0,0,0,7838,7838,7802,36,0,0,0,MA,MA,1977,1,1
"FLINT, MICH",1978,3277,3277,2192,12,19,1054,0,42,97224,97224,80283,259,444,16238,0,MI,MI,Inf,-Inf,0
"FLORENCE, ALA",1978,487,487,401,38,15,33,0,4,16350,16350,15347,336,171,496,0,AL,AL,Inf,-Inf,0
"FORT COLLINS, COLO",1978,3176,3176,2535,212,246,183,0,19,112162,112162,97166,5508,5729,3760,0,CO,CO,Inf,-Inf,0
"FORT LAUDERDALE-HOLLYWOOD, FLA",1978,22240,22240,9652,576,742,11270,0,545,666320,666320,365298,15164,18672,267187,0,FL,FL,Inf,-Inf,0
"FORT MEYERS-CAPE CORAL, FLA",1978,8112,8112,3656,590,340,3526,0,158,217647,217647,121119,12233,7919,76377,0,FL,FL,Inf,-Inf,0
"FORT SMITH, ARK-OKLA",1978,1373,1373,972,50,51,300,0,21,44442,44442,39151,1107,704,3480,0,AR-OK,AR,Inf,-Inf,0
"FORT WAYNE, IND",1978,3243,3243,2432,72,20,719,0,30,137358,137358,122154,1910,1052,12241,0,IN,IN,1972,6,1
"FRESNO, CALIF",1978,7270,7270,3459,428,648,2735,0,362,216840,216840,144336,10435,14826,47243,0,CA,CA,1970,8,1
"GADSDEN, ALA",1978,650,650,318,0,15,317,0,26,17203,17203,11970,0,174,5060,0,AL,AL,Inf,-Inf,0
"GAINESVILLE, FLA",1978,2261,2261,1318,192,115,636,0,20,53859,53859,40929,3377,1867,7687,0,FL,FL,Inf,-Inf,0
"GALVESTON-TEXAS CITY, TEX",1978,1954,1954,1597,10,44,303,0,20,66996,66996,61382,264,457,4893,0,TX,TX,Inf,-Inf,0
"GARY-HAMMOND-EAST CHICAGO, IND",1978,4203,4203,3023,160,234,786,0,42,169013,169013,145082,4135,5965,13831,0,IN,IN,1972,6,1
"GRAND FORKS, ND-MN",1978,1064,1064,490,86,12,476,0,25,29401,29401,18617,2049,200,8535,0,ND-MN,ND,1973,5,1
"GRAND RAPIDS, MICH",1978,5832,5832,3106,438,115,2173,0,116,169352,169352,123887,9754,2325,33386,0,MI,MI,Inf,-Inf,0
"GREAT FALLS, MONT",1978,294,294,206,24,48,16,0,2,7658,7658,5755,1089,539,275,0,MT,MT,1971,7,1
"GREELEY, COLO",1978,1751,1751,1394,38,51,268,0,24,47701,47701,41822,1134,950,3794,0,CO,CO,Inf,-Inf,0
"GREEN BAY, WIS",1978,1479,1479,1102,258,11,108,0,12,59963,59963,50873,6760,172,2158,0,WI,WI,1972,6,1
"GREENSBORO-WINSTON-SALEM-HIGH POINT, NC",1978,6806,6806,4855,116,199,1636,0,124,188843,188843,166245,2364,2904,17329,0,NC,NC,1971,7,1
"HAMILTON-MIDDLETOWN, OHIO",1978,2736,2736,1865,84,102,685,0,53,82192,82192,66493,1561,2521,11617,0,OH,OH,Inf,-Inf,0
"HARRISBURG, PA",1978,3586,3586,2066,14,46,1460,0,124,94038,94038,73100,234,728,19977,0,PA,PA,Inf,-Inf,0
"HARTFORD, CONN",1978,3614,3614,2605,50,30,929,0,63,112523,112523,97263,1227,1053,12981,0,CT,CT,1973,5,1
"HONOLULU, HAWAII",1978,4258,4258,2080,196,286,1696,0,78,190426,190426,107383,8208,9173,65661,0,HI,HI,1974,4,1
"HOUSTON, TEX",1978,61484,61484,31185,320,205,29774,0,2675,1763326,1763326,1260858,8334,6176,487958,0,TX,TX,Inf,-Inf,0
"HUNTINGTON-ASHLAND, WVA-KY-OHIO",1978,808,808,488,16,41,263,0,24,18892,18892,14034,326,911,3622,0,WV-KY-OH,WV,Inf,-Inf,0
"HUNTSVILLE, ALA",1978,2966,2966,1257,24,281,1404,0,94,48152,48152,29442,236,2929,15544,0,AL,AL,Inf,-Inf,0
"INDIANAPOLIS, IND",1978,7689,7689,5182,76,201,2230,0,132,315988,315988,261581,2706,7876,43825,0,IN,IN,1972,6,1
"JACKSON, MICH",1978,663,663,529,6,0,128,0,12,19228,19228,17560,114,0,1554,0,MI,MI,Inf,-Inf,0
"JACKSON, MISS",1978,2720,2720,1661,104,50,905,0,111,80477,80477,64276,2241,1563,12397,0,MS,MS,Inf,-Inf,0
"JACKSONVILLE, FLA",1978,5879,5879,4845,76,106,852,0,66,179800,179800,162090,1705,2009,13995,0,FL,FL,Inf,-Inf,0
"JANESVILLE-BELOIT, WIS",1978,1103,1103,737,148,16,202,0,15,37580,37580,29977,3639,320,3644,0,WI,WI,1972,6,1
"JERSEY CITY, NJ",1978,822,822,78,240,0,504,0,9,16993,16993,3074,4389,0,9530,0,NJ,NJ,1989,-11,0
"JOHNSON CITY-KINGSPORT-BRISTOL, TENN-VA",1978,2031,2031,1173,22,75,761,0,29,55083,55083,39094,395,1190,14405,0,TN-VA,TN,1973,5,1
"JOHNSTOWN, PA",1978,763,763,554,54,24,131,0,10,24168,24168,19276,955,401,3535,0,PA,PA,Inf,-Inf,0
"KALAMAZOO-PORTAGE, MICH",1978,1674,1674,1117,22,111,424,0,30,56539,56539,47307,403,1978,6851,0,MI,MI,Inf,-Inf,0
"KANKAKEE, ILL",1978,841,841,444,40,103,254,0,21,26905,26905,19685,960,2079,4181,0,IL,IL,Inf,-Inf,0
"KANSAS CITY, MO-KANS",1978,9619,9619,7419,740,212,1248,0,39,357421,357421,306879,18128,6431,25983,0,MO-KS,MO,Inf,-Inf,0
"KENOSHA, WIS",1978,986,986,533,44,12,397,0,15,36013,36013,24785,2746,320,8161,0,WI,WI,1972,6,1
"KILLEEN-TEMPLE, TEX",1978,2108,2108,1063,84,257,704,0,31,55836,55836,40334,1712,4572,9219,0,TX,TX,Inf,-Inf,0
"KNOXVILLE, TENN",1978,5311,5311,2873,38,366,2034,0,178,124296,124296,90997,661,5932,26707,0,TN,TN,Inf,-Inf,0
"KOKOMO, IND",1978,470,470,404,40,16,10,0,1,20123,20123,18812,1011,225,75,0,IN,IN,1972,6,1
"LACROSSE, WIS",1978,1048,1048,768,34,14,232,0,20,37175,37175,32779,847,305,3244,0,WI,WI,1972,6,1
"LAFAYETTE, LA",1978,1851,1851,1583,48,94,126,0,16,71120,71120,65930,1008,1400,2782,0,LA,LA,Inf,-Inf,0
"LAFAYETTE-WEST LAFAYETTE, IND",1978,1314,1314,449,54,56,755,0,44,29609,29609,18616,1099,1574,8320,0,IN,IN,1972,6,1
"LAKE CHARLES, LA",1978,579,579,466,12,49,52,0,6,22665,22665,19615,259,1871,920,0,LA,LA,Inf,-Inf,0
"LAKELAND-WINTER HAVEN, FLA",1978,3712,3712,2693,406,166,447,0,40,96327,96327,79979,6378,2214,7756,0,FL,FL,Inf,-Inf,0
"LANCASTER, PA",1978,2428,2428,1912,32,62,422,0,24,88788,88788,80198,701,1165,6724,0,PA,PA,Inf,-Inf,0
"LANSING-EAST LANSING, MICH",1978,3455,3455,2013,138,130,1174,0,57,106502,106502,80384,4177,3348,18593,0,MI,MI,Inf,-Inf,0
"LAREDO, TEX",1978,537,537,488,6,4,39,0,3,14890,14890,14437,85,60,308,0,TX,TX,Inf,-Inf,0
"LAS VEGAS, NEV",1978,14891,14891,8830,72,463,5526,0,521,466731,466731,361291,1546,10331,93563,0,NV,NV,Inf,-Inf,0
"LAWRENCE, KANS",1978,967,967,519,68,90,290,0,11,31200,31200,22134,1909,2200,4958,0,KS,KS,Inf,-Inf,0
"LAWRENCE-HAVERHILL, MASS-NH",1978,1977,1977,1355,44,0,578,0,18,57658,57658,45805,847,0,11007,0,MA-NH,MA,1977,1,1
"LAWTON, OKLA",1978,948,948,555,30,6,357,0,14,26856,26856,22374,613,70,3799,0,OK,OK,Inf,-Inf,0
"LEWISTON-AUBURN, MAINE",1978,207,207,170,4,4,29,0,4,6419,6419,5902,77,60,380,0,MN,MN,1973,5,1
"LEXINGTON-FAYETTE, KY",1978,3336,3336,1975,346,412,603,0,66,107182,107182,82368,8181,7350,9283,0,KY,KY,Inf,-Inf,0
"LIMA, OHIO",1978,866,866,683,90,7,86,0,9,32935,32935,29193,2407,135,1200,0,OH,OH,Inf,-Inf,0
"LINCOLN, NEBR",1978,2176,2176,1446,114,20,596,0,56,30735,30735,22310,1183,239,7002,0,NE,NE,Inf,-Inf,0
"LITTLE ROCK-NORTH LITTLE ROCK, ARK",1978,2114,2114,1429,86,0,599,0,32,76930,76930,62779,1695,0,12456,0,AR,AR,Inf,-Inf,0
"LONG BRANCH-ASBURY PARK, NJ",1978,3108,3108,2648,6,70,384,0,30,114399,114399,105357,99,1365,7579,0,NJ,NJ,1989,-11,0
"LONGVIEW-MARSHALL, TEX",1978,1282,1282,563,174,23,522,0,7,41162,41162,27797,4647,366,8352,0,TX,TX,Inf,-Inf,0
"LORAIN-ELYRIA, OHIO",1978,2472,2472,1521,170,33,748,0,43,88487,88487,71702,4631,581,11573,0,OH,OH,Inf,-Inf,0
"LOS ANGELES-LONG BEACH, CALIF",1978,40287,40287,13911,1210,1854,23312,0,1829,1688639,1688639,836767,43958,60095,747820,0,CA,CA,1970,8,1
"LOUISVILLE, KY-IND",1978,5961,5961,4069,56,63,1773,0,61,183097,183097,150817,1472,514,30294,0,KY-IN,KY,1972,6,1
"LOWELL, MASS-NH",1978,880,880,563,16,0,301,0,11,21312,21312,18752,380,0,2180,0,MA-NH,MA,1977,1,1
"LUBBOCK, TEX",1978,2262,2262,1436,266,48,512,0,51,85645,85645,70204,6385,1156,7900,0,TX,TX,Inf,-Inf,0
"LYNCHBURG, VA",1978,974,974,677,4,31,262,0,5,39859,39859,26452,72,492,12842,0,VA,VA,1973,5,1
"MACON, GA",1978,1404,1404,1202,30,4,168,0,21,36106,36106,33826,423,70,1787,0,GA,GA,1991,-13,0
"MADISON, WIS",1978,3388,3388,2147,352,87,802,0,37,122912,122912,97257,10185,2409,13061,0,WI,WI,1972,6,1
"MANCHESTER, NH",1978,1338,1338,1147,58,15,118,0,6,52698,52698,49849,1033,158,1658,0,NH,NH,Inf,-Inf,0
"MANSFIELD, OHIO",1978,567,567,380,50,8,129,0,9,20360,20360,16889,1377,124,1970,0,OH,OH,Inf,-Inf,0
"MCALLEN-PHARR-EDINBURG, TEX",1978,1828,1828,1374,18,136,300,0,30,49668,49668,43107,284,2256,4020,0,TX,TX,Inf,-Inf,0
"MELBOURNE-TITUSVILLE-COCOA, FLA",1978,5514,5514,3881,128,129,1376,0,95,201021,201021,156433,3622,3528,37438,0,FL,FL,Inf,-Inf,0
"MEMPHIS, TENN-ARK-MISS",1978,5518,5518,4563,34,12,909,0,25,208049,208049,189917,983,214,16935,0,TN-AR-MS,TN,Inf,-Inf,0
"MERIDEN, CONN",1978,374,374,146,2,4,222,0,14,6113,6113,3314,36,66,2697,0,CT,CT,1973,5,1
"MIAMI, FLA",1978,14552,14502,8383,1052,752,4315,50,202,568051,566655,402631,27507,20519,115998,1396,FL,FL,Inf,-Inf,0
"MIDLAND, TEX",1978,1119,1119,562,12,15,530,0,4,38647,38647,32103,449,295,5800,0,TX,TX,Inf,-Inf,0
"MILWAUKEE, WIS",1978,8271,8271,4814,606,105,2746,0,128,316855,316855,246224,18458,2366,49807,0,WI,WI,1972,6,1
"MINNEAPOLIS-ST PAUL, MN-WI",1978,21772,21772,16471,1046,542,3713,0,89,915364,915364,767188,34180,16442,97553,0,MN-WI,MN,1972,6,1
"MOBILE, ALA",1978,2494,2494,1535,56,187,716,0,69,44027,44027,30249,1132,2834,9812,0,AL,AL,Inf,-Inf,0
"MODESTO, CALIF",1978,4107,4107,2143,314,377,1273,0,127,125072,125072,85113,8138,8539,23282,0,CA,CA,1970,8,1
"MONROE, LA",1978,1415,1415,1156,86,120,53,0,3,51036,51036,45262,1402,3372,1000,0,LA,LA,Inf,-Inf,0
"MONTGOMERY, ALA",1978,2180,2180,1556,16,4,604,0,59,55805,55805,49430,345,40,5989,0,AL,AL,Inf,-Inf,0
"MUNCIE, IND",1978,577,577,416,8,3,150,0,7,24048,24048,19680,180,75,4113,0,IN,IN,1972,6,1
"MUSKEGON-NORTON SHORES-MUSKEGON HEIGHTS, MICH",1978,1173,1173,852,12,0,309,0,16,32941,32941,26935,238,0,5768,0,MI,MI,Inf,-Inf,0
"NASHUA, NH",1978,1499,1499,786,54,15,644,0,35,49048,49048,34553,1218,398,12880,0,NH,NH,Inf,-Inf,0
"NASHVILLE-DAVIDSON, TENN",1978,7927,7927,5059,684,135,2049,0,77,232931,232931,180767,14847,2383,34935,0,TN,TN,Inf,-Inf,0
"NEW YORK, NY-NJ",1978,23308,23308,9946,1730,489,11143,0,313,648631,648631,355650,35707,12817,244457,0,NY-NJ,NY,1975,3,1
"NEW BEDFORD, MASS",1978,444,444,440,0,4,0,0,0,13680,13680,13645,0,35,0,0,MA,MA,1977,1,1
"NEW BRITAIN, CONN",1978,572,572,474,38,0,60,0,3,11296,11296,10359,540,0,397,0,CT,CT,1973,5,1
"NEW BRUNSWICK-PERTH AMBOY-SAYREVILLE, NJ",1978,2698,2698,2231,62,14,391,0,20,81156,81156,71334,900,311,8610,0,NJ,NJ,1989,-11,0
"NEW HAVEN-WEST HAVEN, CONN",1978,2392,2392,1486,32,50,824,0,32,62650,62650,52058,575,792,9224,0,CT,CT,1973,5,1
"NEW LONDON-GROTON-NORWICH, CONN",1978,1045,1045,889,40,3,113,0,2,34212,34212,32192,527,47,1447,0,CT,CT,1973,5,1
"NEW ORLEANS, LA",1978,9841,9841,6049,502,945,2345,0,57,291785,291785,230470,10418,18115,32782,0,LA,LA,Inf,-Inf,0
"NEWARK, NJ",1978,7106,7106,3591,118,110,3287,0,135,242251,242251,168815,2399,2675,68362,0,NJ,NJ,1989,-11,0
"NEWPORT NEWS-HAMPTON, VA",1978,2291,2291,1718,18,4,551,0,64,75683,75683,66732,300,107,8544,0,VA,VA,1973,5,1
"NORFOLK-VIRGINIA BEACH-PORTSMOUTH, VA-NC",1978,6983,6983,4654,314,290,1725,0,181,241204,241204,194552,6306,5323,35023,0,VA-NC,VA,1971,7,1
"NORTHEAST PENNSYLVANIA, PA",1978,2644,2644,2148,2,26,468,0,28,73054,73054,62404,30,198,10422,0,PA,PA,Inf,-Inf,0
"NORWALK, CONN",1978,695,695,343,12,4,336,0,22,28969,28969,22980,323,70,5596,0,CT,CT,1973,5,1
"ODESSA, TEX",1978,981,981,349,12,0,620,0,9,25187,25187,18463,155,0,6569,0,TX,TX,Inf,-Inf,0
"OKLAHOMA CITY, OKLA",1978,7921,7921,6925,620,48,328,0,6,337655,337655,313406,17105,1243,5900,0,OK,OK,Inf,-Inf,0
"OMAHA, NEBR-IOWA",1978,3765,3765,3477,116,32,140,0,10,84436,84436,79859,2541,644,1392,0,NE-IA,NE,Inf,-Inf,0
"ORLANDO, FLA",1978,9251,9251,8293,176,35,747,0,56,292397,292397,273068,2968,629,15733,0,FL,FL,Inf,-Inf,0
"OWENSBORO, KY",1978,754,754,412,78,28,236,0,9,21549,21549,15071,1392,550,4535,0,KY,KY,Inf,-Inf,0
"OXNARD-SIMI VALLEY- VENTURA, CALIF",1978,8301,8301,5593,224,847,1637,0,141,391898,391898,311505,8164,33561,38668,0,CA,CA,1970,8,1
"PANAMA CITY, FLA",1978,1211,1211,863,54,105,189,0,5,29681,29681,24366,820,2023,2473,0,FL,FL,Inf,-Inf,0
"PARKERSBURG-MARIETTA, WVA-OHIO",1978,655,655,180,24,36,415,0,19,14162,14162,7148,422,485,6106,0,WV-OH,WV,Inf,-Inf,0
"PASCAGOULA-MOSS POINT, MISS",1978,659,659,655,0,4,0,0,0,14794,14794,14765,0,29,0,0,MS,MS,Inf,-Inf,0
"PATERSON-CLIFTON-PASSAIC, NJ",1978,1087,1087,630,194,4,259,0,6,37511,37511,25506,4568,60,7378,0,NJ,NJ,1989,-11,0
"PENSACOLA, FLA",1978,2695,2695,2156,96,42,401,0,26,96009,96009,86935,1455,579,7041,0,FL,FL,Inf,-Inf,0
"PEORIA, ILL",1978,2495,2495,1607,90,35,763,0,28,96517,96517,78607,2433,1017,14461,0,IL,IL,Inf,-Inf,0
"PETERSBURG-COLONIAL HEIGHTS-HOPEWELL, VA",1978,841,841,687,16,0,138,0,1,21866,21866,20295,194,0,1377,0,VA,VA,1973,5,1
"PHILADELPHIA, PA-NJ",1978,23817,23753,17968,1448,336,4001,64,165,717709,715600,607867,23116,7962,76654,2109,PA-NJ,PA,1989,-11,0
"PHOENIX, ARIZ",1978,43855,43855,30919,540,973,11423,0,405,1138047,1138047,955669,10988,15525,155864,0,AZ,AZ,Inf,-Inf,0
"PINE BLUFF, ARK",1978,154,154,65,6,11,72,0,7,2304,2304,1617,79,93,515,0,AR,AR,Inf,-Inf,0
"PITTSBURGH, PA",1978,9698,9698,6173,144,228,3153,0,154,332258,332258,262423,3171,5782,60882,0,PA,PA,Inf,-Inf,0
"PITTSFIELD, MASS",1978,120,120,120,0,0,0,0,0,4700,4700,4700,0,0,0,0,MA,MA,1977,1,1
"PORTLAND, MAINE",1978,1046,1046,710,4,22,310,0,24,33948,33948,26989,96,393,6470,0,MN,MN,1973,5,1
"PORTLAND, OREG-WASH",1978,19166,19166,12084,1492,1221,4369,0,402,651870,651870,512742,36532,23477,79118,0,OR-WA,OR,1971,7,1
"POUGHKEEPSIE, NY",1978,1190,1190,836,2,3,349,0,13,32458,32458,28992,38,45,3383,0,NY,NY,1975,3,1
"PROVIDENCE-PAWTUCKET-WARWICK, RI-MASS",1978,4985,4985,2816,76,27,2066,0,84,125564,125564,89926,1231,340,34067,0,RI-MA,RI,1977,1,1
"PROVO-OREM, UTAH",1978,3300,3300,2324,140,301,535,0,32,118963,118963,102406,3475,4829,8253,0,UT,UT,Inf,-Inf,0
"PUEBLO, COLO",1978,1107,1107,919,16,54,118,0,11,27992,27992,25466,345,1013,1168,0,CO,CO,Inf,-Inf,0
"RACINE, WIS",1978,970,970,525,76,24,345,0,19,33521,33521,26506,2122,240,4654,0,WI,WI,1972,6,1
"RALEIGH-DURHAM, NC",1978,5892,5791,4424,84,157,1126,101,85,190297,187577,166327,1745,2838,16668,2720,NC,NC,1971,7,1
"RAPID CITY, SDAK",1978,1249,1249,834,44,68,303,0,33,37943,37943,30320,1250,1563,4810,0,SD,SD,1974,4,1
"READING, PA",1978,1475,1475,1397,18,20,40,0,6,47567,47567,46109,334,424,700,0,PA,PA,Inf,-Inf,0
"RENO, NEV",1978,6896,6896,3192,134,291,3279,0,74,209076,209076,139982,4530,9372,55192,0,NV,NV,Inf,-Inf,0
"RICHLAND-KENNEWICK-PASCO, WASH",1978,3259,3259,2150,162,203,744,0,47,116880,116880,88268,4034,4293,10285,0,WA,WA,1971,7,1
"RICHMOND, VA",1978,7810,7810,5853,4,188,1765,0,115,180939,180939,159475,38,2763,18663,0,VA,VA,1973,5,1
"RIVERSIDE-SAN BERNARDINO-ONTARIO, CALIF",1978,33126,33126,24376,764,2327,5659,0,545,1286720,1286720,1074296,26182,61772,124470,0,CA,CA,1970,8,1
"ROANOKE, VA",1978,2002,2002,1056,24,7,915,0,26,47953,47953,37725,370,63,9796,0,VA,VA,1973,5,1
"ROCHESTER, MINN",1978,1243,1243,669,28,55,491,0,33,47428,47428,31441,1029,1215,13743,0,MN,MN,1973,5,1
"ROCHESTER, NY",1978,2924,2924,2774,36,108,6,0,1,121611,121611,117997,879,2481,254,0,NY,NY,1975,3,1
"ROCKFORD, ILL",1978,1924,1924,1532,60,20,312,0,21,63075,63075,58091,1920,250,2814,0,IL,IL,Inf,-Inf,0
"SACRAMENTO, CALIF",1978,15876,15876,11288,1470,436,2682,0,237,426663,426663,351308,26156,6959,42239,0,CA,CA,1970,8,1
"SAGINAW, MICH",1978,1251,1251,955,104,16,176,0,11,40280,40280,35896,1946,299,2139,0,MI,MI,Inf,-Inf,0
"ST CLOUD, MINN",1978,1663,1663,1345,2,11,305,0,14,56129,56129,50854,38,249,4988,0,MN,MN,1973,5,1
"ST JOSEPH, MO",1978,538,538,277,30,7,224,0,11,11299,11299,9409,387,210,1293,0,MO,MO,Inf,-Inf,0
"ST LOUIS, MO-ILL",1978,16073,16073,12917,220,225,2711,0,165,545645,545645,485430,5554,4772,49889,0,MO-IL,MO,Inf,-Inf,0
"SALEM, OREG",1978,4352,4352,2699,340,353,960,0,95,115431,115431,93093,6501,5503,10335,0,OR,OR,Inf,-Inf,0
"SALINAS-SEASIDE-MONTEREY, CALIF",1978,2526,2526,1382,92,279,773,0,85,108768,108768,82481,2232,7735,16320,0,CA,CA,1970,8,1
"SALT LAKE CITY-OGDEN, UTAH",1978,13892,13892,9753,1118,667,2354,0,157,460355,460355,373030,26553,17246,43526,0,UT,UT,Inf,-Inf,0
"SAN ANGELO, TEX",1978,610,610,440,16,0,154,0,7,16222,16222,13378,330,0,2514,0,TX,TX,Inf,-Inf,0
"SAN ANTONIO, TEX",1978,7734,7734,3800,68,27,3839,0,320,146272,146272,109668,1087,470,35047,0,TX,TX,Inf,-Inf,0
"SAN DIEGO, CALIF",1978,28295,28295,13476,1380,1865,11574,0,1007,1109057,1109057,702366,47208,56712,302770,0,CA,CA,1970,8,1
"SAN FRANCISCO-OAKLAND, CALIF",1978,20076,20076,11871,570,895,6740,0,467,963275,963275,683868,26022,33116,220268,0,CA,CA,1970,8,1
"SAN JOSE, CALIF",1978,10499,10499,7007,646,646,2200,0,172,439685,439685,350061,23425,19291,46908,0,CA,CA,1970,8,1
"SANTA BARBARA-SANTA MARIA-LOMPOC, CALIF",1978,2107,2083,1151,132,277,523,24,44,99487,99069,75673,4812,8615,9969,418,CA,CA,1970,8,1
"SANTA CRUZ, CALIF",1978,2505,2505,1421,132,228,724,0,53,95160,95160,68677,4254,5910,16319,0,CA,CA,1970,8,1
"SANTA ROSA, CALIF",1978,3557,3557,2565,264,310,418,0,51,141565,141565,116827,7908,7087,9742,0,CA,CA,1970,8,1
"SARASOTA, FLA",1978,5987,5987,3933,276,166,1612,0,105,152078,152078,107929,5219,3214,35716,0,FL,FL,Inf,-Inf,0
"SAVANNAH, GA",1978,1718,1718,1311,12,151,244,0,5,50413,50413,42708,263,2418,5023,0,GA,GA,1991,-13,0
"SEATTLE-EVERETT, WASH",1978,27188,27188,13427,584,1285,11892,0,995,935806,935806,606273,15678,29819,284035,0,WA,WA,1971,7,1
"SHERMAN-DENISON, TEX",1978,358,358,332,22,4,0,0,0,12636,12636,12187,394,55,0,0,TX,TX,Inf,-Inf,0
"SHREVEPORT, LA",1978,3357,3357,1419,0,12,1926,0,29,88615,88615,59693,0,102,28820,0,LA,LA,Inf,-Inf,0
"SIOUX CITY, IOWA-NEBR",1978,512,512,358,10,36,108,0,2,15809,15809,12887,330,765,1828,0,IA-NE,IA,Inf,-Inf,0
"SIOUX FALLS, SDAK",1978,1350,1350,970,86,43,251,0,17,40265,40265,32559,2179,1231,4296,0,SD,SD,1974,4,1
"SOUTH BEND, IND",1978,1556,1556,1338,52,76,90,0,2,68486,68486,63217,1093,1476,2700,0,IN,IN,1972,6,1
"SPOKANE, WASH",1978,4623,4623,2754,426,365,1078,0,90,192359,192359,151349,12373,8083,20523,0,WA,WA,1971,7,1
"SPRINGFIELD, ILL",1978,1437,1437,940,70,142,285,0,17,48140,48140,36164,2202,3808,5965,0,IL,IL,Inf,-Inf,0
"SPRINGFIELD, MO",1978,3064,3064,1789,254,77,944,0,58,77011,77011,59479,5013,897,11621,0,MO,MO,Inf,-Inf,0
"SPRINGFIELD, OHIO",1978,447,447,327,32,19,69,0,8,14800,14800,12885,727,395,793,0,OH,OH,Inf,-Inf,0
"SPRINGFIELD-CHICOPEE-HOLYOKE, MASS-CONN",1978,1532,1532,1207,58,0,267,0,10,46896,46896,39704,997,0,6195,0,MA-CT,MA,1973,5,1
"STAMFORD, CONN",1978,1091,1091,435,68,47,541,0,28,58909,58909,40636,2684,1490,14099,0,CT,CT,1973,5,1
"STEUBENVILLE-WEIRTON, OHIO-WVA",1978,557,557,235,24,27,271,0,11,15271,15271,9695,525,372,4679,0,OH-WV,OH,Inf,-Inf,0
"STOCKTON, CALIF",1978,6325,6325,3739,720,327,1539,0,41,232142,232142,169087,23048,6954,33053,0,CA,CA,1970,8,1
"SYRACUSE, NY",1978,2875,2875,2089,76,27,683,0,30,77375,77375,66364,1195,231,9584,0,NY,NY,1975,3,1
"TACOMA, WASH",1978,6051,6051,4483,418,418,732,0,58,239120,239120,208336,10768,9064,10952,0,WA,WA,1971,7,1
"TALLAHASSEE, FLA",1978,2233,2233,1382,206,423,222,0,10,65090,65090,50664,3817,7118,3490,0,FL,FL,Inf,-Inf,0
"TAMPA-ST PETERSBURG, FLA",1978,25886,25886,17616,892,735,6643,0,458,640086,640086,492606,14395,14577,118508,0,FL,FL,Inf,-Inf,0
"TERRE HAUTE, IND",1978,1033,1033,412,46,55,520,0,12,27529,27529,18602,775,950,7202,0,IN,IN,1972,6,1
"TEXARKANA, TEX-ARK",1978,583,583,227,36,0,320,0,26,12080,12080,6827,661,0,4592,0,TX-AR,TX,Inf,-Inf,0
"TOLEDO, OHIO-MICH",1978,4963,4963,2804,160,161,1838,0,102,161583,161583,130573,5534,3584,21892,0,OH-MI,OH,Inf,-Inf,0
"TOPEKA, KANS",1978,1781,1781,1137,68,81,495,0,14,61249,61249,51173,1595,1795,6687,0,KS,KS,Inf,-Inf,0
"TRENTON, NJ",1978,994,994,655,4,0,335,0,15,36390,36390,28713,126,0,7551,0,NJ,NJ,1989,-11,0
"TUCSON, ARIZ",1978,10932,10932,7227,148,247,3310,0,59,268964,268964,221023,2205,4475,41261,0,AZ,AZ,Inf,-Inf,0
"TULSA, OKLA",1978,7189,7189,4488,196,56,2449,0,139,228488,228488,185091,5426,817,37154,0,OK,OK,Inf,-Inf,0
"TUSCALOOSA, ALA",1978,1093,1093,604,2,35,452,0,17,20950,20950,15436,13,475,5026,0,AL,AL,Inf,-Inf,0
"TYLER, TEX",1978,1419,1419,485,20,30,884,0,16,45873,45873,26708,632,399,18134,0,TX,TX,Inf,-Inf,0
"UTICA-ROME, NY",1978,833,833,425,4,4,400,0,9,19223,19223,12420,115,62,6626,0,NY,NY,1975,3,1
"VALLEJO-FAIRFIELD-NAPA, CALIF",1978,5277,5277,4197,112,270,698,0,51,235330,235330,206448,3526,9396,15960,0,CA,CA,1970,8,1
"VINELAND-MILLVILLE-BRIDGETON, NJ",1978,369,369,262,4,0,103,0,1,12006,12006,9236,70,0,2700,0,NJ,NJ,1989,-11,0
"WACO, TEX",1978,1011,1011,669,52,31,259,0,10,34652,34652,30161,1222,877,2393,0,TX,TX,Inf,-Inf,0
"WASHINGTON, DC-MD-VA",1978,23835,23835,17945,166,55,5669,0,257,835842,835842,699945,1911,1187,132799,0,DC-MD-VA,DC,1973,5,1
"WATERBURY, CONN",1978,985,985,838,6,4,137,0,17,33081,33081,31409,114,56,1502,0,CT,CT,1973,5,1
"WATERLOO-CEDAR FALLS, IOWA",1978,930,930,432,108,43,347,0,26,26424,26424,17702,3172,693,4857,0,IA,IA,Inf,-Inf,0
"WEST PALM BEACH-BOCA RATON, FLA",1978,20734,20734,10095,1182,2173,7284,0,382,698219,698219,396887,26699,47680,226952,0,FL,FL,Inf,-Inf,0
"WHEELING, WVA-OHIO",1978,317,317,151,2,51,113,0,2,9791,9791,6344,35,1225,2187,0,WV-OH,WV,Inf,-Inf,0
"WICHITA, KANS",1978,3626,3626,1826,366,102,1332,0,75,109562,109562,77850,9582,2012,20118,0,KS,KS,Inf,-Inf,0
"WICHITA FALLS, TEX",1978,1346,1346,577,6,40,723,0,5,26977,26977,15904,125,349,10600,0,TX,TX,Inf,-Inf,0
"WILLIAMSPORT, PA",1978,427,427,412,6,3,6,0,1,13955,13955,13660,109,111,75,0,PA,PA,Inf,-Inf,0
"WILMINGTON, DEL-NJ-MD",1978,2328,2328,2108,12,0,208,0,1,73593,73593,67796,77,0,5720,0,DEL-NJ-MD,DE,1973,5,1
"WILMINGTON, NC",1978,1371,1371,1190,24,6,151,0,14,37350,37350,34192,588,138,2432,0,NC,NC,1971,7,1
"WORCESTER, MASS",1978,1055,1055,861,20,4,170,0,6,35954,35954,30886,416,160,4492,0,MA,MA,1977,1,1
"YAKIMA, WASH",1978,1101,1101,665,26,58,352,0,13,37898,37898,29131,715,1187,6867,0,WA,WA,1971,7,1
"YORK, PA",1978,2838,2838,2151,32,66,589,0,30,91370,91370,80559,761,1382,8668,0,PA,PA,Inf,-Inf,0
"YOUNGSTOWN-WARREN, OHIO",1978,2212,2212,1528,40,134,510,0,43,70069,70069,57072,1122,2453,9423,0,OH,OH,Inf,-Inf,0
"ABILENE, TEX",1979,548,548,506,14,3,25,0,1,31583,31583,30419,503,101,559,0,TX,TX,Inf,-Inf,0
"AKRON, OHIO",1979,2925,2925,1705,204,243,773,0,68,136676,136676,107166,6804,7400,15306,0,OH,OH,Inf,-Inf,0
"ALBANY, GA",1979,858,858,616,70,16,156,0,20,26277,26277,21094,1571,112,3500,0,GA,GA,1991,-12,0
"ALBANY-SCHENECTADY-TROY, NY",1979,2643,2643,1590,74,71,908,0,38,80610,80610,61722,1449,1239,16201,0,NY,NY,1975,4,1
"ALBUQUERQUE, NMEX",1979,6182,6182,3391,18,977,1796,0,32,207765,207765,157082,348,17744,32592,0,NM,NM,Inf,-Inf,0
"ALEXANDRIA, LA",1979,199,199,181,18,0,0,0,0,9314,9314,8914,400,0,0,0,LA,LA,Inf,-Inf,0
"ALLENTOWN-BETHLEHEM-EASTON, PA-NJ",1979,2764,2764,2227,62,8,467,0,22,101263,101263,90910,1643,122,8587,0,PA-NJ,PA,1989,-10,0
"ALTOONA, PA",1979,349,349,339,6,4,0,0,0,11705,11705,11498,167,40,0,0,PA,PA,Inf,-Inf,0
"AMARILLO, TEX",1979,986,986,678,28,0,280,0,3,42104,42104,37240,1014,0,3850,0,TX,TX,Inf,-Inf,0
"ANAHEIM-SANTA ANA-GARDEN GROVE, CALIF",1979,17870,17654,8946,550,1785,6373,216,626,873250,864251,584456,24787,62592,192416,9000,CA,CA,1970,9,1
"ANCHORAGE, ALASKA",1979,1064,1037,508,166,98,265,27,16,68973,66823,44132,8690,3836,10166,2150,AK,AK,Inf,-Inf,0
"ANDERSON, IND",1979,449,449,291,26,38,94,0,11,20083,20083,13664,343,940,5136,0,IN,IN,1972,7,1
"ANN ARBOR, MICH",1979,1302,1302,1078,30,23,171,0,14,65378,65378,59770,1228,1039,3341,0,MI,MI,Inf,-Inf,0
"ANNISTON, ALA",1979,414,414,216,2,16,180,0,11,11077,11077,7024,10,240,3803,0,AL,AL,Inf,-Inf,0
"APPLETON-OSHKOSH, WIS",1979,1452,1452,1138,142,20,152,0,15,58021,58021,50938,3985,587,2511,0,WI,WI,1972,7,1
"ASHEVILLE, NC",1979,1003,1003,883,8,32,80,0,13,29415,29415,26863,189,555,1808,0,NC,NC,1971,8,1
"ATLANTA, GA",1979,23990,23990,17708,208,23,6051,0,530,751305,751305,663411,4596,468,82830,0,GA,GA,1991,-12,0
"ATLANTIC CITY, NJ",1979,1389,1389,1003,72,23,291,0,33,52898,52898,44058,1561,380,6899,0,NJ,NJ,1989,-10,0
"AUGUSTA, GA-SC",1979,3665,3665,2329,30,22,1284,0,79,77957,77957,59843,437,502,17175,0,GA-SC,GA,1991,-12,0
"AUSTIN, TEX",1979,7428,7428,4434,878,96,2020,0,43,311056,311056,247079,28102,3177,32697,0,TX,TX,Inf,-Inf,0
"BAKERSFIELD, CALIF",1979,4814,4814,3378,350,542,544,0,66,177602,177602,142472,9316,12621,13193,0,CA,CA,1970,9,1
"BALTIMORE, MD",1979,12679,12679,9291,12,8,3368,0,137,414734,414734,353008,400,210,61117,0,MD,MD,1973,6,1
"BATON ROUGE, LA",1979,3627,3627,2274,126,562,665,0,59,76529,76529,54391,1669,10385,10084,0,LA,LA,Inf,-Inf,0
"BATTLE CREEK, MICH",1979,831,831,497,18,70,246,0,11,23839,23839,18657,585,1520,3076,0,MI,MI,Inf,-Inf,0
"BAY CITY, MICH",1979,346,346,309,10,27,0,0,0,14175,14175,12774,282,1119,0,0,MI,MI,Inf,-Inf,0
"BEAUMONT-PORT ARTHUR-ORANGE, TEX",1979,2160,2160,1512,8,27,613,0,40,78799,78799,65554,62,783,12399,0,TX,TX,Inf,-Inf,0
"BILLINGS, MONT",1979,880,880,616,54,34,176,0,19,19157,19157,15019,893,729,2516,0,MT,MT,1971,8,1
"BILOXI-GULFPORT, MISS",1979,1353,1353,850,30,96,377,0,17,36263,36263,27708,587,961,7007,0,MS,MS,Inf,-Inf,0
"BINGHAMTON, NY-PA",1979,947,947,401,44,11,491,0,19,29134,29134,16272,1252,195,11416,0,NY-PA,NY,1975,4,1
"BIRMINGHAM, ALA",1979,4483,4483,2690,18,17,1758,0,99,123363,123363,93828,327,210,28998,0,AL,AL,Inf,-Inf,0
"BISMARCK, ND",1979,1006,1006,411,152,50,393,0,35,43376,43376,21588,7206,1971,12611,0,ND,ND,Inf,-Inf,0
"BLOOMINGTON, IND",1979,319,319,291,8,20,0,0,0,13211,13211,12796,175,240,0,0,IN,IN,1972,7,1
"BLOOMINGTON-NORMAL, ILL",1979,861,861,344,12,24,481,0,39,25281,25281,15626,376,647,8631,0,IL,IL,Inf,-Inf,0
"BOISE CITY, IDAHO",1979,2786,2786,2046,152,199,389,0,33,101356,101356,86098,3987,4413,6859,0,ID,ID,Inf,-Inf,0
"BOSTON, MASS",1979,7920,7920,3261,174,97,4388,0,133,247365,247365,148735,3838,2585,92207,0,MA,MA,1977,2,1
"BRADENTON, FLA",1979,5227,5227,1881,818,201,2327,0,198,131990,131990,56912,15110,4169,55800,0,FL,FL,Inf,-Inf,0
"BRIDGEPORT, CONN",1979,1375,1375,771,128,23,453,0,18,44667,44667,34868,2561,548,6690,0,CT,CT,1973,6,1
"BRISTOL, CONN",1979,349,349,349,0,0,0,0,0,16473,16473,16473,0,0,0,0,CT,CT,1973,6,1
"BROCKTON, MASS",1979,852,852,374,0,32,446,0,26,25010,25010,13926,0,816,10269,0,MA,MA,1977,2,1
"BROWNSVILLE-HARLINGEN-SAN BENITO, TEX",1979,1461,1461,987,22,19,433,0,15,40302,40302,30871,632,370,8429,0,TX,TX,Inf,-Inf,0
"BRYAN-COLLEGE STATION, TEX",1979,1266,1266,667,166,184,249,0,25,34534,34534,24978,3156,2716,3684,0,TX,TX,Inf,-Inf,0
"BUFFALO, NY",1979,3076,3076,1960,40,19,1057,0,32,118519,118519,88509,956,655,28398,0,NY,NY,1975,4,1
"BURLINGTON, NC",1979,465,465,419,2,0,44,0,3,20046,20046,17991,60,0,1995,0,NC,NC,1971,8,1
"CANTON, OHIO",1979,2293,2293,1314,464,81,434,0,28,92133,92133,67299,13831,2030,8973,0,OH,OH,Inf,-Inf,0
"CEDAR RAPIDS, IOWA",1979,1755,1755,712,24,301,718,0,48,45435,45435,27041,392,6257,11745,0,IA,IA,Inf,-Inf,0
"CHAMPAIGN-URBANA-RANTOUL, ILL",1979,734,734,252,30,0,452,0,15,15659,15659,8629,560,0,6470,0,IL,IL,Inf,-Inf,0
"CHARLESTON-NORTH CHARLESTON, SC",1979,5669,5669,3219,24,286,2140,0,146,163286,163286,120385,260,5745,36896,0,SC,SC,Inf,-Inf,0
"CHARLESTON, WVA",1979,466,466,308,4,19,135,0,12,18306,18306,12259,144,740,5163,0,WV,WV,Inf,-Inf,0
"CHARLOTTE-GASTONIA, NC",1979,6922,6922,4678,66,155,2023,0,192,231473,231473,195680,1402,2189,32202,0,NC,NC,1971,8,1
"CHATTANOOGA, TENN-GA",1979,2317,2317,1820,100,16,381,0,28,54551,54551,46061,1556,201,6733,0,TN-GA,TN,1991,-12,0
"CHICAGO, ILL",1979,27709,27709,13314,492,1129,12774,0,692,1230563,1230563,793026,18000,34297,385240,0,IL,IL,Inf,-Inf,0
"CINCINNATI, OHIO-KY-IND",1979,9549,9549,5126,128,202,4093,0,343,328473,328473,242322,3298,5066,77787,0,OH-KY-IN,OH,1972,7,1
"CLARKSVILLE-HOPKINSVILLE, TENN-KY",1979,752,752,611,22,18,101,0,6,25435,25435,22452,505,250,2229,0,TN-KY,TN,Inf,-Inf,0
"CLEVELAND, OHIO",1979,7026,7026,4282,232,268,2244,0,200,358270,358270,285540,9111,8113,55505,0,OH,OH,Inf,-Inf,0
"COLORADO SPRINGS, COLO",1979,3659,3659,3492,24,119,24,0,3,135085,135085,129927,780,3632,746,0,CO,CO,Inf,-Inf,0
"COLUMBIA, MO",1979,719,719,409,132,62,116,0,11,26223,26223,20988,2521,1138,1577,0,MO,MO,Inf,-Inf,0
"COLUMBIA, SC",1979,3058,3058,2503,60,98,397,0,38,94940,94940,82922,1572,1871,8574,0,SC,SC,Inf,-Inf,0
"COLUMBUS, GA-ALA",1979,823,823,470,22,38,293,0,25,24728,24728,19590,448,628,4063,0,GA-AL,GA,1991,-12,0
"COLUMBUS, OHIO",1979,7452,7452,4377,824,504,1747,0,262,321790,321790,247273,28264,12244,34009,0,OH,OH,Inf,-Inf,0
"CORPUS CHRISTI, TEX",1979,3088,3088,1689,44,81,1274,0,135,90024,90024,65485,814,2497,21228,0,TX,TX,Inf,-Inf,0
"DALLAS-FORT WORTH, TEX",1979,43981,43981,23199,1016,364,19402,0,868,1647466,1647466,1263025,31699,9579,343163,0,TX,TX,Inf,-Inf,0
"DANBURY, CONN",1979,915,915,759,6,18,132,0,20,39363,39363,35962,137,354,2910,0,CT,CT,1973,6,1
"DAVENPORT-ROCK ISLAND-MOLINE, IOWA-ILL",1979,2426,2426,1239,130,68,989,0,57,87442,87442,59909,3720,2274,21540,0,IA-IL,IA,Inf,-Inf,0
"DAYTON, OHIO",1979,3611,3611,2454,204,355,598,0,64,126466,126466,102347,5148,8551,10420,0,OH,OH,Inf,-Inf,0
"DAYTONA BEACH, FLA",1979,6148,6148,4593,394,222,939,0,71,180931,180931,131917,9828,5266,33920,0,FL,FL,Inf,-Inf,0
"DECATUR, ILL",1979,848,848,374,10,0,464,0,26,23329,23329,17733,259,0,5337,0,IL,IL,Inf,-Inf,0
"DENVER-BOULDER, COLO",1979,22211,22211,15620,502,399,5690,0,350,787110,787110,643431,13539,10759,119381,0,CO,CO,Inf,-Inf,0
"DES MOINES, IOWA",1979,2488,2488,1182,212,110,984,0,39,84353,84353,53031,6469,3137,21716,0,IA,IA,Inf,-Inf,0
"DETROIT, MICH",1979,20050,20050,13645,208,643,5554,0,306,889645,889645,730391,6134,15015,138104,0,MI,MI,Inf,-Inf,0
"DUBUQUE, IOWA",1979,530,530,353,2,4,171,0,10,20088,20088,15750,42,98,4199,0,IA,IA,Inf,-Inf,0
"DULUTH-SUPERIOR, MINN-WIS",1979,1507,1507,1145,10,0,352,0,11,51570,51570,41796,326,0,9447,0,MN-WI,MN,1972,7,1
"EAU CLAIRE, WIS",1979,896,896,639,58,8,191,0,13,34336,34336,29495,1834,179,2828,0,WI,WI,1972,7,1
"EL PASO, TEX",1979,3686,3686,2608,228,338,512,0,53,120649,120649,96467,6446,8406,9330,0,TX,TX,Inf,-Inf,0
"ELKHART, IND",1979,723,723,500,32,12,179,0,12,29348,29348,24171,747,580,3850,0,IN,IN,1972,7,1
"ELMIRA, NY",1979,150,150,106,0,4,40,0,5,5694,5694,5044,0,50,600,0,NY,NY,1975,4,1
"ENID, OKLA",1979,463,463,420,24,4,15,0,2,27273,27273,25807,951,45,470,0,OK,OK,Inf,-Inf,0
"ERIE, PA",1979,1341,1341,910,14,32,385,0,16,37048,37048,27929,347,508,8264,0,PA,PA,Inf,-Inf,0
"EUGENE-SPRINGFIELD, OREG",1979,2905,2905,1889,350,135,531,0,40,112840,112840,89756,9212,3238,10635,0,OR,OR,Inf,-Inf,0
"EVANSVILLE, IND-KY",1979,1538,1538,886,146,51,455,0,35,55184,55184,43413,3305,960,7506,0,IN-KY,IN,1972,7,1
"FALL RIVER, MASS-RI",1979,608,608,343,4,0,261,0,2,20937,20937,13027,80,0,7830,0,MA-RI,MA,1977,2,1
"FARGO-MOORHEAD, ND-MN",1979,1123,1123,388,162,16,557,0,33,43274,43274,21813,5972,360,15130,0,ND-MN,ND,1973,6,1
"FAYETTEVILLE, NC",1979,2079,2079,1316,52,91,620,0,31,54051,54051,38733,952,1149,13218,0,NC,NC,1971,8,1
"FAYETTEVILLE-SPRINGDALE, ARK",1979,1040,1040,735,72,37,196,0,10,29359,29359,25724,1398,626,1612,0,AR,AR,Inf,-Inf,0
"FITCHBURG-LEOMINSTER, MASS",1979,204,204,204,0,0,0,0,0,5886,5886,5886,0,0,0,0,MA,MA,1977,2,1
"FLINT, MICH",1979,2281,2281,1577,32,71,601,0,28,80551,80551,66107,1156,1939,11349,0,MI,MI,Inf,-Inf,0
"FLORENCE, ALA",1979,591,591,288,108,8,187,0,7,15725,15725,12375,732,76,2543,0,AL,AL,Inf,-Inf,0
"FORT COLLINS, COLO",1979,3948,3948,2688,270,512,478,0,43,150089,150089,116827,7782,13727,11753,0,CO,CO,Inf,-Inf,0
"FORT LAUDERDALE-HOLLYWOOD, FLA",1979,15655,15655,8127,446,569,6513,0,285,536050,536050,324264,11061,16679,184047,0,FL,FL,Inf,-Inf,0
"FORT MEYERS-CAPE CORAL, FLA",1979,7119,7119,3203,712,639,2565,0,225,213362,213362,112603,15625,15508,69626,0,FL,FL,Inf,-Inf,0
"FORT SMITH, ARK-OKLA",1979,1090,1090,567,32,48,443,0,13,37155,37155,27016,856,998,8284,0,AR-OK,AR,Inf,-Inf,0
"FORT WAYNE, IND",1979,2515,2515,1665,194,24,632,0,35,107121,107121,89197,6227,457,11239,0,IN,IN,1972,7,1
"FRESNO, CALIF",1979,5298,5298,2972,136,1022,1168,0,160,197210,197210,143845,3856,26579,22930,0,CA,CA,1970,9,1
"GADSDEN, ALA",1979,354,354,272,2,80,0,0,0,10918,10918,9450,78,1390,0,0,AL,AL,Inf,-Inf,0
"GAINESVILLE, FLA",1979,2646,2646,1320,208,243,875,0,49,64477,64477,45415,3603,4442,11017,0,FL,FL,Inf,-Inf,0
"GALVESTON-TEXAS CITY, TEX",1979,1985,1985,1592,12,15,366,0,8,62223,62223,54658,242,399,6925,0,TX,TX,Inf,-Inf,0
"GARY-HAMMOND-EAST CHICAGO, IND",1979,3085,3085,2174,142,200,569,0,64,138452,138452,117334,3753,5943,11422,0,IN,IN,1972,7,1
"GRAND FORKS, ND-MN",1979,717,717,374,8,24,311,0,17,20238,20238,14853,190,510,4685,0,ND-MN,ND,1973,6,1
"GRAND RAPIDS, MICH",1979,4123,4123,2554,302,174,1093,0,76,154937,154937,120300,8496,3865,22277,0,MI,MI,Inf,-Inf,0
"GREAT FALLS, MONT",1979,148,148,94,4,20,30,0,3,4182,4182,2501,100,454,1128,0,MT,MT,1971,8,1
"GREELEY, COLO",1979,1304,1304,914,78,112,200,0,25,45274,45274,36942,1967,2632,3733,0,CO,CO,Inf,-Inf,0
"GREEN BAY, WIS",1979,1230,1230,752,206,43,229,0,19,52916,52916,40099,6964,977,4876,0,WI,WI,1972,7,1
"GREENSBORO-WINSTON-SALEM-HIGH POINT, NC",1979,6268,6268,3929,152,279,1908,0,187,180530,180530,139269,3055,4547,33659,0,NC,NC,1971,8,1
"GREENVILLE-SPARTANBURG, SC",1979,4686,4686,3388,222,133,943,0,88,151646,151646,129557,4419,1992,15678,0,SC,SC,Inf,-Inf,0
"HAMILTON-MIDDLETOWN, OHIO",1979,2043,2043,1431,52,101,459,0,35,73162,73162,59435,978,2524,10226,0,OH,OH,Inf,-Inf,0
"HARRISBURG, PA",1979,1959,1959,1584,42,38,295,0,33,66808,66808,59613,1093,512,5591,0,PA,PA,Inf,-Inf,0
"HARTFORD, CONN",1979,3322,3322,2332,58,113,819,0,39,126225,126225,103908,1850,6025,14442,0,CT,CT,1973,6,1
"HONOLULU, HAWAII",1979,5083,5083,3024,134,340,1585,0,60,255750,255750,165447,5768,14844,69691,0,HI,HI,1974,5,1
"HOUSTON, TEX",1979,52411,52411,23030,422,239,28720,0,2369,1664756,1664756,1117067,10727,4944,532017,0,TX,TX,Inf,-Inf,0
"HUNTINGTON-ASHLAND, WVA-KY-OHIO",1979,599,599,175,12,8,404,0,18,18560,18560,7149,285,229,10896,0,WV-KY-OH,WV,Inf,-Inf,0
"HUNTSVILLE, ALA",1979,1728,1703,941,14,204,544,25,45,31201,30708,22782,221,2265,5440,493,AL,AL,Inf,-Inf,0
"INDIANAPOLIS, IND",1979,7505,7505,4569,96,142,2698,0,213,317717,317717,264036,2765,5982,44934,0,IN,IN,1972,7,1
"IOWA CITY, IOWA",1979,582,582,288,90,63,141,0,8,23578,23578,15703,3148,1474,3253,0,IA,IA,Inf,-Inf,0
"JACKSON, MICH",1979,819,771,615,10,7,139,48,15,26747,24232,21290,186,191,2566,2514,MI,MI,Inf,-Inf,0
"JACKSON, MISS",1979,2120,2120,1304,90,19,707,0,85,65252,65252,50789,2672,791,11000,0,MS,MS,Inf,-Inf,0
"JACKSONVILLE, FLA",1979,6330,6330,4778,104,274,1174,0,131,211971,211971,177054,3496,5450,25972,0,FL,FL,Inf,-Inf,0
"JANESVILLE-BELOIT, WIS",1979,534,534,436,74,0,24,0,2,22283,22283,19669,2165,0,450,0,WI,WI,1972,7,1
"JERSEY CITY, NJ",1979,1006,1006,11,120,0,875,0,5,40308,40308,428,3387,0,36493,0,NJ,NJ,1989,-10,0
"JOHNSON CITY-KINGSPORT-BRISTOL, TENN-VA",1979,1343,1343,964,38,29,312,0,33,43932,43932,37074,1041,476,5341,0,TN-VA,TN,1973,6,1
"JOHNSTOWN, PA",1979,654,654,495,30,3,126,0,8,20998,20998,17508,493,75,2923,0,PA,PA,Inf,-Inf,0
"KALAMAZOO-PORTAGE, MICH",1979,1838,1838,966,10,112,750,0,51,61211,61211,46021,293,2329,12568,0,MI,MI,Inf,-Inf,0
"KANKAKEE, ILL",1979,461,461,178,22,16,245,0,18,15389,15389,9442,776,461,4709,0,IL,IL,Inf,-Inf,0
"KANSAS CITY, MO-KANS",1979,7798,7798,5782,684,232,1100,0,65,316962,316962,267473,19375,4590,25524,0,MO-KS,MO,Inf,-Inf,0
"KENOSHA, WIS",1979,497,497,356,22,0,119,0,9,21948,21948,18366,752,0,2830,0,WI,WI,1972,7,1
"KILLEEN-TEMPLE, TEX",1979,1014,1014,684,52,124,154,0,7,35385,35385,29685,1285,2038,2377,0,TX,TX,Inf,-Inf,0
"KNOXVILLE, TENN",1979,4155,4155,2108,42,143,1862,0,117,104434,104434,74365,748,2319,27003,0,TN,TN,Inf,-Inf,0
"KOKOMO, IND",1979,406,406,240,28,4,134,0,3,16467,16467,12908,1019,100,2440,0,IN,IN,1972,7,1
"LACROSSE, WIS",1979,875,845,400,96,44,305,30,25,29992,29199,20103,2829,1664,4604,793,WI,WI,1972,7,1
"LAFAYETTE, LA",1979,2694,2694,1503,58,83,1050,0,34,92905,92905,71176,1274,2732,17723,0,LA,LA,Inf,-Inf,0
"LAFAYETTE-WEST LAFAYETTE, IND",1979,760,760,484,62,12,202,0,7,28848,28848,22391,1342,265,4850,0,IN,IN,1972,7,1
"LAKE CHARLES, LA",1979,594,594,339,24,99,132,0,4,22657,22657,15315,605,2140,4597,0,LA,LA,Inf,-Inf,0
"LAKELAND-WINTER HAVEN, FLA",1979,3898,3898,2554,570,248,526,0,57,108278,108278,83943,10756,4176,9403,0,FL,FL,Inf,-Inf,0
"LANCASTER, PA",1979,1783,1783,1317,42,27,397,0,47,67589,67589,60654,1027,579,5328,0,PA,PA,Inf,-Inf,0
"LANSING-EAST LANSING, MICH",1979,3986,3986,2237,122,190,1437,0,71,135041,135041,97525,4437,5168,27911,0,MI,MI,Inf,-Inf,0
"LAREDO, TEX",1979,523,523,362,4,4,153,0,4,14544,14544,12467,99,60,1919,0,TX,TX,Inf,-Inf,0
"LAS CRUCES, NMEX",1979,1043,1043,794,46,137,66,0,3,35643,35643,30700,1220,2958,765,0,NM,NM,Inf,-Inf,0
"LAS VEGAS, NEV",1979,12644,12644,7422,60,1120,4042,0,346,422327,422327,320685,1523,27473,72647,0,NV,NV,Inf,-Inf,0
"LAWRENCE, KANS",1979,604,604,307,62,51,184,0,10,21258,21258,14707,1560,931,4060,0,KS,KS,Inf,-Inf,0
"LAWRENCE-HAVERHILL, MASS-NH",1979,1437,1392,886,36,0,470,45,11,49458,49233,37755,764,0,10714,225,MA-NH,MA,1977,2,1
"LAWTON, OKLA",1979,961,961,531,12,19,399,0,21,28052,28052,21949,371,430,5302,0,OK,OK,Inf,-Inf,0
"LEWISTON-AUBURN, MAINE",1979,170,170,92,4,0,74,0,5,5595,5595,3671,112,0,1812,0,MN,MN,1973,6,1
"LEXINGTON-FAYETTE, KY",1979,2376,2376,1689,234,106,347,0,40,90566,90566,72120,7176,2250,9020,0,KY,KY,Inf,-Inf,0
"LIMA, OHIO",1979,823,823,497,98,77,151,0,15,29802,29802,23576,2714,1871,1642,0,OH,OH,Inf,-Inf,0
"LINCOLN, NEBR",1979,1485,1485,992,102,50,341,0,41,40933,40933,33115,2276,787,4754,0,NE,NE,Inf,-Inf,0
"LITTLE ROCK-NORTH LITTLE ROCK, ARK",1979,2059,2059,1533,32,151,343,0,39,90973,90973,77149,623,5416,7785,0,AR,AR,Inf,-Inf,0
"LONG BRANCH-ASBURY PARK, NJ",1979,2961,2961,2081,16,103,761,0,52,115119,115119,93986,340,3599,17194,0,NJ,NJ,1989,-10,0
"LONGVIEW-MARSHALL, TEX",1979,1444,1444,428,160,16,840,0,7,41437,41437,24056,4431,520,12429,0,TX,TX,Inf,-Inf,0
"LORAIN-ELYRIA, OHIO",1979,1687,1687,999,222,20,446,0,30,73302,73302,57092,6358,378,9474,0,OH,OH,Inf,-Inf,0
"LOS ANGELES-LONG BEACH, CALIF",1979,36579,36579,12620,1220,2479,20260,0,1638,1814133,1814133,843869,48776,92558,828930,0,CA,CA,1970,9,1
"LOUISVILLE, KY-IND",1979,4231,4231,3127,40,104,960,0,56,164756,164756,143710,945,2644,17457,0,KY-IN,KY,1972,7,1
"LOWELL, MASS-NH",1979,760,760,607,38,0,115,0,9,25968,25968,22421,779,0,2768,0,MA-NH,MA,1977,2,1
"LUBBOCK, TEX",1979,1296,1296,964,32,16,284,0,33,57771,57771,51729,897,470,4675,0,TX,TX,Inf,-Inf,0
"LYNCHBURG, VA",1979,1090,1090,620,22,32,416,0,11,34048,34048,24466,396,660,8526,0,VA,VA,1973,6,1
"MACON, GA",1979,1380,1380,923,34,43,380,0,42,45434,45434,35641,705,933,8156,0,GA,GA,1991,-12,0
"MADISON, WIS",1979,2802,2802,1488,276,88,950,0,50,102639,102639,75053,8161,2094,17330,0,WI,WI,1972,7,1
"MANCHESTER, NH",1979,1419,1419,728,96,14,581,0,21,41218,41218,30710,1780,185,8543,0,NH,NH,Inf,-Inf,0
"MANSFIELD, OHIO",1979,473,473,315,48,86,24,0,2,19966,19966,16902,1323,1461,280,0,OH,OH,Inf,-Inf,0
"MCALLEN-PHARR-EDINBURG, TEX",1979,1641,1641,1153,28,62,398,0,41,50315,50315,42319,592,1193,6211,0,TX,TX,Inf,-Inf,0
"MELBOURNE-TITUSVILLE-COCOA, FLA",1979,5273,5273,3718,116,181,1258,0,95,249138,249138,183288,4470,6112,55269,0,FL,FL,Inf,-Inf,0
"MEMPHIS, TENN-ARK-MISS",1979,4567,4567,3913,44,36,574,0,11,199580,199580,183240,1175,704,14462,0,TN-AR-MS,TN,Inf,-Inf,0
"MERIDEN, CONN",1979,303,303,201,2,0,100,0,1,5512,5512,4647,25,0,840,0,CT,CT,1973,6,1
"MIAMI, FLA",1979,19895,19895,9027,1432,750,8686,0,347,919818,919818,453514,43761,24743,398202,0,FL,FL,Inf,-Inf,0
"MIDLAND, TEX",1979,1574,1574,482,28,8,1056,0,7,47310,47310,29489,797,180,16844,0,TX,TX,Inf,-Inf,0
"MILWAUKEE, WIS",1979,5534,5534,2864,472,196,2002,0,115,226108,226108,165696,15744,5302,39366,0,WI,WI,1972,7,1
"MINNEAPOLIS-ST PAUL, MN-WI",1979,17628,17628,12264,974,664,3726,0,97,826808,826808,641193,34447,22327,128841,0,MN-WI,MN,1972,7,1
"MOBILE, ALA",1979,1924,1924,1131,44,43,706,0,53,41039,41039,25375,658,672,14333,0,AL,AL,Inf,-Inf,0
"MODESTO, CALIF",1979,3249,3249,2344,376,228,301,0,35,122246,122246,100626,10111,5672,5837,0,CA,CA,1970,9,1
"MONROE, LA",1979,1389,1389,1019,138,127,105,0,13,57241,57241,49547,3352,2717,1625,0,LA,LA,Inf,-Inf,0
"MONTGOMERY, ALA",1979,2093,2093,1372,0,0,721,0,77,58450,58450,46118,0,0,12332,0,AL,AL,Inf,-Inf,0
"MUNCIE, IND",1979,297,297,261,10,0,26,0,3,12913,12913,12237,207,0,469,0,IN,IN,1972,7,1
"MUSKEGON-NORTON SHORES-MUSKEGON HEIGHTS, MICH",1979,674,674,620,10,12,32,0,2,24745,24745,23650,240,175,680,0,MI,MI,Inf,-Inf,0
"NASHUA, NH",1979,1334,1334,826,54,0,454,0,26,57368,57368,42698,1272,0,13398,0,NH,NH,Inf,-Inf,0
"NASHVILLE-DAVIDSON, TENN",1979,6894,6894,4252,682,51,1909,0,48,218055,218055,159261,17978,1148,39667,0,TN,TN,Inf,-Inf,0
"NEW YORK, NY-NJ",1979,18417,18417,9133,1614,467,7203,0,174,567235,567235,363709,37300,10563,155664,0,NY-NJ,NY,1975,4,1
"NEW BEDFORD, MASS",1979,866,866,432,0,0,434,0,3,29460,29460,14258,0,0,15202,0,MA,MA,1977,2,1
"NEW BRITAIN, CONN",1979,501,501,398,32,3,68,0,2,11948,11948,10478,546,63,862,0,CT,CT,1973,6,1
"NEW BRUNSWICK-PERTH AMBOY-SAYREVILLE, NJ",1979,4516,4516,2099,96,9,2312,0,107,125245,125245,75429,2022,190,47604,0,NJ,NJ,1989,-10,0
"NEW HAVEN-WEST HAVEN, CONN",1979,2904,2904,1203,64,132,1505,0,80,78664,78664,45079,1634,4324,27626,0,CT,CT,1973,6,1
"NEW LONDON-GROTON-NORWICH, CONN",1979,853,853,738,20,0,95,0,6,32115,32115,29817,429,0,1869,0,CT,CT,1973,6,1
"NEW ORLEANS, LA",1979,9300,9300,5360,566,817,2557,0,41,298845,298845,208345,13349,17043,60108,0,LA,LA,Inf,-Inf,0
"NEWARK, NJ",1979,5315,5315,3155,178,72,1910,0,81,228968,228968,173819,4689,1209,49252,0,NJ,NJ,1989,-10,0
"NEWPORT NEWS-HAMPTON, VA",1979,2472,2472,1628,26,4,814,0,98,86184,86184,70504,598,65,15018,0,VA,VA,1973,6,1
"NORFOLK-VIRGINIA BEACH-PORTSMOUTH, VA-NC",1979,7206,7206,4067,340,359,2440,0,200,257312,257312,186315,8860,8404,53734,0,VA-NC,VA,1971,8,1
"NORTHEAST PENNSYLVANIA, PA",1979,1859,1859,1709,56,71,23,0,3,62541,62541,60065,764,1415,297,0,PA,PA,Inf,-Inf,0
"NORWALK, CONN",1979,488,488,219,42,7,220,0,18,25007,25007,17748,1341,227,5690,0,CT,CT,1973,6,1
"ODESSA, TEX",1979,457,457,232,8,21,196,0,5,19148,19148,12835,403,810,5100,0,TX,TX,Inf,-Inf,0
"OKLAHOMA CITY, OKLA",1979,6835,6835,5461,584,133,657,0,22,312489,312489,281088,19252,2859,9290,0,OK,OK,Inf,-Inf,0
"OMAHA, NEBR-IOWA",1979,3125,3125,2734,120,57,214,0,11,71931,71931,65358,2538,1324,2711,0,NE-IA,NE,Inf,-Inf,0
"ORLANDO, FLA",1979,11205,11205,8856,490,168,1691,0,180,348889,348889,303976,9758,2685,32470,0,FL,FL,Inf,-Inf,0
"OWENSBORO, KY",1979,912,912,336,144,124,308,0,32,20659,20659,11969,3007,2183,3500,0,KY,KY,Inf,-Inf,0
"OXNARD-SIMI VALLEY- VENTURA, CALIF",1979,5863,5863,4679,198,366,620,0,86,369162,369162,323516,5874,14927,24844,0,CA,CA,1970,9,1
"PANAMA CITY, FLA",1979,1244,1244,885,112,64,183,0,7,33773,33773,26447,1969,1018,4338,0,FL,FL,Inf,-Inf,0
"PARKERSBURG-MARIETTA, WVA-OHIO",1979,256,256,144,16,39,57,0,5,6439,6439,5030,350,569,490,0,WV-OH,WV,Inf,-Inf,0
"PASCAGOULA-MOSS POINT, MISS",1979,507,507,507,0,0,0,0,0,11389,11389,11389,0,0,0,0,MS,MS,Inf,-Inf,0
"PATERSON-CLIFTON-PASSAIC, NJ",1979,791,791,476,58,0,257,0,6,33440,33440,25810,1710,0,5920,0,NJ,NJ,1989,-10,0
"PENSACOLA, FLA",1979,2878,2878,2142,214,62,460,0,30,86213,86213,74986,3982,995,6251,0,FL,FL,Inf,-Inf,0
"PEORIA, ILL",1979,2037,2037,969,64,91,913,0,26,74538,74538,50671,2021,2114,19731,0,IL,IL,Inf,-Inf,0
"PETERSBURG-COLONIAL HEIGHTS-HOPEWELL, VA",1979,543,543,535,8,0,0,0,0,17113,17113,17011,102,0,0,0,VA,VA,1973,6,1
"PHILADELPHIA, PA-NJ",1979,20174,20174,15310,996,168,3700,0,117,672029,672029,577828,17100,3514,73588,0,PA-NJ,PA,1989,-10,0
"PHOENIX, ARIZ",1979,34359,34359,21536,332,1070,11421,0,413,920328,920328,730009,6605,21341,162373,0,AZ,AZ,Inf,-Inf,0
"PINE BLUFF, ARK",1979,507,507,171,6,8,322,0,13,10491,10491,6415,121,180,3775,0,AR,AR,Inf,-Inf,0
"PITTSBURGH, PA",1979,7619,7619,4744,98,191,2586,0,129,281554,281554,214152,2478,3200,61723,0,PA,PA,Inf,-Inf,0
"PITTSFIELD, MASS",1979,110,110,110,0,0,0,0,0,4714,4714,4714,0,0,0,0,MA,MA,1977,2,1
"PORTLAND, MAINE",1979,971,971,587,20,28,336,0,31,36140,36140,25847,433,1148,8713,0,MN,MN,1973,6,1
"PORTLAND, OREG-WASH",1979,14391,14391,8032,1064,897,4398,0,389,539527,539527,396375,29684,19920,93547,0,OR-WA,OR,1971,8,1
"POUGHKEEPSIE, NY",1979,785,785,666,0,16,103,0,1,30667,30667,28196,0,471,2000,0,NY,NY,1975,4,1
"PROVIDENCE-PAWTUCKET-WARWICK, RI-MASS",1979,4934,4934,2866,170,92,1806,0,47,137656,137656,102726,2735,2154,30041,0,RI-MA,RI,1977,2,1
"PROVO-OREM, UTAH",1979,2475,2475,1875,84,133,383,0,23,101681,101681,89636,2332,2515,7199,0,UT,UT,Inf,-Inf,0
"PUEBLO, COLO",1979,1104,1104,913,38,103,50,0,6,27466,27466,24458,895,1563,550,0,CO,CO,Inf,-Inf,0
"RACINE, WIS",1979,811,811,296,46,0,469,0,34,29724,29724,16725,1259,0,11740,0,WI,WI,1972,7,1
"RALEIGH-DURHAM, NC",1979,6369,6314,4166,272,191,1685,55,166,202044,200755,167816,6782,3935,22223,1290,NC,NC,1971,8,1
"RAPID CITY, SDAK",1979,698,698,616,6,24,52,0,3,26268,26268,24891,130,512,734,0,SD,SD,1974,5,1
"READING, PA",1979,1333,1333,1040,6,13,274,0,7,45479,45479,40325,177,218,4759,0,PA,PA,Inf,-Inf,0
"RENO, NEV",1979,4145,4145,2444,140,277,1284,0,45,170460,170460,123679,6716,12183,27882,0,NV,NV,Inf,-Inf,0
"RICHLAND-KENNEWICK-PASCO, WASH",1979,2562,2532,1048,158,248,1078,30,83,80815,80309,50373,4423,6119,19395,506,WA,WA,1971,8,1
"RICHMOND, VA",1979,6150,6150,5673,26,3,448,0,47,166631,166631,160571,838,15,5207,0,VA,VA,1973,6,1
"RIVERSIDE-SAN BERNARDINO-ONTARIO, CALIF",1979,28051,28051,19923,848,1602,5678,0,450,1200783,1200783,965254,38105,48767,148656,0,CA,CA,1970,9,1
"ROANOKE, VA",1979,1234,1234,825,48,10,351,0,9,39108,39108,32218,717,151,6022,0,VA,VA,1973,6,1
"ROCHESTER, MINN",1979,703,703,384,84,48,187,0,25,27444,27444,19177,2173,979,5116,0,MN,MN,1973,6,1
"ROCHESTER, NY",1979,2909,2909,2466,40,104,299,0,19,125951,125951,116724,1380,2088,5759,0,NY,NY,1975,4,1
"ROCKFORD, ILL",1979,2115,2115,1126,58,120,811,0,54,66208,66208,45680,1829,3221,15477,0,IL,IL,Inf,-Inf,0
"SACRAMENTO, CALIF",1979,17593,17593,12640,1304,754,2895,0,282,503274,503274,409935,26458,15252,51629,0,CA,CA,1970,9,1
"SAGINAW, MICH",1979,1250,1250,708,146,0,396,0,10,41316,41316,29803,3844,0,7669,0,MI,MI,Inf,-Inf,0
"ST CLOUD, MINN",1979,1647,1647,998,14,15,620,0,28,54060,54060,40161,315,493,13091,0,MN,MN,1973,6,1
"ST JOSEPH, MO",1979,240,240,212,4,4,20,0,1,7780,7780,7214,74,65,427,0,MO,MO,Inf,-Inf,0
"ST LOUIS, MO-ILL",1979,10771,10771,8286,266,265,1954,0,155,396120,396120,343467,7330,6561,38762,0,MO-IL,MO,Inf,-Inf,0
"SALEM, OREG",1979,2941,2941,1942,160,273,566,0,53,93890,93890,76336,3375,5047,9132,0,OR,OR,Inf,-Inf,0
"SALINAS-SEASIDE-MONTEREY, CALIF",1979,1916,1916,1170,62,211,473,0,32,108410,108410,85495,2243,6926,13746,0,CA,CA,1970,9,1
"SALT LAKE CITY-OGDEN, UTAH",1979,10302,10302,7399,524,607,1772,0,145,381059,381059,310965,13914,17912,38268,0,UT,UT,Inf,-Inf,0
"SAN ANGELO, TEX",1979,757,757,317,18,20,402,0,3,14176,14176,9277,298,394,4207,0,TX,TX,Inf,-Inf,0
"SAN ANTONIO, TEX",1979,9486,9486,3348,90,10,6038,0,505,190206,190206,114611,1816,105,73674,0,TX,TX,Inf,-Inf,0
"SAN DIEGO, CALIF",1979,19185,19185,9857,1126,1561,6641,0,655,945571,945571,643677,46260,57325,198309,0,CA,CA,1970,9,1
"SAN FRANCISCO-OAKLAND, CALIF",1979,18189,18189,11859,498,758,5074,0,255,1045890,1045890,779197,28912,34950,202831,0,CA,CA,1970,9,1
"SAN JOSE, CALIF",1979,8115,8115,6124,244,555,1192,0,91,448061,448061,383648,9266,20552,34595,0,CA,CA,1970,9,1
"SANTA BARBARA-SANTA MARIA-LOMPOC, CALIF",1979,2329,2329,1644,92,240,353,0,38,139393,139393,115096,3609,9002,11685,0,CA,CA,1970,9,1
"SANTA CRUZ, CALIF",1979,1611,1611,1154,166,150,141,0,22,86575,86575,69455,6482,5104,5534,0,CA,CA,1970,9,1
"SANTA ROSA, CALIF",1979,4072,4072,3091,126,200,655,0,99,199305,199305,167871,4054,5152,22228,0,CA,CA,1970,9,1
"SARASOTA, FLA",1979,6168,6168,3840,358,156,1814,0,141,156224,156224,107272,6680,3417,38855,0,FL,FL,Inf,-Inf,0
"SAVANNAH, GA",1979,1668,1668,999,38,63,568,0,29,47688,47688,38358,969,1247,7114,0,GA,GA,1991,-12,0
"SEATTLE-EVERETT, WASH",1979,22917,22867,11299,632,1264,9672,50,761,862820,860128,531788,18728,36915,272697,2691,WA,WA,1971,8,1
"SHERMAN-DENISON, TEX",1979,890,890,235,10,0,645,0,7,17842,17842,9120,249,0,8473,0,TX,TX,Inf,-Inf,0
"SHREVEPORT, LA",1979,1463,1463,1103,16,54,290,0,5,58201,58201,53111,450,525,4115,0,LA,LA,Inf,-Inf,0
"SIOUX CITY, IOWA-NEBR",1979,372,372,238,10,0,124,0,3,12717,12717,8950,304,0,3462,0,IA-NE,IA,Inf,-Inf,0
"SIOUX FALLS, SDAK",1979,1106,1106,768,34,16,288,0,20,31836,31836,26564,919,342,4011,0,SD,SD,1974,5,1
"SOUTH BEND, IND",1979,1305,1305,1050,44,31,180,0,20,60392,60392,54835,1182,939,3436,0,IN,IN,1972,7,1
"SPOKANE, WASH",1979,3848,3848,1967,272,245,1364,0,88,158512,158512,116424,9317,6582,26189,0,WA,WA,1971,8,1
"SPRINGFIELD, ILL",1979,1119,1119,632,58,67,362,0,22,41377,41377,28708,1954,1581,9135,0,IL,IL,Inf,-Inf,0
"SPRINGFIELD, MO",1979,1380,1380,1024,46,83,227,0,22,46124,46124,38357,1054,1710,5003,0,MO,MO,Inf,-Inf,0
"SPRINGFIELD, OHIO",1979,330,330,213,24,34,59,0,9,9844,9844,7986,667,590,601,0,OH,OH,Inf,-Inf,0
"SPRINGFIELD-CHICOPEE-HOLYOKE, MASS-CONN",1979,1904,1904,984,62,3,855,0,38,60742,60742,35558,1548,92,23545,0,MA-CT,MA,1973,6,1
"STAMFORD, CONN",1979,1065,1065,263,50,44,708,0,29,53863,53863,23938,2028,2218,25680,0,CT,CT,1973,6,1
"STEUBENVILLE-WEIRTON, OHIO-WVA",1979,455,455,196,18,4,237,0,5,14621,14621,8481,350,50,5740,0,OH-WV,OH,Inf,-Inf,0
"STOCKTON, CALIF",1979,4877,4877,2823,810,438,806,0,26,207561,207561,148197,28479,13248,17637,0,CA,CA,1970,9,1
"SYRACUSE, NY",1979,1850,1850,1223,16,8,603,0,22,54906,54906,42298,244,112,12252,0,NY,NY,1975,4,1
"TACOMA, WASH",1979,6209,6209,3999,308,530,1372,0,115,261728,261728,204287,8967,15528,32947,0,WA,WA,1971,8,1
"TALLAHASSEE, FLA",1979,2392,2392,1497,178,285,432,0,7,72210,72210,57927,3621,5221,5442,0,FL,FL,Inf,-Inf,0
"TAMPA-ST PETERSBURG, FLA",1979,25406,25406,17642,1004,1084,5676,0,379,707270,707270,531515,18335,23287,134132,0,FL,FL,Inf,-Inf,0
"TERRE HAUTE, IND",1979,558,558,280,48,108,122,0,8,16461,16461,12029,638,1782,2012,0,IN,IN,1972,7,1
"TEXARKANA, TEX-ARK",1979,382,382,192,54,0,136,0,13,9615,9615,6866,1099,0,1650,0,TX-AR,TX,Inf,-Inf,0
"TOLEDO, OHIO-MICH",1979,4373,4373,2221,188,141,1823,0,88,154046,154046,120837,6264,4225,22721,0,OH-MI,OH,Inf,-Inf,0
"TOPEKA, KANS",1979,958,958,657,74,83,144,0,5,38389,38389,31372,2636,2124,2257,0,KS,KS,Inf,-Inf,0
"TRENTON, NJ",1979,798,798,632,4,0,162,0,9,36707,36707,33397,102,0,3208,0,NJ,NJ,1989,-10,0
"TUCSON, ARIZ",1979,11255,11255,7264,202,246,3543,0,74,314145,314145,245566,4656,4315,59608,0,AZ,AZ,Inf,-Inf,0
"TULSA, OKLA",1979,6468,6468,4081,260,98,2029,0,142,241442,241442,191464,8503,2359,39116,0,OK,OK,Inf,-Inf,0
"TUSCALOOSA, ALA",1979,573,573,456,0,76,41,0,4,15553,15553,13982,0,1072,498,0,AL,AL,Inf,-Inf,0
"TYLER, TEX",1979,648,648,255,12,42,339,0,5,24096,24096,16911,584,607,5994,0,TX,TX,Inf,-Inf,0
"UTICA-ROME, NY",1979,592,592,411,6,0,175,0,4,18432,18432,13494,90,0,4848,0,NY,NY,1975,4,1
"VALLEJO-FAIRFIELD-NAPA, CALIF",1979,3855,3855,3113,148,145,449,0,42,204108,204108,180889,4742,4975,13501,0,CA,CA,1970,9,1
"VINELAND-MILLVILLE-BRIDGETON, NJ",1979,292,292,232,10,50,0,0,0,11386,11386,9446,140,1800,0,0,NJ,NJ,1989,-10,0
"WACO, TEX",1979,989,989,618,54,13,304,0,10,37087,37087,31773,1265,239,3810,0,TX,TX,Inf,-Inf,0
"WASHINGTON, DC-MD-VA",1979,21945,21921,17472,46,31,4372,24,155,871764,870736,744617,1506,1051,123562,1028,DC-MD-VA,DC,1973,6,1
"WATERBURY, CONN",1979,873,873,700,32,8,133,0,19,32419,32419,28438,832,289,2861,0,CT,CT,1973,6,1
"WATERLOO-CEDAR FALLS, IOWA",1979,782,782,362,10,20,390,0,31,23928,23928,16084,315,356,7174,0,IA,IA,Inf,-Inf,0
"WEST PALM BEACH-BOCA RATON, FLA",1979,26386,26386,11077,1306,2520,11483,0,591,878292,878292,453657,32445,66050,326140,0,FL,FL,Inf,-Inf,0
"WHEELING, WVA-OHIO",1979,188,188,94,4,0,90,0,9,5561,5561,4088,60,0,1412,0,WV-OH,WV,Inf,-Inf,0
"WICHITA, KANS",1979,4165,4165,1983,344,146,1692,0,96,122087,122087,85149,10631,3502,22804,0,KS,KS,Inf,-Inf,0
"WICHITA FALLS, TEX",1979,1887,1887,713,10,12,1152,0,8,35583,35583,20667,222,203,14491,0,TX,TX,Inf,-Inf,0
"WILLIAMSPORT, PA",1979,373,373,188,6,0,179,0,3,11199,11199,6624,85,0,4490,0,PA,PA,Inf,-Inf,0
"WILMINGTON, DEL-NJ-MD",1979,2263,2263,1679,2,116,466,0,10,68629,68629,55929,60,1838,10802,0,DEL-NJ-MD,DE,1973,6,1
"WILMINGTON, NC",1979,1405,1405,1264,26,0,115,0,7,42458,42458,38485,673,0,3300,0,NC,NC,1971,8,1
"WORCESTER, MASS",1979,1071,1071,644,2,0,425,0,21,33717,33717,26086,35,0,7596,0,MA,MA,1977,2,1
"YAKIMA, WASH",1979,859,859,601,52,6,200,0,19,35661,35661,29311,1666,122,4562,0,WA,WA,1971,8,1
"YORK, PA",1979,2093,2093,1835,14,11,233,0,23,73154,73154,69139,274,170,3571,0,PA,PA,Inf,-Inf,0
"YOUNGSTOWN-WARREN, OHIO",1979,1779,1779,1221,80,94,384,0,29,63508,63508,49745,2255,2183,9326,0,OH,OH,Inf,-Inf,0
